customer_id,recency,frequency,monetary,tenure,avg_order_value,n_items,n_products,purchase_rate,avg_gap
12346.0,326,12,77556.46,726,6463.038333333334,74285,27,0.49586776859504134,60.5
12347.0,2,8,5633.32,404,704.165,3286,126,0.594059405940594,50.5
12348.0,75,5,2019.4,438,403.88,2714,25,0.3424657534246575,87.6
12349.0,19,4,4428.69,589,1107.1725,1624,138,0.2037351443123939,147.25
12350.0,310,1,334.4,310,334.4,197,17,0.0967741935483871,310.0
12351.0,375,1,300.93,375,300.93,261,21,0.08,375.0
12352.0,36,10,2849.84,393,284.98400000000004,724,70,0.7633587786259541,39.3
12353.0,204,2,406.76,409,203.38,212,23,0.1466992665036675,204.5
12354.0,232,1,1079.4,232,1079.4,530,58,0.12931034482758622,232.0
12355.0,214,2,947.61,568,473.805,543,35,0.1056338028169014,284.0
12356.0,23,6,6373.68,425,1062.28,3417,104,0.4235294117647059,70.83333333333333
12357.0,33,3,18287.66,389,6095.886666666666,6587,261,0.23136246786632392,129.66666666666666
12358.0,2,5,3887.07,732,777.414,1079,56,0.20491803278688525,146.4
12359.0,58,10,8935.94,734,893.594,2752,305,0.4087193460490463,73.4
12360.0,52,8,4252.89,656,531.61125,2459,160,0.36585365853658536,82.0
12361.0,287,4,511.25,682,127.8125,235,18,0.17595307917888564,170.5
12362.0,3,11,5356.23,739,486.92999999999995,2230,201,0.4465493910690122,67.18181818181819
12363.0,110,2,552.0,242,276.0,408,23,0.24793388429752067,121.0
12364.0,8,4,1313.1,112,328.275,1506,70,1.0714285714285714,28.0
12365.0,291,2,641.38,291,320.69,174,22,0.20618556701030927,145.5
12366.0,634,1,500.24,634,500.24,296,3,0.0473186119873817,634.0
12367.0,4,1,168.9,4,168.9,173,11,7.5,4.0
12368.0,628,1,917.6999999999999,628,917.6999999999999,330,18,0.04777070063694268,628.0
12369.0,413,3,1791.15,642,597.0500000000001,1241,90,0.14018691588785046,214.0
12370.0,51,7,4320.31,669,617.1871428571429,2605,168,0.31390134529147984,95.57142857142857
12371.0,45,5,4067.38,645,813.476,1436,134,0.23255813953488372,129.0
12372.0,72,3,1298.04,297,432.68,794,34,0.30303030303030304,99.0
12373.0,311,3,1127.65,674,375.8833333333334,516,36,0.13353115727002968,224.66666666666666
12374.0,25,4,2989.2200000000003,588,747.3050000000001,1362,79,0.20408163265306123,147.0
12375.0,11,2,457.5,98,228.75,178,14,0.6122448979591836,49.0
12376.0,390,2,503.15,418,251.575,240,11,0.14354066985645933,209.0
12377.0,315,4,3426.32,589,856.58,2105,129,0.2037351443123939,147.25
12378.0,130,2,5416.32,562,2708.16,3316,281,0.10676156583629892,281.0
12379.0,82,4,1620.22,535,405.055,815,58,0.22429906542056074,133.75
12380.0,22,11,9676.300000000001,663,879.6636363636364,3355,156,0.497737556561086,60.27272727272727
12381.0,5,5,1845.31,120,369.062,808,70,1.25,24.0
12383.0,185,5,1850.56,352,370.11199999999997,1532,84,0.42613636363636365,70.4
12384.0,29,2,585.27,122,292.635,126,26,0.49180327868852464,61.0
12385.0,379,1,1938.4,379,1938.4,612,65,0.07915567282321899,379.0
12386.0,338,2,660.8,367,330.4,568,10,0.16348773841961853,183.5
12387.0,415,1,143.94,415,143.94,134,9,0.07228915662650603,415.0
12388.0,16,8,3901.11,582,487.63875,2001,83,0.41237113402061853,72.75
12389.0,403,3,1433.33,656,477.77666666666664,614,41,0.1371951219512195,218.66666666666666
12390.0,80,1,549.84,80,549.84,353,32,0.375,80.0
12391.0,22,6,2773.42,663,462.2366666666667,1220,241,0.2714932126696833,110.5
12392.0,591,1,234.75000000000003,591,234.75000000000003,73,7,0.050761421319796954,591.0
12393.0,72,6,2399.4500000000003,428,399.90833333333336,1311,63,0.4205607476635514,71.33333333333333
12394.0,64,2,1272.48,217,636.24,819,26,0.2764976958525346,108.5
12395.0,19,15,5067.27,603,337.81800000000004,3733,145,0.746268656716418,40.2
12396.0,674,1,931.43,674,931.43,591,65,0.04451038575667656,674.0
12397.0,36,2,2409.9,135,1204.95,1263,110,0.4444444444444445,67.5
12398.0,46,1,1635.6599999999999,46,1635.6599999999999,1394,85,0.6521739130434783,46.0
12399.0,119,7,1962.3,645,280.3285714285714,2198,67,0.32558139534883723,92.14285714285714
12400.0,414,1,205.25,414,205.25,91,11,0.07246376811594203,414.0
12401.0,303,1,84.3,303,84.3,11,5,0.09900990099009901,303.0
12402.0,323,6,1256.9,671,209.48333333333335,584,43,0.26825633383010433,111.83333333333333
12403.0,50,2,1019.36,522,509.68,260,5,0.11494252873563218,261.0
12404.0,682,1,63.24,682,63.24,1,1,0.04398826979472141,682.0
12405.0,149,1,1710.39,149,1710.39,857,54,0.20134228187919462,149.0
12406.0,22,5,6390.36,697,1278.072,3416,114,0.2152080344332855,139.4
12407.0,50,5,1708.1200000000001,264,341.624,1416,57,0.5681818181818182,52.8
12408.0,33,8,4340.7699999999995,498,542.5962499999999,2229,104,0.48192771084337344,62.25
12409.0,79,7,23419.29,565,3345.612857142857,13143,177,0.37168141592920356,80.71428571428571
12410.0,309,3,1013.71,502,337.90333333333336,341,36,0.17928286852589642,167.33333333333334
12411.0,410,1,346.9,410,346.9,138,22,0.07317073170731707,410.0
12412.0,75,6,2596.93,539,432.82166666666666,1997,82,0.3339517625231911,89.83333333333333
12413.0,67,4,999.45,402,249.8625,319,41,0.29850746268656714,100.5
12414.0,217,6,952.41,464,158.73499999999999,495,21,0.3879310344827586,77.33333333333333
12415.0,24,28,144458.37,528,5159.2275,91447,498,1.590909090909091,18.857142857142858
12416.0,657,1,202.56,657,202.56,132,11,0.045662100456621,657.0
12417.0,3,20,6816.91,734,340.8455,2890,270,0.8174386920980926,36.7
12418.0,113,4,2021.2,630,505.3,1088,90,0.19047619047619047,157.5
12419.0,386,2,503.01,414,251.505,231,23,0.14492753623188406,207.0
12420.0,64,1,600.39,64,600.39,345,29,0.46875,64.0
12421.0,16,6,1098.6,505,183.1,652,44,0.3564356435643564,84.16666666666667
12422.0,96,17,5231.8,722,307.7529411764706,2596,137,0.7063711911357341,42.470588235294116
12423.0,1,10,2622.39,466,262.239,1793,128,0.6437768240343348,46.6
12424.0,163,4,3340.03,548,835.0075,2025,78,0.218978102189781,137.0
12425.0,78,2,1741.41,448,870.705,1147,87,0.13392857142857142,224.0
12426.0,195,2,1345.21,663,672.605,584,73,0.09049773755656108,331.5
12427.0,22,3,1129.3,372,376.43333333333334,612,26,0.24193548387096775,124.0
12428.0,26,9,7956.46,284,884.0511111111111,3536,258,0.9507042253521126,31.555555555555557
12429.0,9,8,7485.91,546,935.73875,3344,124,0.43956043956043955,68.25
12430.0,43,1,256.4,43,256.4,117,11,0.6976744186046512,43.0
12431.0,36,27,10857.97,694,402.147037037037,4717,244,1.1671469740634006,25.703703703703702
12432.0,43,5,5059.32,172,1011.8639999999999,1801,107,0.872093023255814,34.4
12433.0,1,10,20581.26,477,2058.1259999999997,17116,285,0.628930817610063,47.7
12434.0,85,3,1103.43,381,367.81,532,62,0.23622047244094488,127.0
12435.0,80,6,13925.93,737,2320.9883333333332,4958,88,0.24423337856173674,122.83333333333333
12436.0,100,1,509.01,100,509.01,211,16,0.3,100.0
12437.0,2,39,12683.4,737,325.2153846153846,8000,273,1.587516960651289,18.897435897435898
12438.0,14,2,2906.85,140,1453.425,1180,84,0.42857142857142855,70.0
12439.0,683,2,1158.18,726,579.09,484,69,0.08264462809917356,363.0
12440.0,462,2,859.2,718,429.6,331,21,0.08356545961002786,359.0
12441.0,367,1,347.1,367,347.1,242,11,0.08174386920980926,367.0
12442.0,3,1,172.06,3,172.06,182,12,10.0,3.0
12443.0,732,1,485.31,732,485.31,182,21,0.040983606557377046,732.0
12444.0,21,5,5005.46,171,1001.092,1153,138,0.8771929824561403,34.2
12445.0,22,2,434.98,421,217.49,206,24,0.14251781472684086,210.5
12446.0,58,1,1002.3100000000001,58,1002.3100000000001,351,57,0.5172413793103449,58.0
12447.0,243,1,476.49,243,476.49,190,26,0.1234567901234568,243.0
12448.0,44,1,449.45,44,449.45,243,22,0.6818181818181819,44.0
12449.0,22,6,4835.89,439,805.9816666666667,2282,125,0.4100227790432802,73.16666666666667
12450.0,156,5,688.2,474,137.64000000000001,442,31,0.3164556962025316,94.8
12451.0,11,8,12669.88,529,1583.735,9359,352,0.45368620037807184,66.125
12452.0,17,2,430.57,17,215.285,185,21,3.5294117647058822,8.5
12453.0,134,1,707.09,134,707.09,473,43,0.22388059701492538,134.0
12454.0,56,5,16679.78,421,3335.9559999999997,7703,24,0.3562945368171021,84.2
12455.0,73,10,5879.95,722,587.995,3302,199,0.4155124653739612,72.2
12456.0,44,3,3181.04,255,1060.3466666666666,1633,105,0.3529411764705882,85.0
12457.0,66,8,2995.91,435,374.48875,1094,63,0.5517241379310345,54.375
12458.0,71,4,1777.49,488,444.3725,986,71,0.24590163934426232,122.0
12459.0,605,1,454.36,605,454.36,258,23,0.049586776859504134,605.0
12460.0,456,1,326.65,456,326.65,170,18,0.06578947368421052,456.0
12461.0,94,2,826.88,155,413.44,287,35,0.3870967741935484,77.5
12462.0,19,2,1189.59,303,594.795,536,51,0.19801980198019803,151.5
12463.0,53,4,1344.78,242,336.195,776,65,0.49586776859504134,60.5
12464.0,10,8,1212.05,309,151.50625,112,6,0.7766990291262136,38.625
12465.0,17,2,742.1899999999999,169,371.09499999999997,479,46,0.35502958579881655,84.5
12466.0,682,1,56.73,682,56.73,1,1,0.04398826979472141,682.0
12467.0,423,1,132.8,423,132.8,129,9,0.07092198581560283,423.0
12468.0,188,5,3670.74,683,734.1479999999999,2201,127,0.21961932650073207,136.6
12469.0,523,2,3070.54,537,1535.27,2552,76,0.11173184357541899,268.5
12470.0,690,1,211.95,690,211.95,95,23,0.043478260869565216,690.0
12471.0,2,79,39963.79,733,505.8707594936709,16882,255,3.233287858117326,9.278481012658228
12472.0,32,19,17880.59,726,941.0836842105264,11350,397,0.7851239669421488,38.21052631578947
12473.0,29,5,3938.5499999999997,192,787.7099999999999,2439,140,0.78125,38.4
12474.0,17,31,12424.45,667,400.7887096774194,7954,369,1.394302848575712,21.516129032258064
12475.0,54,2,1149.64,410,574.82,771,54,0.14634146341463414,205.0
12476.0,16,23,14115.41,502,613.7134782608696,5645,358,1.3745019920318726,21.82608695652174
12477.0,23,9,20276.37,623,2252.93,6119,295,0.4333868378812199,69.22222222222223
12478.0,4,1,680.99,4,680.99,236,36,7.5,4.0
12479.0,11,1,527.2,11,527.2,385,31,2.7272727272727275,11.0
12480.0,28,7,5464.85,507,780.6928571428572,2952,177,0.41420118343195267,72.42857142857143
12481.0,23,15,12361.39,607,824.0926666666667,7253,248,0.7413509060955519,40.46666666666667
12482.0,576,29,23691.4,654,816.944827586207,27042,42,1.3302752293577982,22.551724137931036
12483.0,17,19,5120.58,677,269.5042105263158,2172,68,0.8419497784342688,35.63157894736842
12484.0,33,12,6370.15,681,530.8458333333333,3271,329,0.5286343612334802,56.75
12485.0,529,1,708.1,529,708.1,414,34,0.05671077504725898,529.0
12486.0,432,1,1037.28,432,1037.28,523,49,0.06944444444444445,432.0
12487.0,731,1,285.29999999999995,731,285.29999999999995,174,2,0.04103967168262654,731.0
12488.0,10,3,1298.66,76,432.8866666666667,529,46,1.1842105263157894,25.333333333333332
12489.0,336,1,334.93,336,334.93,105,15,0.08928571428571427,336.0
12490.0,5,21,9823.64,738,467.79238095238094,5906,195,0.8536585365853658,35.142857142857146
12491.0,39,1,460.40000000000003,39,460.40000000000003,260,25,0.7692307692307692,39.0
12492.0,63,3,715.21,403,238.40333333333334,444,38,0.22332506203473945,134.33333333333334
12493.0,166,2,433.74,197,216.87,207,20,0.3045685279187817,98.5
12494.0,16,9,1872.8700000000001,576,208.0966666666667,988,83,0.46875,64.0
12495.0,641,1,357.4,641,357.4,130,17,0.046801872074883,641.0
12496.0,620,2,54.09,620,27.045,33,10,0.0967741935483871,310.0
12497.0,82,3,6248.5,645,2082.8333333333335,5685,41,0.13953488372093023,215.0
12498.0,21,3,403.70000000000005,58,134.5666666666667,159,21,1.5517241379310345,19.333333333333332
12499.0,560,1,393.72,560,393.72,302,27,0.05357142857142857,560.0
12500.0,23,19,5955.21,673,313.4321052631579,3377,88,0.8469539375928677,35.421052631578945
12501.0,337,1,2169.39,337,2169.39,1783,149,0.08902077151335312,337.0
12502.0,96,5,3723.87,310,744.774,820,102,0.4838709677419355,62.0
12503.0,584,1,1126.0,584,1126.0,561,2,0.05136986301369863,584.0
12504.0,18,4,779.05,597,194.7625,458,11,0.20100502512562815,149.25
12505.0,409,1,955.2,409,955.2,324,42,0.07334963325183375,409.0
12506.0,233,1,73.5,233,73.5,23,23,0.12875536480686695,233.0
12507.0,134,4,1844.06,585,461.015,1256,46,0.20512820512820512,146.25
12508.0,26,2,398.27,29,199.135,272,57,2.0689655172413794,14.5
12509.0,284,1,176.5,284,176.5,55,7,0.1056338028169014,284.0
12510.0,143,9,5178.02,735,575.3355555555556,2049,94,0.36734693877551017,81.66666666666667
12511.0,429,1,3084.02,429,3084.02,1753,190,0.06993006993006994,429.0
12512.0,66,2,138.03,66,69.015,99,31,0.9090909090909092,33.0
12513.0,113,1,612.29,113,612.29,462,35,0.2654867256637168,113.0
12514.0,267,2,1597.76,642,798.88,840,76,0.09345794392523364,321.0
12515.0,353,1,383.7,353,383.7,131,16,0.08498583569405099,353.0
12516.0,78,4,2648.62,599,662.155,1952,49,0.2003338898163606,149.75
12517.0,28,5,2502.84,190,500.56800000000004,1371,232,0.7894736842105263,38.0
12518.0,1,5,2056.89,110,411.378,1318,84,1.3636363636363638,22.0
12519.0,64,2,726.54,477,363.27,395,34,0.12578616352201258,238.5
12520.0,79,5,2634.26,274,526.8520000000001,1439,121,0.5474452554744526,54.8
12521.0,143,1,599.68,143,599.68,309,38,0.2097902097902098,143.0
12522.0,39,2,192.72,51,96.36,194,11,1.1764705882352942,25.5
12523.0,19,23,4372.15,732,190.09347826086955,2275,176,0.9426229508196722,31.82608695652174
12524.0,9,17,11126.11,669,654.4770588235294,7178,157,0.7623318385650224,39.35294117647059
12525.0,498,3,973.73,647,324.57666666666665,509,56,0.1391035548686244,215.66666666666666
12526.0,1,3,1316.66,94,438.8866666666667,632,64,0.9574468085106382,31.333333333333332
12527.0,82,5,735.51,529,147.102,526,26,0.2835538752362949,105.8
12528.0,9,6,1933.48,313,322.24666666666667,756,50,0.5750798722044728,52.166666666666664
12529.0,528,1,316.48,528,316.48,192,21,0.05681818181818182,528.0
12530.0,60,9,3759.26,642,417.6955555555556,2713,94,0.4205607476635514,71.33333333333333
12531.0,15,2,1933.2,686,966.6,1119,126,0.08746355685131195,343.0
12532.0,30,1,349.83000000000004,30,349.83000000000004,153,16,1.0,30.0
12533.0,628,2,1367.89,739,683.945,704,63,0.08119079837618404,369.5
12534.0,131,1,1089.18,131,1089.18,651,63,0.22900763358778625,131.0
12535.0,92,2,716.35,187,358.175,219,28,0.32085561497326204,93.5
12536.0,43,3,12601.830000000002,59,4200.610000000001,2803,260,1.5254237288135595,19.666666666666668
12537.0,409,1,732.94,409,732.94,449,43,0.07334963325183375,409.0
12538.0,29,2,640.45,378,320.225,336,33,0.15873015873015872,189.0
12539.0,22,7,11214.75,716,1602.107142857143,4535,276,0.29329608938547486,102.28571428571429
12540.0,20,33,22254.49,732,674.3784848484848,11019,354,1.3524590163934427,22.181818181818183
12541.0,30,3,981.18,281,327.06,680,46,0.3202846975088968,93.66666666666667
12542.0,484,2,481.88,640,240.94,522,39,0.09375,320.0
12543.0,448,1,980.25,448,980.25,688,43,0.06696428571428571,448.0
12544.0,36,1,372.7,36,372.7,136,19,0.8333333333333333,36.0
12545.0,75,2,1000.39,260,500.195,523,42,0.23076923076923078,130.0
12546.0,47,2,1161.5,78,580.75,633,59,0.7692307692307692,39.0
12547.0,198,3,383.58,500,127.86,309,13,0.18,166.66666666666666
12548.0,166,1,95.19999999999999,166,95.19999999999999,49,5,0.18072289156626506,166.0
12549.0,576,6,1575.68,698,262.61333333333334,1366,38,0.25787965616045844,116.33333333333333
12550.0,79,1,964.83,79,964.83,569,57,0.37974683544303794,79.0
12551.0,358,1,168.0,358,168.0,100,10,0.08379888268156425,358.0
12552.0,39,2,437.82,40,218.91,88,20,1.5,20.0
12553.0,8,12,4608.75,423,384.0625,2325,109,0.851063829787234,35.25
12554.0,449,1,468.5,449,468.5,240,26,0.06681514476614699,449.0
12555.0,682,1,129.23,682,129.23,1,1,0.04398826979472141,682.0
12556.0,50,2,603.71,151,301.855,358,100,0.3973509933774834,75.5
12557.0,16,8,18716.14,723,2339.5175,6782,15,0.3319502074688797,90.375
12558.0,8,1,269.96,8,269.96,196,11,3.75,8.0
12559.0,311,2,561.71,320,280.855,283,21,0.1875,160.0
12560.0,5,3,2134.01,143,711.3366666666667,1110,91,0.6293706293706294,47.666666666666664
12561.0,303,1,238.85,303,238.85,177,16,0.09900990099009901,303.0
12562.0,8,9,4966.92,435,551.88,2327,113,0.6206896551724138,48.333333333333336
12563.0,409,1,249.24,409,249.24,113,13,0.07334963325183375,409.0
12564.0,261,1,456.9,261,456.9,133,21,0.11494252873563218,261.0
12565.0,289,1,145.92,289,145.92,80,9,0.10380622837370243,289.0
12566.0,86,1,351.65,86,351.65,265,19,0.3488372093023256,86.0
12567.0,23,15,13709.86,667,913.9906666666667,6086,365,0.6746626686656673,44.46666666666667
12568.0,645,1,70.0,645,70.0,48,5,0.046511627906976744,645.0
12569.0,2,32,4124.69,252,128.8965625,1801,92,3.8095238095238093,7.875
12570.0,682,1,77.52,682,77.52,1,1,0.04398826979472141,682.0
12571.0,40,2,519.61,122,259.805,523,31,0.49180327868852464,61.0
12572.0,9,2,1020.42,52,510.21,452,53,1.153846153846154,26.0
12573.0,227,5,717.41,465,143.482,479,107,0.32258064516129037,93.0
12574.0,316,1,218.45,316,218.45,61,11,0.09493670886075949,316.0
12575.0,457,2,622.8199999999999,527,311.40999999999997,315,34,0.11385199240986718,263.5
12576.0,36,8,2142.72,526,267.84,1494,114,0.45627376425855515,65.75
12577.0,35,8,1653.75,736,206.71875,1197,259,0.32608695652173914,92.0
12578.0,21,4,4642.45,444,1160.6125,2380,149,0.2702702702702703,111.0
12579.0,78,1,440.42,78,440.42,285,29,0.3846153846153846,78.0
12580.0,247,2,1052.9,577,526.45,569,52,0.10398613518197573,288.5
12581.0,40,1,197.71,40,197.71,161,15,0.75,40.0
12582.0,239,4,1980.4,578,495.1,985,88,0.20761245674740486,144.5
12583.0,3,27,14447.44,734,535.0903703703704,8984,141,1.103542234332425,27.185185185185187
12584.0,4,9,2338.15,280,259.7944444444445,416,44,0.9642857142857142,31.11111111111111
12585.0,234,2,2040.1,351,1020.05,1279,77,0.17094017094017094,175.5
12586.0,17,4,2062.67,723,515.6675,687,82,0.16597510373443985,180.75
12587.0,8,1,144.0,8,144.0,51,4,3.75,8.0
12588.0,39,4,958.78,598,239.695,438,31,0.20066889632107024,149.5
12589.0,29,8,4695.66,690,586.9575,1764,121,0.34782608695652173,86.25
12590.0,211,2,9864.26,211,4932.13,4283,68,0.28436018957345977,105.5
12591.0,317,3,1352.15,409,450.7166666666667,677,63,0.2200488997555012,136.33333333333334
12592.0,92,5,2582.66,519,516.5319999999999,1875,42,0.2890173410404624,103.8
12593.0,109,3,418.09999999999997,219,139.36666666666665,206,14,0.410958904109589,73.0
12594.0,38,15,5090.110000000001,646,339.3406666666667,2768,78,0.6965944272445821,43.06666666666667
12595.0,505,1,299.02,505,299.02,271,19,0.0594059405940594,505.0
12596.0,51,2,618.27,242,309.135,474,25,0.24793388429752067,121.0
12597.0,19,4,3811.22,268,952.805,2236,184,0.44776119402985076,67.0
12598.0,10,11,4534.09,649,412.19,2906,130,0.5084745762711864,59.0
12599.0,29,13,2296.72,578,176.67076923076922,2189,47,0.6747404844290658,44.46153846153846
12600.0,29,21,5043.92,732,240.18666666666667,1414,53,0.8606557377049181,34.857142857142854
12601.0,190,6,681.26,405,113.54333333333334,290,24,0.4444444444444445,67.5
12602.0,59,1,153.12,59,153.12,162,12,0.5084745762711864,59.0
12603.0,22,1,739.1999999999999,22,739.1999999999999,63,2,1.3636363636363638,22.0
12604.0,79,2,254.18,262,127.09,201,15,0.22900763358778625,131.0
12605.0,376,4,1232.95,458,308.2375,929,63,0.26200873362445415,114.5
12606.0,682,1,21.0,682,21.0,1,1,0.04398826979472141,682.0
12607.0,60,1,1579.51,60,1579.51,1228,101,0.5,60.0
12608.0,405,1,415.79,405,415.79,323,16,0.07407407407407407,405.0
12609.0,78,9,3435.86,719,381.76222222222225,1553,129,0.3755215577190542,79.88888888888889
12610.0,23,5,2099.54,126,419.908,1049,85,1.1904761904761905,25.2
12611.0,52,1,1193.32,52,1193.32,846,65,0.576923076923077,52.0
12612.0,74,1,704.0400000000001,74,704.0400000000001,262,19,0.40540540540540543,74.0
12613.0,57,10,6835.07,725,683.507,4163,218,0.41379310344827586,72.5
12614.0,278,1,315.6,278,315.6,76,20,0.10791366906474821,278.0
12615.0,2,8,5740.98,631,717.6225,3317,198,0.3803486529318542,78.875
12616.0,95,3,1131.1,389,377.0333333333333,498,32,0.23136246786632392,129.66666666666666
12617.0,29,1,355.53,29,355.53,213,39,1.0344827586206897,29.0
12618.0,22,1,177.31,22,177.31,96,11,1.3636363636363638,22.0
12619.0,16,10,3781.38,560,378.13800000000003,3518,55,0.5357142857142857,56.0
12620.0,15,3,1339.41,205,446.47,1181,89,0.43902439024390244,68.33333333333333
12621.0,2,35,24775.81,669,707.8802857142857,13933,344,1.5695067264573992,19.114285714285714
12622.0,232,1,180.1,232,180.1,69,11,0.12931034482758622,232.0
12623.0,276,7,3747.84,697,535.4057142857143,1971,112,0.3012912482065997,99.57142857142857
12624.0,106,2,641.13,178,320.565,355,36,0.33707865168539325,89.0
12625.0,212,4,5164.88,597,1291.22,3309,144,0.20100502512562815,149.25
12626.0,23,9,6620.48,327,735.6088888888888,3453,232,0.8256880733944955,36.333333333333336
12627.0,11,7,4478.53,140,639.79,2752,162,1.5,20.0
12628.0,4,3,786.46,65,262.15333333333336,448,34,1.3846153846153846,21.666666666666668
12629.0,386,2,1558.22,423,779.11,722,40,0.14184397163120566,211.5
12630.0,10,2,1270.88,44,635.44,548,60,1.3636363636363638,22.0
12631.0,57,6,3481.57,693,580.2616666666667,1607,131,0.2597402597402597,115.5
12632.0,521,2,804.88,565,402.44,694,32,0.10619469026548672,282.5
12633.0,59,7,5678.16,526,811.1657142857142,3238,220,0.3992395437262357,75.14285714285714
12634.0,536,2,490.0,548,245.0,337,20,0.1094890510948905,274.0
12635.0,90,4,2930.41,457,732.6025,1949,159,0.26258205689277897,114.25
12636.0,739,1,141.0,739,141.0,1,1,0.04059539918809202,739.0
12637.0,67,12,8340.31,543,695.0258333333333,4284,295,0.6629834254143646,45.25
12638.0,33,2,921.49,640,460.745,663,47,0.09375,320.0
12639.0,239,3,1312.37,628,437.45666666666665,631,58,0.14331210191082802,209.33333333333334
12640.0,24,3,1174.58,82,391.52666666666664,311,47,1.097560975609756,27.333333333333332
12641.0,115,1,185.9,115,185.9,72,10,0.2608695652173913,115.0
12642.0,25,3,1013.26,108,337.75333333333333,552,39,0.8333333333333333,36.0
12643.0,128,12,8350.42,611,695.8683333333333,4785,14,0.5891980360065466,50.916666666666664
12644.0,130,4,1918.49,694,479.6225,1032,106,0.17291066282420747,173.5
12645.0,34,8,3539.3,669,442.4125,2125,111,0.3587443946188341,83.625
12646.0,5,2,1346.97,49,673.485,897,43,1.2244897959183672,24.5
12647.0,22,36,17924.35,695,497.89861111111105,6878,240,1.553956834532374,19.305555555555557
12648.0,155,4,1112.0,701,278.0,518,38,0.17118402282453637,175.25
12649.0,107,8,2294.65,696,286.83125,1959,94,0.3448275862068966,87.0
12650.0,3,1,314.44,3,314.44,254,20,10.0,3.0
12651.0,335,4,377.75,465,94.4375,265,30,0.25806451612903225,116.25
12652.0,331,2,1017.03,434,508.515,536,51,0.1382488479262673,217.0
12653.0,149,3,4160.83,527,1386.9433333333334,1681,76,0.17077798861480076,175.66666666666666
12654.0,11,5,601.98,295,120.396,264,31,0.5084745762711864,59.0
12655.0,424,1,261.35,424,261.35,80,16,0.07075471698113207,424.0
12656.0,17,8,6407.83,563,800.97875,2860,174,0.4262877442273535,70.375
12657.0,11,4,1643.18,79,410.795,1044,35,1.5189873417721518,19.75
12658.0,19,1,686.05,19,686.05,320,36,1.5789473684210527,19.0
12659.0,30,1,91.68,30,91.68,105,5,1.0,30.0
12660.0,11,1,245.1,11,245.1,127,13,2.7272727272727275,11.0
12661.0,436,1,162.0,436,162.0,216,11,0.06880733944954129,436.0
12662.0,1,20,6988.02,618,349.401,3581,163,0.9708737864077669,30.9
12663.0,625,2,239.4,668,119.7,181,9,0.08982035928143713,334.0
12664.0,8,11,6070.04,727,551.8218181818182,1495,10,0.45392022008253097,66.0909090909091
12665.0,325,3,313.6,669,104.53333333333335,165,13,0.13452914798206278,223.0
12666.0,394,1,1248.42,394,1248.42,370,31,0.07614213197969542,394.0
12667.0,58,1,620.13,58,620.13,395,33,0.5172413793103449,58.0
12668.0,12,10,11444.68,677,1144.468,5076,263,0.44313146233382567,67.7
12669.0,151,3,2744.0299999999997,257,914.6766666666666,1115,98,0.35019455252918286,85.66666666666667
12670.0,10,7,3760.29,667,537.1842857142857,1627,71,0.3148425787106447,95.28571428571429
12671.0,606,1,2622.481,606,2622.481,1460,45,0.04950495049504951,606.0
12672.0,330,2,437.05,596,218.525,138,22,0.10067114093959731,298.0
12673.0,5,3,1230.02,402,410.00666666666666,700,68,0.22388059701492538,134.0
12674.0,39,4,1970.6,208,492.65,1133,52,0.576923076923077,52.0
12675.0,554,2,958.5,578,479.25,337,111,0.10380622837370243,289.0
12676.0,25,11,2843.09,483,258.4627272727273,1867,67,0.6832298136645962,43.90909090909091
12677.0,555,2,395.1,666,197.55,176,13,0.09009009009009009,333.0
12678.0,42,21,34281.18,701,1632.4371428571428,22372,199,0.8987161198288159,33.38095238095238
12679.0,59,4,1113.02,284,278.255,554,43,0.4225352112676056,71.0
12680.0,1,4,880.81,113,220.2025,444,33,1.0619469026548671,28.25
12681.0,15,45,30868.28,726,685.9617777777778,17596,459,1.859504132231405,16.133333333333333
12682.0,4,52,24033.91,739,462.19057692307695,11018,327,2.1109607577807847,14.211538461538462
12683.0,4,21,12696.78,726,604.6085714285715,7683,236,0.8677685950413223,34.57142857142857
12684.0,8,7,2283.63,213,326.23285714285714,1985,61,0.9859154929577465,30.428571428571427
12685.0,28,6,2863.08,94,477.18,1523,117,1.9148936170212765,15.666666666666666
12686.0,372,1,178.28,372,178.28,214,7,0.08064516129032259,372.0
12687.0,481,2,2138.91,481,1069.455,1403,126,0.12474012474012475,240.5
12688.0,114,1,4873.8099999999995,114,4873.8099999999995,3028,171,0.2631578947368421,114.0
12689.0,26,2,1247.61,128,623.805,628,57,0.46875,64.0
12690.0,206,1,389.01,206,389.01,106,16,0.14563106796116504,206.0
12691.0,28,7,1170.4,421,167.20000000000002,445,24,0.498812351543943,60.142857142857146
12692.0,637,1,110.95,637,110.95,36,13,0.04709576138147567,637.0
12693.0,127,7,1703.02,522,243.28857142857143,536,63,0.40229885057471265,74.57142857142857
12694.0,70,3,1843.35,421,614.4499999999999,1355,69,0.2137767220902613,140.33333333333334
12695.0,7,7,1407.1200000000001,665,201.0171428571429,454,46,0.3157894736842105,95.0
12696.0,435,2,851.91,509,425.955,564,43,0.11787819253438113,254.5
12697.0,29,3,957.59,169,319.19666666666666,508,37,0.5325443786982249,56.333333333333336
12698.0,590,1,339.75,590,339.75,111,16,0.05084745762711864,590.0
12699.0,418,1,638.11,418,638.11,373,41,0.07177033492822966,418.0
12700.0,8,4,4939.99,215,1234.9975,2967,193,0.5581395348837209,53.75
12701.0,80,6,2446.41,633,407.73499999999996,1727,118,0.28436018957345977,105.5
12702.0,20,1,219.0,20,219.0,53,12,1.5,20.0
12703.0,71,4,1006.53,685,251.6325,595,56,0.1751824817518248,171.25
12704.0,7,8,2340.84,170,292.605,1006,64,1.4117647058823528,21.25
12705.0,15,14,11762.1,534,840.15,7188,320,0.7865168539325843,38.142857142857146
12707.0,292,1,603.42,292,603.42,256,33,0.10273972602739725,292.0
12708.0,30,18,5314.1,722,295.2277777777778,2521,130,0.7479224376731303,40.111111111111114
12709.0,15,34,31093.34,730,914.51,13983,189,1.3972602739726028,21.470588235294116
12710.0,97,3,1149.02,201,383.00666666666666,851,75,0.44776119402985076,67.0
12711.0,612,2,1339.05,677,669.525,770,56,0.08862629246676515,338.5
12712.0,29,21,7193.66,731,342.5552380952381,2349,126,0.8618331053351573,34.80952380952381
12713.0,1,1,848.55,1,848.55,508,38,30.0,1.0
12714.0,9,12,14093.71,736,1174.4758333333332,8774,436,0.4891304347826087,61.333333333333336
12715.0,106,1,353.86,106,353.86,197,20,0.2830188679245283,106.0
12716.0,4,2,1053.49,133,526.745,708,60,0.45112781954887216,66.5
12717.0,151,3,1308.91,590,436.30333333333334,600,60,0.15254237288135591,196.66666666666666
12718.0,71,1,238.25,71,238.25,203,19,0.4225352112676056,71.0
12719.0,5,2,644.95,65,322.475,374,34,0.9230769230769231,32.5
12720.0,3,30,8260.67,507,275.35566666666665,6317,262,1.7751479289940828,16.9
12721.0,32,8,4013.08,472,501.635,2655,183,0.5084745762711864,59.0
12722.0,85,4,997.63,151,249.4075,566,50,0.7947019867549668,37.75
12723.0,4,5,725.07,65,145.014,434,53,2.307692307692308,13.0
12724.0,5,7,2317.52,535,331.07428571428574,1379,94,0.39252336448598135,76.42857142857143
12725.0,371,4,2694.56,584,673.64,1306,92,0.2054794520547945,146.0
12726.0,28,11,4014.6,624,364.96363636363634,4618,63,0.5288461538461539,56.72727272727273
12727.0,11,10,5679.53,655,567.953,2832,132,0.4580152671755725,65.5
12728.0,71,5,1070.17,384,214.03400000000002,543,48,0.390625,76.8
12729.0,114,1,453.01,114,453.01,233,26,0.2631578947368421,114.0
12730.0,522,1,829.25,522,829.25,234,47,0.05747126436781609,522.0
12731.0,24,17,25775.71,648,1516.2182352941177,11641,137,0.787037037037037,38.11764705882353
12732.0,180,1,236.26000000000002,180,236.26000000000002,111,12,0.16666666666666669,180.0
12733.0,234,4,2424.87,689,606.2175,896,117,0.1741654571843251,172.25
12734.0,353,3,639.65,392,213.21666666666667,265,17,0.22959183673469388,130.66666666666666
12735.0,315,2,779.5699999999999,337,389.78499999999997,368,38,0.17804154302670624,168.5
12736.0,333,1,234.0,333,234.0,173,4,0.09009009009009009,333.0
12737.0,499,2,3710.5,499,1855.25,2,2,0.12024048096192384,249.5
12738.0,372,1,310.7,372,310.7,296,11,0.08064516129032259,372.0
12739.0,78,4,2726.73,394,681.6825,951,85,0.3045685279187817,98.5
12740.0,64,1,427.6,64,427.6,342,27,0.46875,64.0
12741.0,529,2,406.07,533,203.035,214,16,0.1125703564727955,266.5
12742.0,626,1,1201.52,626,1201.52,1359,67,0.04792332268370607,626.0
12743.0,134,2,546.43,134,273.215,319,114,0.44776119402985076,67.0
12744.0,52,11,25317.06,591,2301.550909090909,6994,245,0.5583756345177665,53.72727272727273
12745.0,487,3,925.41,682,308.46999999999997,468,21,0.13196480938416424,227.33333333333334
12746.0,541,1,254.55,541,254.55,97,17,0.05545286506469501,541.0
12747.0,2,26,9276.539999999999,732,356.78999999999996,2758,85,1.0655737704918031,28.153846153846153
12748.0,1,336,56599.39,735,168.45056547619046,39108,2286,13.714285714285714,2.1875
12749.0,4,9,6897.36,521,766.3733333333333,2360,260,0.5182341650671786,57.888888888888886
12750.0,129,1,275.88,129,275.88,137,15,0.23255813953488372,129.0
12751.0,445,1,268.27,445,268.27,189,61,0.06741573033707866,445.0
12752.0,81,1,4366.78,81,4366.78,2262,53,0.37037037037037035,81.0
12753.0,23,6,21429.39,363,3571.565,11421,132,0.49586776859504134,60.5
12754.0,236,3,3010.74,309,1003.5799999999999,6481,49,0.2912621359223301,103.0
12755.0,281,11,9030.66,694,820.9690909090909,3781,34,0.4755043227665706,63.09090909090909
12756.0,87,1,112.07999999999998,87,112.07999999999998,144,4,0.3448275862068966,87.0
12757.0,16,13,7857.1,211,604.3923076923077,2402,237,1.8483412322274881,16.23076923076923
12758.0,117,7,9903.24,738,1414.7485714285715,6155,187,0.2845528455284553,105.42857142857143
12759.0,52,8,5020.74,736,627.5925,3202,206,0.32608695652173914,92.0
12760.0,456,1,347.8,456,347.8,198,21,0.06578947368421052,456.0
12761.0,458,2,782.95,465,391.475,281,27,0.12903225806451613,232.5
12762.0,8,2,1898.52,25,949.26,1227,62,2.4,12.5
12763.0,138,2,814.16,369,407.08,512,16,0.16260162601626016,184.5
12764.0,317,1,1693.88,317,1693.88,386,45,0.0946372239747634,317.0
12765.0,472,6,1404.58,642,234.09666666666666,1009,49,0.2803738317757009,107.0
12766.0,4,9,10068.28,408,1118.697777777778,5446,253,0.661764705882353,45.333333333333336
12767.0,376,1,949.82,376,949.82,598,43,0.0797872340425532,376.0
12768.0,451,1,168.69000000000003,451,168.69000000000003,102,10,0.06651884700665188,451.0
12769.0,239,1,1143.6,239,1143.6,356,32,0.12552301255230125,239.0
12770.0,211,2,3246.45,457,1623.225,1843,19,0.13129102844638948,228.5
12771.0,486,1,282.3,486,282.3,104,15,0.0617283950617284,486.0
12772.0,60,1,892.47,60,892.47,556,55,0.5,60.0
12773.0,564,1,124.25,564,124.25,109,6,0.05319148936170213,564.0
12774.0,536,1,98.7,536,98.7,53,6,0.055970149253731345,536.0
12775.0,17,7,1686.12,409,240.8742857142857,1083,55,0.5134474327628361,58.42857142857143
12776.0,668,1,55.5,668,55.5,46,4,0.04491017964071856,668.0
12777.0,458,1,519.45,458,519.45,458,26,0.06550218340611354,458.0
12778.0,20,9,1775.68,603,197.29777777777778,1735,77,0.44776119402985076,67.0
12779.0,38,14,6722.2699999999995,737,480.16214285714284,3641,142,0.5698778833107191,52.642857142857146
12780.0,599,1,337.4,599,337.4,285,20,0.05008347245409015,599.0
12781.0,64,2,826.74,285,413.37,671,25,0.2105263157894737,142.5
12782.0,5,11,4618.24,519,419.84,2017,142,0.6358381502890174,47.18181818181818
12783.0,2,6,2225.91,75,370.98499999999996,624,76,2.4,12.5
12784.0,9,3,1804.75,529,601.5833333333334,882,121,0.17013232514177695,176.33333333333334
12785.0,364,3,1100.4,731,366.8,453,42,0.12311901504787962,243.66666666666666
12786.0,610,1,728.5,610,728.5,324,18,0.04918032786885246,610.0
12787.0,10,4,862.18,413,215.545,510,30,0.2905569007263923,103.25
12788.0,463,4,444.9,528,111.225,194,20,0.2272727272727273,132.0
12789.0,65,3,273.35,694,91.11666666666667,36,5,0.12968299711815562,231.33333333333334
12790.0,192,2,591.85,410,295.925,306,36,0.14634146341463414,205.0
12791.0,374,6,1056.1100000000001,624,176.01833333333335,450,17,0.2884615384615385,104.0
12792.0,257,2,827.01,535,413.505,394,39,0.11214953271028037,267.5
12793.0,335,3,1017.33,401,339.11,526,34,0.22443890274314213,133.66666666666666
12794.0,53,2,860.41,99,430.205,592,43,0.6060606060606061,49.5
12795.0,19,1,430.48,19,430.48,68,14,1.5789473684210527,19.0
12796.0,628,1,381.0,628,381.0,182,7,0.04777070063694268,628.0
12797.0,366,2,806.11,424,403.055,333,27,0.14150943396226415,212.0
12798.0,10,4,8510.93,422,2127.7325,8455,27,0.28436018957345977,105.5
12799.0,529,1,219.35,529,219.35,137,15,0.05671077504725898,529.0
12800.0,470,3,584.25,677,194.75,284,31,0.1329394387001477,225.66666666666666
12801.0,501,1,1071.82,501,1071.82,505,50,0.05988023952095808,501.0
12802.0,187,7,2416.42,564,345.20285714285717,1972,108,0.37234042553191493,80.57142857142857
12803.0,393,1,1092.81,393,1092.81,872,55,0.07633587786259542,393.0
12804.0,466,2,327.02,500,163.51,271,60,0.12,250.0
12805.0,382,4,1434.95,675,358.7375,593,44,0.17777777777777776,168.75
12806.0,435,4,2878.96,589,719.74,2087,58,0.2037351443123939,147.25
12807.0,383,1,330.35,383,330.35,145,16,0.0783289817232376,383.0
12808.0,37,5,906.1,463,181.22,375,46,0.3239740820734341,92.6
12809.0,178,3,1755.94,647,585.3133333333334,518,75,0.1391035548686244,215.66666666666666
12810.0,535,2,534.99,677,267.495,389,32,0.08862629246676515,338.5
12811.0,261,5,1033.9,428,206.78000000000003,435,47,0.35046728971962615,85.6
12812.0,45,1,229.64000000000001,45,229.64000000000001,164,15,0.6666666666666667,45.0
12813.0,502,3,1687.8,693,562.6,1141,37,0.12987012987012986,231.0
12814.0,102,1,125.92,102,125.92,49,2,0.29411764705882354,102.0
12815.0,148,2,1063.46,198,531.73,379,38,0.30303030303030304,99.0
12816.0,96,2,572.2,176,286.1,128,27,0.34090909090909094,88.0
12817.0,281,3,690.98,435,230.32666666666668,219,16,0.20689655172413793,145.0
12818.0,262,1,1542.08,262,1542.08,929,14,0.11450381679389313,262.0
12819.0,458,1,540.52,458,540.52,344,19,0.06550218340611354,458.0
12820.0,3,11,2689.52,734,244.50181818181818,1964,131,0.44959128065395093,66.72727272727273
12821.0,214,2,220.8,611,110.4,162,13,0.09819967266775778,305.5
12822.0,71,2,948.88,87,474.44,550,41,0.6896551724137931,43.5
12823.0,75,18,6501.5,679,361.19444444444446,930,1,0.7952871870397643,37.72222222222222
12824.0,60,1,397.12,60,397.12,232,25,0.5,60.0
12825.0,521,2,518.63,642,259.315,139,20,0.09345794392523364,321.0
12826.0,3,12,2955.75,722,246.3125,1995,93,0.4986149584487535,60.166666666666664
12827.0,6,3,430.15000000000003,44,143.38333333333335,197,19,2.0454545454545454,14.666666666666666
12828.0,3,6,1018.71,130,169.785,494,46,1.3846153846153846,21.666666666666668
12829.0,337,3,385.3,550,128.43333333333334,550,17,0.16363636363636364,183.33333333333334
12830.0,38,6,6814.64,172,1135.7733333333333,9848,13,1.0465116279069768,28.666666666666668
12831.0,262,3,451.11,463,150.37,303,16,0.19438444924406048,154.33333333333334
12832.0,32,2,383.03,98,191.515,195,27,0.6122448979591836,49.0
12833.0,145,1,417.38,145,417.38,156,24,0.20689655172413793,145.0
12834.0,283,1,312.38,283,312.38,110,18,0.10600706713780919,283.0
12835.0,428,41,6043.31,737,147.3978048780488,2357,138,1.6689280868385346,17.975609756097562
12836.0,59,15,6585.62,738,439.04133333333334,2236,280,0.6097560975609756,49.2
12837.0,173,2,688.41,569,344.205,209,83,0.10544815465729349,284.5
12838.0,34,10,3398.48,593,339.848,1845,230,0.5059021922428331,59.3
12839.0,3,26,10071.73,733,387.37423076923073,6849,156,1.0641200545702594,28.192307692307693
12840.0,144,7,4041.97,674,577.4242857142857,2258,109,0.3115727002967359,96.28571428571429
12841.0,5,40,7540.68,519,188.517,5414,307,2.312138728323699,12.975
12842.0,70,4,1917.99,738,479.4975,887,45,0.16260162601626016,184.5
12843.0,66,30,6588.41,727,219.61366666666666,3031,130,1.2379642365887207,24.233333333333334
12844.0,29,4,648.6,594,162.15,223,88,0.20202020202020202,148.5
12845.0,267,4,354.09,290,88.5225,204,26,0.41379310344827586,72.5
12846.0,682,1,15.58,682,15.58,1,1,0.04398826979472141,682.0
12847.0,22,2,1636.8999999999999,388,818.4499999999999,1533,100,0.15463917525773196,194.0
12848.0,676,1,208.0,676,208.0,58,16,0.04437869822485207,676.0
12849.0,31,6,3090.56,591,515.0933333333334,1882,123,0.3045685279187817,98.5
12850.0,446,1,330.0,446,330.0,200,2,0.06726457399103139,446.0
12851.0,97,2,284.13,477,142.065,160,71,0.12578616352201258,238.5
12852.0,295,1,311.55,295,311.55,149,17,0.10169491525423728,295.0
12853.0,135,11,3907.5,673,355.22727272727275,1668,111,0.49034175334323926,61.18181818181818
12854.0,79,7,2994.02,728,427.71714285714285,1635,188,0.2884615384615385,104.0
12855.0,373,4,650.9399999999999,402,162.73499999999999,270,65,0.29850746268656714,100.5
12856.0,8,6,2179.93,64,363.32166666666666,1079,155,2.8125,10.666666666666666
12857.0,211,6,3688.0,683,614.6666666666666,1420,71,0.2635431918008785,113.83333333333333
12858.0,383,1,177.92,383,177.92,63,36,0.0783289817232376,383.0
12859.0,459,1,575.1,459,575.1,292,21,0.06535947712418301,459.0
12860.0,693,1,55.47,693,55.47,27,16,0.04329004329004329,693.0
12861.0,620,1,68.25,620,68.25,27,4,0.04838709677419355,620.0
12862.0,426,2,1008.3199999999999,495,504.15999999999997,613,119,0.12121212121212122,247.5
12863.0,52,6,2792.5499999999997,589,465.42499999999995,895,24,0.30560271646859083,98.16666666666667
12864.0,138,2,299.57,508,149.785,447,5,0.11811023622047244,254.0
12865.0,26,4,3323.47,477,830.8675,1973,156,0.25157232704402516,119.25
12866.0,283,3,1227.35,503,409.1166666666666,553,58,0.17892644135188868,167.66666666666666
12867.0,26,13,7913.29,723,608.7146153846154,7939,365,0.5394190871369294,55.61538461538461
12868.0,186,8,2247.06,393,280.8825,1282,86,0.6106870229007634,49.125
12869.0,682,1,337.66999999999996,682,337.66999999999996,144,35,0.04398826979472141,682.0
12870.0,375,3,1676.95,624,558.9833333333333,906,85,0.14423076923076925,208.0
12871.0,84,3,744.02,440,248.00666666666666,484,13,0.20454545454545453,146.66666666666666
12872.0,327,12,3685.4900000000002,736,307.12416666666667,1855,217,0.4891304347826087,61.333333333333336
12873.0,282,3,2027.3,682,675.7666666666667,786,33,0.13196480938416424,227.33333333333334
12874.0,385,2,948.42,554,474.21,623,44,0.10830324909747292,277.0
12875.0,143,5,1356.99,698,271.398,5187,2,0.21489971346704873,139.6
12876.0,58,4,4081.79,590,1020.4475,3047,117,0.20338983050847456,147.5
12877.0,4,20,2955.17,691,147.7585,2262,149,0.8683068017366136,34.55
12878.0,236,2,854.99,266,427.495,547,38,0.22556390977443608,133.0
12879.0,45,3,573.22,92,191.07333333333335,370,7,0.9782608695652174,30.666666666666668
12880.0,382,2,640.13,575,320.065,279,32,0.10434782608695653,287.5
12881.0,276,1,298.0,276,298.0,21,7,0.10869565217391304,276.0
12882.0,9,2,1463.04,34,731.52,246,12,1.7647058823529411,17.0
12883.0,25,4,703.47,89,175.8675,196,39,1.348314606741573,22.25
12884.0,88,1,309.05,88,309.05,43,7,0.34090909090909094,88.0
12885.0,63,3,1175.22,124,391.74,655,66,0.7258064516129032,41.333333333333336
12886.0,68,2,1378.4,220,689.2,770,75,0.2727272727272727,110.0
12887.0,384,1,222.4,384,222.4,100,13,0.078125,384.0
12888.0,214,2,354.12,255,177.06,76,4,0.23529411764705882,127.5
12889.0,381,4,385.46000000000004,502,96.36500000000001,124,25,0.23904382470119523,125.5
12890.0,24,2,717.27,387,358.635,466,124,0.15503875968992248,193.5
12891.0,186,11,840.5,659,76.4090909090909,2325,2,0.5007587253414264,59.90909090909091
12892.0,397,1,263.38,397,263.38,140,18,0.07556675062972291,397.0
12893.0,31,1,188.14,31,188.14,96,27,0.967741935483871,31.0
12894.0,575,1,157.35,575,157.35,33,21,0.052173913043478265,575.0
12895.0,42,2,372.8,87,186.4,210,22,0.6896551724137931,43.5
12897.0,205,4,514.25,544,128.5625,249,10,0.22058823529411764,136.0
12898.0,464,2,310.96000000000004,660,155.48000000000002,240,27,0.09090909090909091,330.0
12899.0,414,1,366.4,414,366.4,108,17,0.07246376811594203,414.0
12900.0,422,1,340.33,422,340.33,139,13,0.07109004739336494,422.0
12901.0,9,28,17654.54,271,630.5192857142857,23075,30,3.0996309963099633,9.678571428571429
12902.0,265,1,138.68,265,138.68,66,10,0.11320754716981132,265.0
12903.0,429,1,833.53,429,833.53,493,41,0.06993006993006994,429.0
12904.0,18,2,509.58,172,254.79,302,59,0.3488372093023256,86.0
12905.0,577,2,1018.42,682,509.21,532,52,0.08797653958944282,341.0
12906.0,12,5,2919.81,78,583.962,1749,55,1.923076923076923,15.6
12907.0,396,2,508.91,494,254.455,177,23,0.12145748987854252,247.0
12908.0,176,5,1776.0,630,355.2,3000,1,0.23809523809523808,126.0
12909.0,40,8,3103.19,654,387.89875,1948,120,0.3669724770642202,81.75
12910.0,23,13,5796.52,621,445.8861538461539,3632,75,0.6280193236714976,47.76923076923077
12911.0,552,1,1680.47,552,1680.47,820,220,0.05434782608695652,552.0
12912.0,3,5,1662.3,41,332.46,670,17,3.6585365853658534,8.2
12913.0,5,13,6700.860000000001,739,515.4507692307693,3232,52,0.5277401894451962,56.84615384615385
12914.0,401,1,223.98,401,223.98,336,9,0.07481296758104738,401.0
12915.0,149,4,1174.75,589,293.6875,452,46,0.2037351443123939,147.25
12916.0,139,7,4654.0199999999995,685,664.8599999999999,1774,82,0.30656934306569344,97.85714285714286
12917.0,128,6,4359.2,730,726.5333333333333,1104,45,0.2465753424657534,121.66666666666667
12918.0,626,1,10953.5,626,10953.5,1,1,0.04792332268370607,626.0
12919.0,8,6,1335.19,170,222.53166666666667,673,34,1.0588235294117647,28.333333333333332
12920.0,17,4,488.09000000000003,725,122.02250000000001,421,59,0.16551724137931034,181.25
12921.0,9,74,35921.04,738,485.41945945945946,21708,322,3.008130081300813,9.972972972972974
12922.0,161,1,405.38,161,405.38,370,28,0.18633540372670807,161.0
12923.0,64,3,789.87,575,263.29,237,54,0.1565217391304348,191.66666666666666
12924.0,88,12,2469.4,731,205.78333333333333,1423,56,0.49247606019151846,60.916666666666664
12925.0,5,3,729.3299999999999,593,243.10999999999999,649,46,0.15177065767284992,197.66666666666666
12926.0,411,4,1548.46,725,387.115,766,202,0.16551724137931034,181.25
12927.0,395,1,197.31,395,197.31,145,11,0.0759493670886076,395.0
12928.0,35,12,4304.89,550,358.74083333333334,2899,94,0.6545454545454545,45.833333333333336
12929.0,312,1,117.85,312,117.85,37,8,0.09615384615384615,312.0
12930.0,78,2,415.8,171,207.9,252,20,0.3508771929824561,85.5
12931.0,22,57,92347.34,739,1620.1287719298246,62906,37,2.3139377537212447,12.964912280701755
12932.0,539,8,1698.56,668,212.32,1609,69,0.3592814371257485,83.5
12933.0,24,8,1687.03,729,210.87875,959,227,0.3292181069958848,91.125
12934.0,737,1,181.65,737,181.65,31,2,0.04070556309362279,737.0
12935.0,2,15,4243.86,607,282.924,3201,113,0.7413509060955519,40.46666666666667
12936.0,17,4,1063.9,78,265.975,559,56,1.5384615384615383,19.5
12937.0,15,9,3097.61,736,344.1788888888889,1983,128,0.36684782608695654,81.77777777777777
12938.0,26,1,114.14,26,114.14,140,9,1.153846153846154,26.0
12939.0,64,20,25264.8,697,1263.24,10328,24,0.860832137733142,34.85
12940.0,55,2,913.54,88,456.77,411,87,0.6818181818181819,44.0
12941.0,724,1,377.49,724,377.49,381,27,0.04143646408839779,724.0
12942.0,131,3,942.65,366,314.21666666666664,272,68,0.24590163934426232,122.0
12943.0,558,2,496.5,606,248.25,222,22,0.09900990099009901,303.0
12944.0,36,2,604.51,355,302.255,289,29,0.16901408450704225,177.5
12945.0,288,2,900.11,656,450.055,446,47,0.09146341463414634,328.0
12946.0,437,1,324.45,437,324.45,149,20,0.06864988558352403,437.0
12947.0,144,6,1908.03,373,318.005,1349,83,0.48257372654155495,62.166666666666664
12948.0,16,9,2317.43,738,257.4922222222222,1304,89,0.36585365853658536,82.0
12949.0,31,22,15526.7,736,705.7590909090909,8233,347,0.8967391304347826,33.45454545454545
12950.0,2,3,1843.0,24,614.3333333333334,1380,13,3.75,8.0
12951.0,9,15,3213.7200000000003,699,214.24800000000002,1662,110,0.6437768240343348,46.6
12952.0,6,4,1387.79,78,346.9475,653,64,1.5384615384615383,19.5
12953.0,10,2,828.8100000000001,522,414.40500000000003,364,45,0.11494252873563218,261.0
12954.0,639,1,162.45,639,162.45,83,10,0.046948356807511735,639.0
12955.0,1,11,4757.16,268,432.4690909090909,3664,81,1.2313432835820897,24.363636363636363
12956.0,306,4,521.89,724,130.4725,340,42,0.16574585635359115,181.0
12957.0,10,13,8706.97,729,669.766923076923,4686,402,0.5349794238683128,56.07692307692308
12958.0,400,2,539.49,583,269.745,131,45,0.10291595197255575,291.5
12959.0,484,1,150.95,484,150.95,109,8,0.06198347107438017,484.0
12960.0,414,4,1322.07,661,330.5175,1379,49,0.1815431164901664,165.25
12961.0,379,1,211.99,379,211.99,180,37,0.07915567282321899,379.0
12962.0,7,2,266.39,113,133.195,129,15,0.5309734513274336,56.5
12963.0,8,12,3601.59,519,300.1325,1809,129,0.6936416184971098,43.25
12964.0,437,1,132.24,437,132.24,56,26,0.06864988558352403,437.0
12965.0,89,1,771.91,89,771.91,283,108,0.33707865168539325,89.0
12966.0,10,1,160.18,10,160.18,75,10,3.0,10.0
12967.0,358,3,4306.92,384,1435.64,1272,47,0.234375,128.0
12968.0,112,1,135.95,112,135.95,73,5,0.26785714285714285,112.0
12969.0,603,1,122.45,603,122.45,55,5,0.04975124378109453,603.0
12970.0,7,10,1524.97,735,152.497,1014,280,0.40816326530612246,73.5
12971.0,4,116,15972.79,724,137.6964655172414,14587,102,4.806629834254144,6.241379310344827
12972.0,414,4,1161.2,661,290.3,844,69,0.1815431164901664,165.25
12973.0,414,1,385.55,414,385.55,31,6,0.07246376811594203,414.0
12974.0,198,2,408.95,566,204.475,104,27,0.10600706713780919,283.0
12975.0,437,6,2100.09,734,350.01500000000004,911,92,0.24523160762942778,122.33333333333333
12976.0,212,8,3156.38,665,394.5475,2684,106,0.3609022556390978,83.125
12977.0,156,4,517.63,511,129.4075,131,54,0.23483365949119372,127.75
12978.0,385,5,2502.82,730,500.564,1394,126,0.2054794520547945,146.0
12979.0,729,1,517.7,729,517.7,520,56,0.0411522633744856,729.0
12980.0,158,21,16245.78,738,773.6085714285715,1910,7,0.8536585365853658,35.142857142857146
12981.0,30,2,372.21999999999997,133,186.10999999999999,242,12,0.45112781954887216,66.5
12982.0,243,8,2744.81,606,343.10125,1729,139,0.39603960396039606,75.75
12983.0,598,1,490.08000000000004,598,490.08000000000004,638,30,0.05016722408026756,598.0
12984.0,19,1,97.5,19,97.5,26,4,1.5789473684210527,19.0
12985.0,1,2,1239.38,29,619.69,1533,73,2.0689655172413794,14.5
12986.0,429,10,2729.84,688,272.98400000000004,1164,61,0.436046511627907,68.8
12987.0,74,5,1312.21,689,262.442,585,61,0.2177068214804064,137.8
12988.0,292,1,535.32,292,535.32,136,75,0.10273972602739725,292.0
12989.0,3,33,13551.75,729,410.65909090909093,6935,50,1.3580246913580247,22.09090909090909
12990.0,31,7,955.5,620,136.5,480,9,0.3387096774193548,88.57142857142857
12991.0,23,3,764.82,389,254.94000000000003,483,45,0.23136246786632392,129.66666666666666
12992.0,725,1,93.35000000000001,725,93.35000000000001,21,6,0.041379310344827586,725.0
12993.0,23,8,1259.6299999999999,660,157.45374999999999,751,57,0.36363636363636365,82.5
12994.0,4,3,974.4200000000001,269,324.8066666666667,459,52,0.33457249070631967,89.66666666666667
12995.0,85,1,211.32,85,211.32,108,3,0.3529411764705882,85.0
12996.0,376,1,355.5,376,355.5,122,22,0.0797872340425532,376.0
12997.0,22,8,2110.91,613,263.86375,1186,65,0.3915171288743883,76.625
12998.0,493,3,920.08,654,306.6933333333333,1124,58,0.13761467889908258,218.0
12999.0,196,3,455.88,246,151.96,342,25,0.36585365853658536,82.0
13000.0,107,4,1032.5,725,258.125,548,57,0.16551724137931034,181.25
13001.0,4,33,24172.100000000002,736,732.4878787878788,13539,300,1.3451086956521738,22.303030303030305
13002.0,318,3,414.13,435,138.04333333333332,201,19,0.20689655172413793,145.0
13003.0,106,3,149.05,215,49.68333333333334,103,4,0.41860465116279066,71.66666666666667
13004.0,12,36,11650.85,725,323.63472222222225,8768,417,1.489655172413793,20.13888888888889
13005.0,174,4,999.68,457,249.92,462,41,0.26258205689277897,114.25
13006.0,56,1,81.57,56,81.57,55,4,0.5357142857142857,56.0
13007.0,580,1,175.25,580,175.25,59,11,0.05172413793103448,580.0
13008.0,323,3,612.13,723,204.04333333333332,379,31,0.12448132780082988,241.0
13009.0,673,1,234.0,673,234.0,120,4,0.04457652303120356,673.0
13010.0,374,2,330.12,649,165.06,323,10,0.09244992295839753,324.5
13011.0,372,1,101.10000000000001,372,101.10000000000001,26,3,0.08064516129032259,372.0
13012.0,9,11,2972.83,592,270.2572727272727,1563,95,0.5574324324324325,53.81818181818182
13013.0,1,29,12625.77,726,435.3713793103448,6463,289,1.1983471074380165,25.03448275862069
13014.0,11,11,5381.08,433,489.1890909090909,1979,140,0.7621247113163973,39.36363636363637
13015.0,53,11,6586.42,603,598.7654545454545,3535,260,0.5472636815920398,54.81818181818182
13016.0,73,3,789.89,123,263.2966666666667,527,39,0.7317073170731707,41.0
13017.0,7,1,204.0,7,204.0,48,1,4.285714285714286,7.0
13018.0,16,35,9763.16,649,278.9474285714286,6746,401,1.6178736517719567,18.542857142857144
13019.0,379,6,1229.95,733,204.99166666666667,397,46,0.24556616643929058,122.16666666666667
13020.0,563,2,618.96,660,309.48,278,38,0.09090909090909091,330.0
13021.0,4,17,4887.24,735,287.48470588235296,2546,166,0.6938775510204082,43.23529411764706
13022.0,430,1,65.3,430,65.3,35,5,0.06976744186046512,430.0
13023.0,64,3,1449.03,529,483.01,585,69,0.17013232514177695,176.33333333333334
13024.0,471,2,555.87,582,277.935,181,26,0.10309278350515463,291.0
13025.0,732,1,323.39,732,323.39,241,13,0.040983606557377046,732.0
13026.0,1,9,1733.08,727,192.56444444444443,2466,52,0.3713892709766162,80.77777777777777
13027.0,114,19,17335.2,689,912.3789473684211,43080,7,0.8272859216255443,36.26315789473684
13028.0,23,2,661.3199999999999,45,330.65999999999997,798,40,1.3333333333333335,22.5
13029.0,31,5,1927.3,523,385.46,194,13,0.28680688336520077,104.6
13030.0,11,2,1227.22,368,613.61,598,76,0.16304347826086957,184.0
13031.0,407,5,3419.27,554,683.854,2399,275,0.27075812274368233,110.8
13032.0,52,9,2843.55,460,315.95000000000005,1281,147,0.5869565217391305,51.111111111111114
13033.0,357,2,220.55,430,110.275,98,12,0.13953488372093023,215.0
13034.0,55,3,922.68,401,307.56,522,42,0.22443890274314213,133.66666666666666
13035.0,74,3,1364.2,431,454.73333333333335,926,27,0.2088167053364269,143.66666666666666
13036.0,685,1,307.1,685,307.1,38,6,0.0437956204379562,685.0
13037.0,138,12,3914.9500000000003,736,326.24583333333334,2130,181,0.4891304347826087,61.333333333333336
13038.0,80,3,908.46,291,302.82,360,24,0.30927835051546393,97.0
13039.0,584,4,1010.73,722,252.6825,290,37,0.16620498614958448,180.5
13040.0,9,2,676.99,33,338.495,355,38,1.8181818181818183,16.5
13041.0,451,4,799.13,590,199.7825,335,23,0.20338983050847456,147.5
13042.0,598,3,1556.54,732,518.8466666666667,830,164,0.12295081967213116,244.0
13043.0,273,1,516.42,273,516.42,254,13,0.10989010989010989,273.0
13044.0,291,11,4853.9,700,441.26363636363635,2553,356,0.4714285714285715,63.63636363636363
13045.0,99,3,808.92,486,269.64,405,41,0.18518518518518517,162.0
13046.0,31,3,949.25,456,316.4166666666667,505,50,0.19736842105263158,152.0
13047.0,32,24,8795.16,724,366.465,3429,190,0.9944751381215469,30.166666666666668
13048.0,14,9,4084.21,681,453.80111111111114,2705,125,0.39647577092511016,75.66666666666667
13049.0,64,4,1408.24,401,352.06,620,19,0.29925187032418954,100.25
13050.0,15,35,12344.53,724,352.70085714285716,7206,513,1.4502762430939227,20.685714285714287
13051.0,579,2,155.8,620,77.9,72,4,0.0967741935483871,310.0
13052.0,212,7,3168.53,655,452.6471428571429,1454,161,0.32061068702290074,93.57142857142857
13053.0,622,1,127.65,622,127.65,47,17,0.04823151125401929,622.0
13055.0,78,4,2321.11,430,580.2775,1821,145,0.27906976744186046,107.5
13056.0,551,1,209.48,551,209.48,158,18,0.0544464609800363,551.0
13057.0,530,3,722.09,632,240.6966666666667,466,34,0.14240506329113925,210.66666666666666
13058.0,25,3,271.40000000000003,152,90.46666666666668,52,5,0.5921052631578947,50.666666666666664
13059.0,250,10,2303.17,619,230.317,864,155,0.48465266558966075,61.9
13060.0,254,1,307.53,254,307.53,123,15,0.11811023622047244,254.0
13061.0,72,1,248.61,72,248.61,107,10,0.41666666666666663,72.0
13062.0,191,1,346.98,191,346.98,343,11,0.15706806282722513,191.0
13063.0,481,1,188.4,481,188.4,116,12,0.062370062370062374,481.0
13064.0,13,6,1680.74,592,280.12333333333333,670,58,0.30405405405405406,98.66666666666667
13065.0,373,5,1260.91,548,252.18200000000002,455,49,0.2737226277372263,109.6
13066.0,24,2,470.8,32,235.4,322,48,1.875,16.0
13067.0,82,3,508.51,446,169.50333333333333,131,24,0.20179372197309417,148.66666666666666
13068.0,10,2,344.0,320,172.0,200,1,0.1875,160.0
13069.0,1,38,9683.13,543,254.81921052631577,15404,573,2.0994475138121547,14.289473684210526
13070.0,192,4,751.7,732,187.925,372,12,0.16393442622950818,183.0
13071.0,612,1,129.22,612,129.22,30,12,0.049019607843137254,612.0
13072.0,267,1,177.15,267,177.15,69,7,0.11235955056179775,267.0
13073.0,411,2,418.08,438,209.04,261,25,0.136986301369863,219.0
13074.0,511,4,1378.74,724,344.685,826,26,0.16574585635359115,181.0
13075.0,130,1,919.61,130,919.61,485,22,0.23076923076923078,130.0
13076.0,458,1,135.4,458,135.4,44,9,0.06550218340611354,458.0
13077.0,1,11,3064.67,729,278.60636363636365,2785,208,0.45267489711934156,66.27272727272727
13078.0,3,57,29532.45,739,518.1131578947369,12183,153,2.3139377537212447,12.964912280701755
13079.0,4,6,419.18,417,69.86333333333333,158,11,0.43165467625899284,69.5
13080.0,179,4,280.73,609,70.1825,193,17,0.19704433497536944,152.25
13081.0,12,28,59205.15,731,2114.469642857143,41423,738,1.149110807113543,26.107142857142858
13082.0,126,21,7335.75,717,349.32142857142856,8466,99,0.8786610878661087,34.142857142857146
13083.0,4,3,395.43,425,131.81,307,19,0.21176470588235294,141.66666666666666
13084.0,492,1,122.39999999999999,492,122.39999999999999,144,2,0.06097560975609757,492.0
13085.0,158,8,2433.28,739,304.16,944,50,0.32476319350473615,92.375
13086.0,383,1,439.33000000000004,383,439.33000000000004,155,47,0.0783289817232376,383.0
13087.0,726,1,313.64,726,313.64,86,15,0.04132231404958678,726.0
13088.0,417,1,236.11,417,236.11,76,19,0.07194244604316546,417.0
13089.0,3,203,116737.86,737,575.0633497536946,60229,857,8.263229308005428,3.6305418719211824
13090.0,9,24,14103.09,494,587.62875,3445,163,1.45748987854251,20.583333333333332
13091.0,28,3,2321.82,730,773.94,1339,41,0.1232876712328767,243.33333333333334
13092.0,71,12,2140.28,668,178.35666666666668,664,52,0.5389221556886228,55.666666666666664
13093.0,276,55,54943.65,736,998.9754545454546,26227,199,2.2418478260869565,13.381818181818181
13094.0,21,13,2433.1200000000003,389,187.16307692307694,2088,5,1.0025706940874035,29.923076923076923
13095.0,71,1,74.39999999999999,71,74.39999999999999,144,6,0.4225352112676056,71.0
13096.0,394,1,419.70000000000005,394,419.70000000000005,6,1,0.07614213197969542,394.0
13097.0,33,28,13389.22,738,478.18642857142856,5396,390,1.1382113821138211,26.357142857142858
13098.0,1,28,28882.44,317,1031.5157142857142,15968,156,2.649842271293376,11.321428571428571
13099.0,99,1,207.35999999999999,99,207.35999999999999,288,1,0.30303030303030304,99.0
13101.0,234,4,695.4,681,173.85,478,48,0.17621145374449337,170.25
13102.0,1,37,11696.92,582,316.132972972973,6576,212,1.9072164948453607,15.72972972972973
13103.0,40,3,709.64,577,236.54666666666665,426,27,0.15597920277296362,192.33333333333334
13104.0,3,9,1709.1,653,189.89999999999998,834,15,0.4134762633996937,72.55555555555556
13105.0,436,1,72.0,436,72.0,100,1,0.06880733944954129,436.0
13106.0,133,2,603.46,413,301.73,231,15,0.14527845036319614,206.5
13107.0,44,9,5253.07,674,583.6744444444444,4316,142,0.40059347181008903,74.88888888888889
13108.0,373,2,1098.52,435,549.26,1043,27,0.13793103448275862,217.5
13109.0,60,3,1134.03,551,378.01,757,57,0.16333938294010888,183.66666666666666
13110.0,31,12,2957.4700000000003,738,246.45583333333335,763,167,0.48780487804878053,61.5
13111.0,719,1,321.88000000000005,719,321.88000000000005,180,12,0.041724617524339355,719.0
13112.0,541,1,20.6,541,20.6,11,2,0.05545286506469501,541.0
13113.0,1,37,18625.73,621,503.3981081081081,4545,166,1.78743961352657,16.783783783783782
13114.0,731,1,234.38,731,234.38,74,16,0.04103967168262654,731.0
13115.0,12,10,5494.7,599,549.47,3934,178,0.5008347245409015,59.9
13116.0,138,1,501.14,138,501.14,291,30,0.21739130434782608,138.0
13117.0,22,18,2643.81,623,146.87833333333333,2067,122,0.8667736757624398,34.611111111111114
13118.0,20,9,2415.41,439,268.37888888888887,834,111,0.6150341685649203,48.77777777777778
13119.0,669,1,134.9,669,134.9,110,11,0.044843049327354265,669.0
13120.0,239,1,30.599999999999998,239,30.599999999999998,12,1,0.12552301255230125,239.0
13121.0,269,1,283.73,269,283.73,252,50,0.11152416356877323,269.0
13122.0,94,2,922.39,240,461.195,585,54,0.25,120.0
13123.0,473,2,506.75,530,253.375,268,36,0.11320754716981132,265.0
13124.0,90,4,4782.45,385,1195.6125,2783,216,0.3116883116883117,96.25
13125.0,524,1,158.57,524,158.57,54,20,0.05725190839694656,524.0
13126.0,5,13,3998.25,648,307.5576923076923,3409,183,0.6018518518518519,49.84615384615385
13127.0,78,1,259.17,78,259.17,127,15,0.3846153846153846,78.0
13128.0,631,1,263.5,631,263.5,31,1,0.04754358161648178,631.0
13129.0,452,2,233.25,530,116.625,296,10,0.11320754716981132,265.0
13130.0,94,1,64.0,94,64.0,32,2,0.3191489361702128,94.0
13131.0,23,7,3313.77,669,473.3957142857143,1523,107,0.31390134529147984,95.57142857142857
13132.0,262,1,77.3,262,77.3,20,3,0.11450381679389313,262.0
13133.0,274,3,200.45000000000002,459,66.81666666666668,55,12,0.19607843137254902,153.0
13134.0,86,6,2475.23,416,412.53833333333336,1364,110,0.4326923076923077,69.33333333333333
13135.0,197,2,3371.45,491,1685.725,4423,18,0.12219959266802442,245.5
13136.0,56,13,6274.56,731,482.65846153846155,3109,204,0.533515731874145,56.23076923076923
13137.0,11,16,7712.7,502,482.04375,4294,628,0.9561752988047809,31.375
13138.0,22,7,1467.24,397,209.6057142857143,718,41,0.5289672544080605,56.714285714285715
13139.0,16,8,8202.98,438,1025.3725,4614,214,0.547945205479452,54.75
13140.0,108,5,1215.68,491,243.13600000000002,648,89,0.3054989816700611,98.2
13141.0,85,17,7668.58,730,451.09294117647056,5169,285,0.6986301369863014,42.94117647058823
13142.0,19,1,307.09,19,307.09,258,23,1.5789473684210527,19.0
13143.0,585,1,405.1,585,405.1,198,23,0.05128205128205128,585.0
13144.0,333,2,135.35,431,67.675,29,6,0.13921113689095127,215.5
13145.0,40,7,1423.52,600,203.35999999999999,266,5,0.35000000000000003,85.71428571428571
13146.0,26,1,228.91,26,228.91,154,16,1.153846153846154,26.0
13147.0,10,4,712.8000000000001,100,178.20000000000002,144,1,1.2,25.0
13148.0,29,26,8621.81,732,331.6080769230769,4571,451,1.0655737704918031,28.153846153846153
13149.0,14,4,1676.06,289,419.015,1280,76,0.4152249134948097,72.25
13150.0,484,3,449.96999999999997,631,149.98999999999998,171,7,0.14263074484944532,210.33333333333334
13151.0,296,3,2580.7400000000002,628,860.2466666666668,832,131,0.14331210191082802,209.33333333333334
13152.0,417,7,2146.38,695,306.6257142857143,977,114,0.3021582733812949,99.28571428571429
13153.0,6,1,486.22,6,486.22,418,15,5.0,6.0
13154.0,399,3,1624.84,736,541.6133333333333,976,78,0.12228260869565218,245.33333333333334
13155.0,33,6,1750.18,492,291.69666666666666,909,79,0.36585365853658536,82.0
13156.0,385,3,1586.54,676,528.8466666666667,914,94,0.13313609467455623,225.33333333333334
13157.0,49,9,5687.36,642,631.9288888888889,4762,173,0.4205607476635514,71.33333333333333
13158.0,95,5,1508.18,388,301.636,992,70,0.38659793814432986,77.6
13159.0,9,4,1437.85,116,359.4625,1059,114,1.0344827586206897,29.0
13160.0,22,1,91.8,22,91.8,56,4,1.3636363636363638,22.0
13161.0,313,2,478.88,501,239.44,106,30,0.11976047904191615,250.5
13162.0,122,16,9275.49,735,579.718125,5755,186,0.6530612244897959,45.9375
13163.0,610,1,17.65,610,17.65,3,2,0.04918032786885246,610.0
13164.0,569,2,372.2,668,186.1,120,7,0.08982035928143713,334.0
13165.0,46,3,1451.16,413,483.72,1736,47,0.2179176755447942,137.66666666666666
13166.0,283,2,884.18,414,442.09,527,55,0.14492753623188406,207.0
13167.0,19,5,1125.15,390,225.03000000000003,1007,64,0.3846153846153846,78.0
13168.0,36,5,1875.31,542,375.062,912,127,0.2767527675276753,108.4
13169.0,64,3,840.08,562,280.0266666666667,296,16,0.1601423487544484,187.33333333333334
13170.0,27,1,116.00999999999999,27,116.00999999999999,147,29,1.1111111111111112,27.0
13171.0,22,3,468.41,299,156.13666666666668,229,37,0.3010033444816054,99.66666666666667
13172.0,400,1,69.6,400,69.6,48,1,0.075,400.0
13173.0,4,11,2639.35,729,239.9409090909091,1620,160,0.45267489711934156,66.27272727272727
13174.0,16,12,9494.84,735,791.2366666666667,4541,602,0.489795918367347,61.25
13175.0,582,2,831.45,736,415.725,423,40,0.08152173913043478,368.0
13176.0,46,1,492.84,46,492.84,453,66,0.6521739130434783,46.0
13177.0,65,2,512.2,431,256.1,180,23,0.13921113689095127,215.5
13178.0,26,21,14059.19,723,669.4852380952382,8778,194,0.8713692946058091,34.42857142857143
13179.0,619,1,572.3100000000001,619,572.3100000000001,368,34,0.048465266558966075,619.0
13180.0,607,1,86.10000000000001,607,86.10000000000001,42,4,0.04942339373970346,607.0
13181.0,381,1,359.69,381,359.69,171,19,0.07874015748031496,381.0
13182.0,45,1,121.18,45,121.18,201,11,0.6666666666666667,45.0
13183.0,8,15,7036.18,636,469.07866666666666,4027,64,0.7075471698113208,42.4
13184.0,15,10,1701.29,290,170.129,1692,138,1.0344827586206897,29.0
13185.0,268,1,71.4,268,71.4,12,1,0.11194029850746269,268.0
13186.0,40,3,1575.89,129,525.2966666666667,820,69,0.6976744186046512,43.0
13187.0,337,4,367.01,624,91.7525,375,51,0.1923076923076923,156.0
13188.0,11,1,114.60000000000001,11,114.60000000000001,25,2,2.7272727272727275,11.0
13189.0,19,2,260.68,115,130.34,842,29,0.5217391304347826,57.5
13190.0,544,3,570.66,733,190.22,308,16,0.12278308321964529,244.33333333333334
13191.0,658,1,164.69,658,164.69,115,58,0.04559270516717325,658.0
13192.0,95,6,2558.58,687,426.43,1629,135,0.26200873362445415,114.5
13193.0,61,1,117.88,61,117.88,50,22,0.49180327868852464,61.0
13194.0,136,2,472.78,422,236.39,326,10,0.14218009478672988,211.0
13195.0,414,1,172.38,414,172.38,83,43,0.07246376811594203,414.0
13196.0,11,7,3068.84,617,438.4057142857143,2006,141,0.34035656401944897,88.14285714285714
13197.0,610,1,373.01000000000005,610,373.01000000000005,204,19,0.04918032786885246,610.0
13198.0,10,8,4974.2300000000005,434,621.7787500000001,3449,265,0.5529953917050692,54.25
13199.0,4,67,16432.89,735,245.26701492537313,12019,61,2.7346938775510203,10.970149253731343
13200.0,19,4,870.09,126,217.5225,516,42,0.9523809523809523,31.5
13201.0,502,4,1240.6100000000001,643,310.15250000000003,1039,65,0.18662519440124417,160.75
13202.0,394,7,1580.3,731,225.75714285714284,572,55,0.28727770177838574,104.42857142857143
13203.0,10,10,2648.25,722,264.825,2413,158,0.4155124653739612,72.2
13204.0,731,1,966.6600000000001,731,966.6600000000001,428,57,0.04103967168262654,731.0
13205.0,443,1,2803.2,443,2803.2,256,1,0.06772009029345372,443.0
13206.0,400,13,8377.32,732,644.4092307692307,7155,393,0.5327868852459016,56.30769230769231
13207.0,15,4,535.86,612,133.965,178,10,0.19607843137254902,153.0
13208.0,59,9,1988.5,736,220.94444444444446,1345,198,0.36684782608695654,81.77777777777777
13209.0,30,13,8509.51,684,654.5776923076924,5781,284,0.5701754385964912,52.61538461538461
13210.0,94,1,353.48,94,353.48,316,22,0.3191489361702128,94.0
13211.0,10,10,2729.32,733,272.932,1890,98,0.4092769440654843,73.3
13212.0,20,3,788.08,61,262.6933333333333,310,128,1.4754098360655736,20.333333333333332
13213.0,57,11,3851.52,568,350.1381818181818,2962,181,0.5809859154929577,51.63636363636363
13214.0,418,7,3264.23,646,466.31857142857143,2966,207,0.32507739938080493,92.28571428571429
13215.0,402,1,81.6,402,81.6,96,1,0.07462686567164178,402.0
13216.0,268,1,333.74,268,333.74,297,5,0.11194029850746269,268.0
13217.0,122,4,666.48,656,166.62,512,3,0.18292682926829268,164.0
13218.0,127,1,62.63999999999999,127,62.63999999999999,88,5,0.23622047244094488,127.0
13219.0,618,1,76.23,618,76.23,11,11,0.04854368932038835,618.0
13220.0,78,5,1336.0900000000001,576,267.218,396,46,0.2604166666666667,115.2
13221.0,240,2,847.41,359,423.705,244,62,0.1671309192200557,179.5
13222.0,577,1,88.5,577,88.5,30,1,0.05199306759098787,577.0
13223.0,200,6,969.1200000000001,665,161.52,568,8,0.27067669172932335,110.83333333333333
13224.0,60,2,2155.95,151,1077.975,1518,101,0.3973509933774834,75.5
13225.0,3,16,16260.07,723,1016.254375,7401,60,0.6639004149377594,45.1875
13226.0,273,2,312.46,393,156.23,179,28,0.15267175572519084,196.5
13227.0,202,1,257.7,202,257.7,99,9,0.1485148514851485,202.0
13228.0,81,1,358.0,81,358.0,200,2,0.37037037037037035,81.0
13229.0,226,1,160.95,226,160.95,63,10,0.1327433628318584,226.0
13230.0,4,30,6360.78,631,212.02599999999998,3635,653,1.4263074484944533,21.033333333333335
13232.0,13,7,1357.6,243,193.94285714285712,778,147,0.8641975308641976,34.714285714285715
13233.0,74,4,1176.46,694,294.115,1604,74,0.17291066282420747,173.5
13234.0,673,2,356.95,733,178.475,162,56,0.08185538881309687,366.5
13235.0,212,1,1031.07,212,1031.07,441,53,0.14150943396226415,212.0
13236.0,25,2,744.85,107,372.425,416,34,0.5607476635514018,53.5
13237.0,388,1,643.0,388,643.0,128,24,0.07731958762886598,388.0
13238.0,17,6,1006.63,590,167.77166666666668,442,24,0.30508474576271183,98.33333333333333
13239.0,262,5,1594.69,502,318.938,1151,86,0.29880478087649404,100.4
13240.0,96,8,1738.52,652,217.315,859,160,0.36809815950920244,81.5
13241.0,412,1,115.58,412,115.58,48,40,0.07281553398058252,412.0
13242.0,112,7,699.4,668,99.91428571428571,350,19,0.3143712574850299,95.42857142857143
13243.0,203,5,1278.04,631,255.608,579,165,0.2377179080824089,126.2
13244.0,93,1,121.74000000000001,93,121.74000000000001,38,27,0.32258064516129037,93.0
13245.0,51,2,989.22,432,494.61,371,43,0.1388888888888889,216.0
13246.0,18,11,3387.43,525,307.9481818181818,2815,229,0.6285714285714286,47.72727272727273
13247.0,18,4,501.12,83,125.28,328,18,1.4457831325301205,20.75
13248.0,125,2,465.68,189,232.84,305,25,0.31746031746031744,94.5
13249.0,92,9,1608.93,685,178.77,1246,21,0.39416058394160586,76.11111111111111
13250.0,461,2,256.04,502,128.02,108,17,0.11952191235059761,251.0
13251.0,402,1,252.68,402,252.68,215,25,0.07462686567164178,402.0
13252.0,394,2,399.3,626,199.65,134,19,0.09584664536741214,313.0
13253.0,157,4,2951.11,704,737.7775,3015,73,0.17045454545454547,176.0
13254.0,376,1,51.410000000000004,376,51.410000000000004,43,4,0.0797872340425532,376.0
13255.0,9,3,904.46,512,301.4866666666667,517,26,0.17578125,170.66666666666666
13257.0,436,1,149.75,436,149.75,33,7,0.06880733944954129,436.0
13258.0,12,5,1035.18,401,207.036,451,29,0.3740648379052369,80.2
13259.0,62,9,1433.38,699,159.26444444444445,517,234,0.38626609442060084,77.66666666666667
13260.0,61,1,557.62,61,557.62,142,8,0.49180327868852464,61.0
13261.0,269,2,944.1,286,472.05,210,8,0.2097902097902098,143.0
13262.0,263,3,573.45,601,191.15,247,48,0.1497504159733777,200.33333333333334
13263.0,1,39,8704.69,413,223.1971794871795,5390,507,2.8329297820823243,10.58974358974359
13264.0,443,1,722.5600000000001,443,722.5600000000001,375,38,0.06772009029345372,443.0
13265.0,53,5,2107.66,274,421.532,1752,66,0.5474452554744526,54.8
13266.0,11,19,6135.04,723,322.89684210526315,6837,154,0.7883817427385892,38.05263157894737
13267.0,3,36,9758.26,732,271.0627777777778,4104,152,1.4754098360655736,20.333333333333332
13268.0,18,11,3214.69,267,292.24454545454546,3658,257,1.2359550561797752,24.272727272727273
13269.0,1,28,8891.7,738,317.5607142857143,6564,238,1.1382113821138211,26.357142857142858
13270.0,366,1,1180.0,366,1180.0,400,1,0.08196721311475409,366.0
13271.0,37,1,217.38,37,217.38,253,79,0.8108108108108109,37.0
13272.0,31,2,276.56,90,138.28,96,15,0.6666666666666667,45.0
13273.0,113,1,138.98,113,138.98,153,16,0.2654867256637168,113.0
13274.0,409,1,360.85,409,360.85,199,19,0.07334963325183375,409.0
13275.0,384,2,241.66,632,120.83,140,48,0.09493670886075949,316.0
13276.0,64,5,1939.26,642,387.852,855,209,0.2336448598130841,128.4
13277.0,16,7,523.3,540,74.75714285714285,382,10,0.3888888888888889,77.14285714285714
13278.0,41,4,1435.85,611,358.9625,1358,80,0.19639934533551556,152.75
13279.0,78,1,137.75,78,137.75,73,9,0.3846153846153846,78.0
13280.0,122,7,2322.63,645,331.80428571428575,1495,159,0.32558139534883723,92.14285714285714
13281.0,439,1,350.85,439,350.85,201,22,0.0683371298405467,439.0
13282.0,18,4,1313.19,406,328.2975,410,42,0.2955665024630542,101.5
13283.0,60,4,373.36,640,93.34,204,19,0.1875,160.0
13284.0,331,1,201.19,331,201.19,91,13,0.09063444108761329,331.0
13285.0,23,6,3364.59,624,560.765,2457,182,0.2884615384615385,104.0
13286.0,600,1,734.91,600,734.91,274,46,0.05,600.0
13287.0,603,3,781.59,705,260.53000000000003,429,46,0.1276595744680851,235.0
13288.0,443,5,927.61,666,185.522,379,7,0.22522522522522523,133.2
13289.0,724,1,307.95,724,307.95,119,16,0.04143646408839779,724.0
13290.0,438,1,208.63,438,208.63,1,1,0.0684931506849315,438.0
13291.0,156,11,3320.84,666,301.8945454545455,1619,155,0.4954954954954955,60.54545454545455
13292.0,39,5,994.51,526,198.902,530,55,0.28517110266159695,105.2
13293.0,392,6,1192.94,669,198.82333333333335,555,51,0.26905829596412556,111.5
13294.0,190,3,1689.53,646,563.1766666666666,996,93,0.1393188854489164,215.33333333333334
13295.0,360,4,1101.97,577,275.4925,733,56,0.20797227036395147,144.25
13296.0,137,6,792.51,577,132.085,653,50,0.31195840554592724,96.16666666666667
13297.0,8,7,4368.62,543,624.0885714285714,2694,108,0.3867403314917127,77.57142857142857
13298.0,1,1,360.0,1,360.0,96,2,30.0,1.0
13299.0,268,3,1218.7,529,406.23333333333335,416,56,0.17013232514177695,176.33333333333334
13300.0,169,3,1285.51,574,428.50333333333333,455,44,0.15679442508710803,191.33333333333334
13301.0,104,4,618.09,292,154.5225,345,75,0.410958904109589,73.0
13302.0,155,2,159.2,527,79.6,12,3,0.11385199240986718,263.5
13303.0,400,1,61.72,400,61.72,26,4,0.075,400.0
13304.0,351,4,1217.99,670,304.4975,716,59,0.1791044776119403,167.5
13305.0,4,16,3754.71,639,234.669375,2361,153,0.7511737089201878,39.9375
13306.0,430,1,53.65,430,53.65,74,4,0.06976744186046512,430.0
13307.0,120,3,273.34,592,91.11333333333333,140,15,0.15202702702702703,197.33333333333334
13308.0,23,4,1670.3700000000001,597,417.59250000000003,1073,65,0.20100502512562815,149.25
13309.0,7,6,1706.3700000000001,393,284.39500000000004,1914,95,0.4580152671755725,65.5
13310.0,28,5,1541.2,402,308.24,816,80,0.373134328358209,80.4
13311.0,4,2,598.57,150,299.285,305,25,0.4,75.0
13312.0,451,1,124.75,451,124.75,41,5,0.06651884700665188,451.0
13313.0,22,12,3445.32,737,287.11,2308,105,0.4884667571234735,61.416666666666664
13314.0,2,3,775.94,74,258.6466666666667,560,55,1.2162162162162162,24.666666666666668
13315.0,689,1,310.26,689,310.26,232,22,0.04354136429608128,689.0
13316.0,37,10,13191.57,640,1319.157,21372,115,0.46875,64.0
13317.0,66,19,6486.091,727,341.3732105263158,3149,222,0.7840440165061898,38.26315789473684
13318.0,1,3,640.76,37,213.58666666666667,304,14,2.4324324324324325,12.333333333333334
13319.0,5,58,22082.5,733,380.73275862068965,9270,345,2.3738062755798093,12.637931034482758
13320.0,78,6,2228.1,479,371.34999999999997,1519,98,0.3757828810020877,79.83333333333333
13321.0,72,2,567.36,86,283.68,372,10,0.6976744186046512,43.0
13322.0,17,1,199.48000000000002,17,199.48000000000002,117,25,1.7647058823529411,17.0
13323.0,3,5,787.85,84,157.57,175,6,1.7857142857142856,16.8
13324.0,36,18,10513.47,564,584.0816666666666,8448,36,0.9574468085106382,31.333333333333332
13325.0,82,1,675.3,82,675.3,240,12,0.36585365853658536,82.0
13326.0,432,1,281.76,432,281.76,140,13,0.06944444444444445,432.0
13327.0,39,20,9879.48,721,493.974,4479,175,0.8321775312066575,36.05
13328.0,316,1,1308.48,316,1308.48,680,17,0.09493670886075949,316.0
13329.0,32,8,5112.97,735,639.12125,3486,68,0.32653061224489793,91.875
13330.0,93,6,2806.18,655,467.69666666666666,1975,80,0.2748091603053435,109.16666666666667
13331.0,402,1,262.4,402,262.4,54,12,0.07462686567164178,402.0
13332.0,14,1,350.9,14,350.9,179,21,2.142857142857143,14.0
13333.0,411,3,1015.74,659,338.58,685,54,0.13657056145675267,219.66666666666666
13334.0,82,5,6263.75,653,1252.75,3227,307,0.22970903522205208,130.6
13336.0,77,1,795.12,77,795.12,559,51,0.38961038961038963,77.0
13337.0,546,1,1575.26,546,1575.26,980,87,0.054945054945054944,546.0
13338.0,158,4,2445.62,704,611.405,1151,113,0.17045454545454547,176.0
13339.0,201,1,860.12,201,860.12,326,54,0.14925373134328357,201.0
13340.0,45,12,22100.56,655,1841.7133333333334,9636,190,0.549618320610687,54.583333333333336
13341.0,261,1,775.85,261,775.85,301,42,0.11494252873563218,261.0
13343.0,178,1,353.43,178,353.43,135,19,0.16853932584269662,178.0
13344.0,68,3,2543.72,278,847.9066666666666,971,115,0.32374100719424465,92.66666666666667
13345.0,288,1,389.5,288,389.5,141,20,0.10416666666666666,288.0
13346.0,463,6,299.4,597,49.9,180,4,0.30150753768844224,99.5
13347.0,70,1,341.36,70,341.36,205,8,0.42857142857142855,70.0
13348.0,64,1,233.76,64,233.76,136,14,0.46875,64.0
13349.0,11,1,247.32,11,247.32,225,16,2.7272727272727275,11.0
13350.0,16,2,979.12,79,489.56,287,36,0.7594936708860759,39.5
13351.0,66,1,373.94,66,373.94,117,16,0.4545454545454546,66.0
13352.0,60,1,397.97999999999996,60,397.97999999999996,321,24,0.5,60.0
13354.0,71,1,743.53,71,743.53,604,51,0.4225352112676056,71.0
13355.0,122,1,674.7,122,674.7,314,32,0.24590163934426232,122.0
13356.0,80,1,768.24,80,768.24,325,42,0.375,80.0
13357.0,257,5,3838.36,627,767.672,2142,284,0.23923444976076552,125.4
13358.0,269,1,439.03,269,439.03,285,29,0.11152416356877323,269.0
13359.0,64,2,1043.31,403,521.655,381,52,0.1488833746898263,201.5
13360.0,432,4,1553.65,701,388.4125,942,58,0.17118402282453637,175.25
13361.0,472,2,1450.5,618,725.25,324,29,0.0970873786407767,309.0
13362.0,9,7,5394.07,425,770.5814285714285,2481,186,0.49411764705882355,60.714285714285715
13363.0,18,3,1723.86,410,574.62,1146,78,0.21951219512195122,136.66666666666666
13364.0,71,1,134.95999999999998,71,134.95999999999998,71,10,0.4225352112676056,71.0
13365.0,34,2,2225.37,218,1112.685,1247,122,0.27522935779816515,109.0
13366.0,50,1,56.160000000000004,50,56.160000000000004,144,1,0.6,50.0
13367.0,432,1,510.20000000000005,432,510.20000000000005,253,20,0.06944444444444445,432.0
13368.0,257,4,1121.5,424,280.375,606,45,0.2830188679245283,106.0
13369.0,366,1,616.5600000000001,366,616.5600000000001,298,14,0.08196721311475409,366.0
13370.0,372,1,1509.74,372,1509.74,686,39,0.08064516129032259,372.0
13371.0,505,2,2297.66,632,1148.83,1019,75,0.09493670886075949,316.0
13372.0,90,1,378.64,90,378.64,159,23,0.33333333333333337,90.0
13373.0,61,6,7587.1900000000005,734,1264.5316666666668,4263,292,0.24523160762942778,122.33333333333333
13374.0,415,2,422.8,450,211.4,135,17,0.13333333333333333,225.0
13375.0,89,2,1792.23,445,896.115,1124,62,0.13483146067415733,222.5
13376.0,99,3,1019.76,234,339.92,493,45,0.3846153846153846,78.0
13377.0,397,2,1552.88,646,776.44,748,71,0.09287925696594428,323.0
13379.0,26,3,572.56,137,190.85333333333332,601,85,0.6569343065693432,45.666666666666664
13380.0,433,1,62.4,433,62.4,48,3,0.06928406466512702,433.0
13381.0,32,12,8224.37,738,685.3641666666667,5125,154,0.48780487804878053,61.5
13382.0,281,5,1387.58,732,277.51599999999996,863,74,0.20491803278688525,146.4
13383.0,544,1,305.28000000000003,544,305.28000000000003,288,1,0.05514705882352941,544.0
13384.0,31,11,6680.83,501,607.3481818181818,4142,192,0.6586826347305389,45.54545454545455
13385.0,330,1,534.57,330,534.57,281,35,0.09090909090909091,330.0
13386.0,414,2,835.46,437,417.73,514,24,0.13729977116704806,218.5
13387.0,417,1,189.44,417,189.44,125,71,0.07194244604316546,417.0
13388.0,131,3,1185.65,604,395.2166666666667,701,68,0.1490066225165563,201.33333333333334
13389.0,11,3,797.96,233,265.9866666666667,429,50,0.38626609442060084,77.66666666666667
13390.0,75,1,544.08,75,544.08,224,13,0.4,75.0
13391.0,204,1,59.8,204,59.8,4,1,0.14705882352941177,204.0
13392.0,677,1,91.14,677,91.14,82,8,0.044313146233382575,677.0
13393.0,584,4,1131.45,732,282.8625,662,53,0.16393442622950818,183.0
13394.0,2,19,6621.7,739,348.5105263157895,5354,254,0.7713125845737483,38.89473684210526
13395.0,185,3,1180.23,421,393.41,1660,77,0.2137767220902613,140.33333333333334
13396.0,29,2,1360.99,319,680.495,600,42,0.18808777429467083,159.5
13397.0,73,10,3191.87,689,319.187,1336,68,0.4354136429608128,68.9
13398.0,192,2,670.34,449,335.17,341,37,0.13363028953229397,224.5
13399.0,464,3,275.4,519,91.8,120,10,0.17341040462427745,173.0
13400.0,583,1,310.83,583,310.83,284,23,0.051457975986277875,583.0
13402.0,127,4,1535.13,565,383.7825,1107,55,0.21238938053097345,141.25
13403.0,18,3,229.5,723,76.5,114,9,0.12448132780082988,241.0
13404.0,1,2,252.49,213,126.245,111,11,0.28169014084507044,106.5
13405.0,74,6,1213.811,724,202.30183333333332,855,33,0.24861878453038672,120.66666666666667
13406.0,427,2,568.92,632,284.46,292,7,0.09493670886075949,316.0
13407.0,579,3,2244.7,662,748.2333333333332,1690,85,0.13595166163141995,220.66666666666666
13408.0,2,106,51733.462,736,488.0515283018868,29499,321,4.320652173913044,6.943396226415095
13410.0,24,9,2201.96,731,244.66222222222223,1244,25,0.3693570451436389,81.22222222222223
13411.0,107,1,213.55,107,213.55,72,17,0.2803738317757009,107.0
13412.0,620,1,487.34999999999997,620,487.34999999999997,176,33,0.04838709677419355,620.0
13413.0,640,6,429.44,687,71.57333333333334,455,38,0.26200873362445415,114.5
13414.0,134,6,2494.14,603,415.69,2702,48,0.29850746268656714,100.5
13415.0,473,4,800.67,728,200.1675,502,85,0.16483516483516486,182.0
13416.0,44,3,940.8000000000001,736,313.6,208,16,0.12228260869565218,245.33333333333334
13417.0,5,6,1669.49,670,278.24833333333333,532,57,0.26865671641791045,111.66666666666667
13418.0,12,31,12233.6,728,394.6322580645161,7606,328,1.2774725274725276,23.483870967741936
13419.0,64,1,221.06,64,221.06,275,16,0.46875,64.0
13420.0,150,2,159.85,171,79.925,101,8,0.3508771929824561,85.5
13421.0,40,8,4103.12,663,512.89,2420,174,0.36199095022624433,82.875
13422.0,64,1,2626.3,64,2626.3,1326,127,0.46875,64.0
13423.0,429,1,217.03,429,217.03,141,12,0.06993006993006994,429.0
13424.0,450,1,572.77,450,572.77,529,40,0.06666666666666667,450.0
13425.0,108,5,3403.63,579,680.726,2382,124,0.25906735751295334,115.8
13426.0,1,22,8167.38,730,371.24454545454546,4868,162,0.904109589041096,33.18181818181818
13427.0,19,6,1006.53,722,167.755,880,35,0.24930747922437674,120.33333333333333
13428.0,10,3,499.98,514,166.66,366,122,0.17509727626459143,171.33333333333334
13429.0,11,4,1006.8,75,251.7,1390,55,1.6,18.75
13430.0,19,2,679.45,86,339.725,751,48,0.6976744186046512,43.0
13431.0,67,8,3316.24,660,414.53,1570,113,0.36363636363636365,82.5
13432.0,571,2,439.1,612,219.55,217,98,0.09803921568627451,306.0
13433.0,501,4,658.3199999999999,697,164.57999999999998,190,22,0.17216642754662842,174.25
13434.0,74,5,1666.8600000000001,656,333.372,864,17,0.22865853658536583,131.2
13435.0,5,9,4475.2300000000005,500,497.24777777777786,2791,96,0.5399999999999999,55.55555555555556
13436.0,2,1,196.89,2,196.89,76,12,15.0,2.0
13437.0,14,7,3408.06,190,486.86571428571426,1283,143,1.1052631578947367,27.142857142857142
13438.0,547,1,46.5,547,46.5,10,1,0.054844606946983544,547.0
13439.0,255,3,986.61,526,328.87,952,132,0.1711026615969582,175.33333333333334
13440.0,423,7,1295.25,452,185.03571428571428,573,49,0.4646017699115044,64.57142857142857
13441.0,92,2,720.9,432,360.45,520,33,0.1388888888888889,216.0
13442.0,667,3,419.87,738,139.95666666666668,115,33,0.12195121951219513,246.0
13443.0,449,6,1280.16,677,213.36,809,176,0.2658788774002954,112.83333333333333
13444.0,374,2,631.6800000000001,506,315.84000000000003,337,51,0.11857707509881422,253.0
13445.0,626,1,241.89999999999998,626,241.89999999999998,198,7,0.04792332268370607,626.0
13446.0,430,11,3881.89,664,352.8990909090909,2403,113,0.49698795180722893,60.36363636363637
13447.0,23,3,1129.14,36,376.38000000000005,584,55,2.5,12.0
13448.0,17,13,9240.87,734,710.8361538461539,4404,321,0.5313351498637603,56.46153846153846
13449.0,24,1,291.88,24,291.88,222,19,1.25,24.0
13450.0,27,13,4120.04,603,316.92615384615385,4318,57,0.6467661691542288,46.38461538461539
13451.0,26,11,7190.92,628,653.72,5268,561,0.5254777070063694,57.09090909090909
13452.0,259,3,729.8,473,243.26666666666665,6,2,0.19027484143763213,157.66666666666666
13453.0,166,3,781.6899999999999,402,260.56333333333333,341,33,0.22388059701492538,134.0
13454.0,641,1,219.87,641,219.87,198,23,0.046801872074883,641.0
13455.0,25,6,2905.93,731,484.32166666666666,985,79,0.24623803009575923,121.83333333333333
13456.0,18,6,1766.72,207,294.4533333333333,765,43,0.8695652173913043,34.5
13457.0,689,2,148.22,738,74.11,96,9,0.08130081300813008,369.0
13458.0,7,16,11959.27,388,747.454375,6760,290,1.2371134020618557,24.25
13459.0,625,2,1160.4099999999999,682,580.2049999999999,986,57,0.08797653958944282,341.0
13460.0,29,2,183.44,50,91.72,286,16,1.2,25.0
13461.0,39,6,4160.0,597,693.3333333333334,3132,30,0.30150753768844224,99.5
13462.0,253,5,1153.85,726,230.76999999999998,697,64,0.2066115702479339,145.2
13464.0,58,6,3097.64,618,516.2733333333333,1440,128,0.2912621359223301,103.0
13465.0,446,2,931.12,586,465.56,584,34,0.10238907849829351,293.0
13466.0,184,5,1013.35,628,202.67000000000002,660,49,0.23885350318471338,125.6
13467.0,11,2,1083.71,36,541.855,584,89,1.6666666666666665,18.0
13468.0,2,72,13390.51,736,185.97930555555556,5824,290,2.9347826086956523,10.222222222222221
13469.0,653,1,82.4,653,82.4,52,6,0.045941807044410414,653.0
13470.0,99,2,165.0,115,82.5,100,7,0.5217391304347826,57.5
13471.0,1,4,2531.58,47,632.895,1590,214,2.5531914893617023,11.75
13472.0,464,2,592.24,556,296.12,310,24,0.10791366906474821,278.0
13473.0,61,8,2657.7599999999998,724,332.21999999999997,1000,65,0.3314917127071823,90.5
13474.0,236,3,663.79,495,221.26333333333332,334,116,0.18181818181818182,165.0
13475.0,191,4,1431.78,299,357.945,1012,64,0.4013377926421405,74.75
13476.0,179,5,2061.4700000000003,645,412.29400000000004,713,86,0.23255813953488372,129.0
13477.0,38,11,2834.17,684,257.6518181818182,2095,112,0.48245614035087714,62.18181818181818
13478.0,469,5,2215.78,677,443.15600000000006,1189,114,0.22156573116691283,135.4
13479.0,201,4,851.37,477,212.8425,716,45,0.25157232704402516,119.25
13480.0,417,2,627.82,680,313.91,362,40,0.08823529411764705,340.0
13481.0,46,11,3830.84,736,348.2581818181818,2055,162,0.4483695652173913,66.9090909090909
13482.0,232,2,336.09,628,168.045,187,20,0.09554140127388536,314.0
13483.0,66,1,140.34,66,140.34,160,10,0.4545454545454546,66.0
13484.0,241,3,790.72,640,263.5733333333333,224,38,0.140625,213.33333333333334
13485.0,233,11,3019.2200000000003,736,274.4745454545455,1798,131,0.4483695652173913,66.9090909090909
13486.0,78,3,1122.41,155,374.1366666666667,669,69,0.5806451612903226,51.666666666666664
13487.0,58,5,846.87,735,169.374,362,31,0.20408163265306123,147.0
13488.0,17,23,15587.88,684,677.7339130434782,7891,370,1.0087719298245614,29.73913043478261
13489.0,105,4,449.52,295,112.38,560,11,0.4067796610169491,73.75
13490.0,654,1,154.25,654,154.25,25,8,0.045871559633027525,654.0
13491.0,52,27,4566.56,733,169.13185185185188,2385,144,1.1050477489768076,27.14814814814815
13492.0,136,3,1269.84,215,423.28,408,38,0.41860465116279066,71.66666666666667
13493.0,275,2,618.63,287,309.315,380,6,0.20905923344947736,143.5
13494.0,312,1,316.26000000000005,312,316.26000000000005,162,18,0.09615384615384615,312.0
13495.0,8,10,5374.26,733,537.426,2674,59,0.4092769440654843,73.3
13496.0,11,2,653.33,360,326.665,341,28,0.16666666666666669,180.0
13497.0,283,6,1320.33,670,220.05499999999998,579,52,0.26865671641791045,111.66666666666667
13498.0,730,1,327.38,730,327.38,362,17,0.0410958904109589,730.0
13499.0,18,5,1159.11,270,231.82199999999997,1365,31,0.5555555555555556,54.0
13500.0,23,4,1466.3,401,366.575,838,77,0.29925187032418954,100.25
13501.0,288,3,2885.11,570,961.7033333333334,1253,90,0.15789473684210525,190.0
13502.0,17,5,780.5,549,156.1,490,28,0.273224043715847,109.8
13503.0,71,6,1905.39,661,317.565,1118,158,0.2723146747352496,110.16666666666667
13504.0,64,1,295.93,64,295.93,178,22,0.46875,64.0
13505.0,73,4,4393.63,233,1098.4075,2486,182,0.5150214592274678,58.25
13506.0,316,5,1639.2,461,327.84000000000003,1174,55,0.32537960954446854,92.2
13507.0,3,4,2479.16,146,619.79,1597,146,0.821917808219178,36.5
13508.0,244,2,287.05,643,143.525,180,27,0.09331259720062209,321.5
13509.0,9,8,1114.72,508,139.34,1214,27,0.47244094488188976,63.5
13510.0,1,11,4558.29,719,414.39,3044,176,0.45897079276773295,65.36363636363636
13511.0,677,1,282.76,677,282.76,60,5,0.044313146233382575,677.0
13512.0,261,4,713.39,583,178.3475,419,31,0.2058319039451115,145.75
13513.0,127,3,824.59,655,274.86333333333334,364,32,0.13740458015267176,218.33333333333334
13514.0,74,4,815.9000000000001,682,203.97500000000002,288,15,0.17595307917888564,170.5
13515.0,73,6,1265.82,645,210.97,819,64,0.27906976744186046,107.5
13516.0,21,4,1685.26,418,421.315,1114,55,0.28708133971291866,104.5
13517.0,60,3,2128.42,180,709.4733333333334,1369,125,0.5,60.0
13518.0,86,1,659.4399999999999,86,659.4399999999999,392,36,0.3488372093023256,86.0
13519.0,78,2,343.21,443,171.605,133,19,0.13544018058690743,221.5
13520.0,59,11,6909.4,723,628.1272727272727,3289,81,0.45643153526970953,65.72727272727273
13521.0,1,3,1093.65,10,364.55,736,313,9.0,3.3333333333333335
13522.0,30,1,125.80000000000001,30,125.80000000000001,44,5,1.0,30.0
13523.0,33,6,5101.52,402,850.2533333333334,2354,177,0.44776119402985076,67.0
13524.0,41,5,680.1800000000001,220,136.036,324,17,0.6818181818181819,44.0
13525.0,15,2,628.78,248,314.39,394,5,0.24193548387096775,124.0
13526.0,738,2,1182.0,738,591.0,1911,29,0.08130081300813008,369.0
13527.0,34,12,4683.74,688,390.31166666666667,2762,266,0.5232558139534884,57.333333333333336
13529.0,79,2,307.76,205,153.88,74,15,0.2926829268292683,102.5
13530.0,634,1,402.97999999999996,634,402.97999999999996,272,18,0.0473186119873817,634.0
13531.0,205,6,1738.52,736,289.75333333333333,600,44,0.24456521739130435,122.66666666666667
13532.0,34,1,210.31,34,210.31,129,66,0.8823529411764706,34.0
13533.0,183,3,270.79,268,90.26333333333334,204,61,0.33582089552238803,89.33333333333333
13534.0,2,35,7720.9,520,220.59714285714284,3869,163,2.019230769230769,14.857142857142858
13535.0,403,1,89.5,403,89.5,10,1,0.07444168734491315,403.0
13536.0,1,7,3448.29,75,492.61285714285714,2136,91,2.8000000000000003,10.714285714285714
13537.0,426,2,717.85,452,358.925,337,38,0.1327433628318584,226.0
13538.0,43,12,3112.73,676,259.39416666666665,963,105,0.5325443786982249,56.333333333333336
13539.0,86,7,1569.3600000000001,591,224.19428571428574,710,69,0.3553299492385787,84.42857142857143
13540.0,467,3,632.39,656,210.79666666666665,189,26,0.1371951219512195,218.66666666666666
13541.0,427,2,785.25,570,392.625,279,10,0.10526315789473685,285.0
13542.0,377,17,4006.17,729,235.6570588235294,815,98,0.6995884773662552,42.88235294117647
13543.0,634,2,1439.6100000000001,687,719.8050000000001,329,37,0.08733624454148473,343.5
13544.0,40,6,829.0,645,138.16666666666666,358,219,0.27906976744186046,107.5
13545.0,391,2,374.64,545,187.32,257,54,0.11009174311926606,272.5
13546.0,12,5,1092.14,424,218.42800000000003,589,95,0.3537735849056604,84.8
13547.0,408,1,175.53,408,175.53,82,44,0.07352941176470588,408.0
13548.0,96,3,908.99,471,302.99666666666667,565,169,0.1910828025477707,157.0
13549.0,26,8,1005.8,388,125.725,554,44,0.6185567010309279,48.5
13550.0,383,1,349.51,383,349.51,454,40,0.0783289817232376,383.0
13551.0,319,2,244.2,666,122.1,36,5,0.09009009009009009,333.0
13552.0,66,22,6978.92,658,317.2236363636364,2654,162,1.0030395136778114,29.90909090909091
13553.0,675,1,517.8,675,517.8,206,85,0.04444444444444444,675.0
13554.0,380,7,1638.28,447,234.04,581,156,0.4697986577181208,63.857142857142854
13555.0,74,13,8999.19,689,692.2453846153846,4827,264,0.5660377358490566,53.0
13556.0,429,2,200.82,436,100.41,134,8,0.13761467889908258,218.0
13557.0,28,13,3032.26,731,233.25076923076924,2398,126,0.533515731874145,56.23076923076923
13558.0,6,4,605.06,68,151.265,344,123,1.7647058823529411,17.0
13559.0,513,2,990.0,544,495.0,360,1,0.11029411764705882,272.0
13560.0,7,1,174.37,7,174.37,64,32,4.285714285714286,7.0
13561.0,216,11,1820.72,649,165.52,1136,131,0.5084745762711864,59.0
13562.0,82,8,4838.18,694,604.7725,1603,88,0.34582132564841495,86.75
13563.0,84,2,777.53,140,388.765,209,49,0.42857142857142855,70.0
13564.0,144,37,17249.55,738,466.20405405405404,9251,484,1.5040650406504066,19.945945945945947
13565.0,19,3,414.8,411,138.26666666666668,260,45,0.218978102189781,137.0
13566.0,41,5,1708.1200000000001,640,341.624,1266,263,0.234375,128.0
13567.0,428,4,1083.69,542,270.9225,645,180,0.22140221402214022,135.5
13568.0,173,1,192.85,173,192.85,70,41,0.17341040462427745,173.0
13569.0,17,4,893.78,428,223.445,402,140,0.2803738317757009,107.0
13570.0,243,1,239.49,243,239.49,161,27,0.1234567901234568,243.0
13571.0,13,26,4546.54,731,174.8669230769231,3197,263,1.06703146374829,28.115384615384617
13572.0,206,1,1384.25,206,1384.25,534,32,0.14563106796116504,206.0
13573.0,50,6,916.47,637,152.745,660,73,0.28257456828885397,106.16666666666667
13574.0,411,1,421.25,411,421.25,316,84,0.07299270072992702,411.0
13575.0,23,5,732.0699999999999,176,146.414,449,41,0.8522727272727273,35.2
13576.0,10,28,11551.74,731,412.5621428571429,4614,145,1.149110807113543,26.107142857142858
13577.0,25,11,3489.28,725,317.20727272727277,1661,102,0.45517241379310347,65.9090909090909
13578.0,409,1,147.66,409,147.66,127,9,0.07334963325183375,409.0
13579.0,15,5,1539.04,659,307.808,764,72,0.2276176024279211,131.8
13580.0,406,1,107.75,406,107.75,45,5,0.07389162561576355,406.0
13581.0,309,2,280.53000000000003,414,140.26500000000001,119,32,0.14492753623188406,207.0
13582.0,390,2,241.68,618,120.84,106,10,0.0970873786407767,309.0
13583.0,156,2,1445.031,679,722.5155,1097,93,0.08836524300441825,339.5
13584.0,307,3,392.45,676,130.81666666666666,363,74,0.13313609467455623,225.33333333333334
13585.0,531,3,684.54,738,228.17999999999998,1386,29,0.12195121951219513,246.0
13586.0,541,1,131.53,541,131.53,39,20,0.05545286506469501,541.0
13587.0,64,4,1673.5,663,418.375,664,27,0.18099547511312217,165.75
13588.0,16,9,2478.95,255,275.43888888888887,2606,131,1.0588235294117647,28.333333333333332
13589.0,15,6,1120.74,734,186.79,293,48,0.24523160762942778,122.33333333333333
13590.0,11,18,6349.59,738,352.755,5276,255,0.7317073170731707,41.0
13591.0,65,7,2093.94,725,299.13428571428574,850,89,0.2896551724137931,103.57142857142857
13592.0,36,4,247.95999999999998,264,61.989999999999995,84,15,0.4545454545454546,66.0
13593.0,108,14,5523.6900000000005,647,394.54928571428576,2190,212,0.6491499227202473,46.214285714285715
13594.0,53,2,533.32,486,266.66,396,31,0.1234567901234568,243.0
13595.0,517,3,818.22,646,272.74,353,114,0.1393188854489164,215.33333333333334
13596.0,6,2,697.04,13,348.52,406,133,4.615384615384616,6.5
13597.0,400,2,396.71,403,198.355,231,17,0.1488833746898263,201.5
13598.0,47,5,789.59,652,157.918,401,78,0.23006134969325154,130.4
13599.0,1,33,10167.630000000001,739,308.11,6494,235,1.3396481732070364,22.393939393939394
13600.0,312,2,518.42,634,259.21,599,35,0.0946372239747634,317.0
13601.0,45,4,1185.14,546,296.285,972,160,0.21978021978021978,136.5
13602.0,65,4,1025.17,561,256.2925,538,49,0.21390374331550802,140.25
13603.0,26,1,164.34,26,164.34,164,27,1.153846153846154,26.0
13604.0,659,1,717.62,659,717.62,242,21,0.045523520485584223,659.0
13605.0,387,2,522.67,571,261.335,425,50,0.10507880910683012,285.5
13606.0,29,3,280.53999999999996,312,93.51333333333332,279,40,0.2884615384615385,104.0
13607.0,40,2,1078.31,403,539.155,468,110,0.1488833746898263,201.5
13608.0,541,1,236.2,541,236.2,113,31,0.05545286506469501,541.0
13609.0,593,1,167.35,593,167.35,19,7,0.050590219224283306,593.0
13610.0,12,14,2175.88,703,155.42000000000002,909,309,0.5974395448079659,50.214285714285715
13611.0,89,10,3319.53,737,331.95300000000003,2002,170,0.407055630936228,73.7
13612.0,633,1,818.29,633,818.29,444,50,0.04739336492890995,633.0
13613.0,453,5,1039.8500000000001,661,207.97000000000003,445,50,0.22692889561270801,132.2
13614.0,24,6,2359.19,551,393.1983333333333,828,227,0.32667876588021777,91.83333333333333
13615.0,319,8,6272.53,680,784.06625,2910,259,0.3529411764705882,85.0
13616.0,568,2,288.1,691,144.05,175,31,0.08683068017366136,345.5
13617.0,40,8,1278.75,495,159.84375,593,48,0.48484848484848486,61.875
13618.0,174,1,177.34,174,177.34,246,13,0.1724137931034483,174.0
13619.0,545,2,231.69,674,115.845,84,39,0.08902077151335312,337.0
13620.0,528,1,112.34,528,112.34,74,5,0.05681818181818182,528.0
13621.0,117,1,213.85,117,213.85,343,19,0.25641025641025644,117.0
13622.0,696,1,658.95,696,658.95,379,32,0.04310344827586207,696.0
13623.0,31,10,2566.49,737,256.649,1023,211,0.407055630936228,73.7
13624.0,388,1,462.08,388,462.08,820,22,0.07731958762886598,388.0
13625.0,597,1,301.26,597,301.26,144,21,0.05025125628140704,597.0
13626.0,253,2,707.04,379,353.52,398,44,0.15831134564643798,189.5
13627.0,59,7,2245.9,640,320.84285714285716,1632,118,0.328125,91.42857142857143
13628.0,676,1,310.14,676,310.14,106,16,0.04437869822485207,676.0
13629.0,23,19,13370.86,666,703.7294736842106,7722,28,0.8558558558558558,35.05263157894737
13630.0,5,7,2031.78,286,290.2542857142857,1391,51,0.7342657342657343,40.857142857142854
13631.0,100,11,3070.42,267,279.1290909090909,467,6,1.2359550561797752,24.272727272727273
13632.0,25,8,3648.15,612,456.01875,1639,166,0.39215686274509803,76.5
13634.0,33,16,5073.47,698,317.091875,2096,269,0.6876790830945558,43.625
13635.0,68,4,2999.16,739,749.79,1884,135,0.16238159675236807,184.75
13636.0,37,5,949.12,285,189.824,592,57,0.5263157894736842,57.0
13637.0,52,3,810.5,226,270.1666666666667,409,79,0.39823008849557523,75.33333333333333
13638.0,16,1,122.64,16,122.64,93,8,1.875,16.0
13639.0,74,2,1346.27,437,673.135,997,49,0.13729977116704806,218.5
13640.0,611,1,405.0,611,405.0,108,4,0.04909983633387889,611.0
13641.0,641,5,1016.47,734,203.294,1098,41,0.20435967302452315,146.8
13642.0,216,4,514.72,433,128.68,253,93,0.27713625866050806,108.25
13643.0,31,10,2156.77,732,215.677,902,71,0.4098360655737705,73.2
13644.0,16,4,2624.26,106,656.065,2067,144,1.1320754716981132,26.5
13645.0,120,1,252.1,120,252.1,158,5,0.25,120.0
13646.0,400,2,326.25,400,163.125,79,58,0.15,200.0
13647.0,10,8,3071.68,603,383.96,1803,98,0.39800995024875624,75.375
13648.0,400,8,1764.02,738,220.5025,960,95,0.3252032520325203,92.25
13649.0,257,6,1678.88,527,279.81333333333333,863,97,0.3415559772296015,87.83333333333333
13650.0,17,10,3288.0,683,328.8,1746,127,0.43923865300146414,68.3
13651.0,35,3,226.85,382,75.61666666666666,62,14,0.2356020942408377,127.33333333333333
13652.0,46,5,2570.85,652,514.17,1570,116,0.23006134969325154,130.4
13653.0,488,1,152.2,488,152.2,72,9,0.06147540983606558,488.0
13654.0,43,11,6308.0,738,573.4545454545455,4762,262,0.44715447154471544,67.0909090909091
13655.0,114,6,2280.51,592,380.08500000000004,1225,103,0.30405405405405406,98.66666666666667
13656.0,165,4,1078.85,596,269.7125,862,81,0.20134228187919462,149.0
13657.0,11,2,382.14,202,191.07,209,16,0.297029702970297,101.0
13658.0,10,9,6025.5,672,669.5,2171,164,0.40178571428571425,74.66666666666667
13659.0,206,12,4894.88,661,407.9066666666667,2539,224,0.5446293494704992,55.083333333333336
13660.0,400,1,314.59,400,314.59,137,39,0.075,400.0
13661.0,603,1,325.24,603,325.24,118,17,0.04975124378109453,603.0
13662.0,86,11,2250.11,658,204.55545454545455,1179,126,0.5015197568389057,59.81818181818182
13663.0,179,5,2047.51,647,409.502,893,87,0.23183925811437403,129.4
13665.0,386,3,1711.6599999999999,504,570.5533333333333,1652,97,0.17857142857142855,168.0
13666.0,60,5,127.89999999999999,736,25.58,54,19,0.20380434782608695,147.2
13667.0,149,1,305.02,149,305.02,154,82,0.20134228187919462,149.0
13668.0,3,35,13089.94,728,373.9982857142857,6133,411,1.4423076923076923,20.8
13669.0,51,3,413.55,407,137.85,393,13,0.22113022113022113,135.66666666666666
13670.0,75,1,349.7,75,349.7,282,25,0.4,75.0
13671.0,395,1,194.95,395,194.95,107,61,0.0759493670886076,395.0
13672.0,301,3,419.92,731,139.97333333333333,138,13,0.12311901504787962,243.66666666666666
13673.0,19,2,396.92,32,198.46,119,47,1.875,16.0
13674.0,433,1,240.68,433,240.68,102,14,0.06928406466512702,433.0
13675.0,151,2,486.82000000000005,285,243.41000000000003,330,25,0.2105263157894737,142.5
13676.0,539,2,243.9,619,121.95,104,13,0.09693053311793215,309.5
13677.0,405,2,556.1899999999999,520,278.09499999999997,218,98,0.11538461538461539,260.0
13678.0,152,1,232.6,152,232.6,924,16,0.19736842105263158,152.0
13679.0,494,3,281.26,735,93.75333333333333,102,44,0.12244897959183675,245.0
13680.0,1,12,11435.67,735,952.9725,5252,354,0.489795918367347,61.25
13681.0,18,4,827.83,155,206.9575,360,37,0.7741935483870968,38.75
13682.0,187,1,59.5,187,59.5,10,3,0.16042780748663102,187.0
13683.0,458,1,258.6,458,258.6,180,10,0.06550218340611354,458.0
13684.0,286,4,596.98,621,149.245,235,81,0.1932367149758454,155.25
13685.0,3,7,3119.44,60,445.63428571428574,5056,29,3.5,8.571428571428571
13686.0,183,3,409.04,401,136.34666666666666,378,27,0.22443890274314213,133.66666666666666
13687.0,438,1,11880.84,438,11880.84,87167,45,0.0684931506849315,438.0
13688.0,635,1,375.5,635,375.5,130,5,0.047244094488188976,635.0
13689.0,63,2,1259.5,445,629.75,722,6,0.13483146067415733,222.5
13690.0,59,1,172.25,59,172.25,67,9,0.5084745762711864,59.0
13691.0,396,1,212.78,396,212.78,145,54,0.07575757575757576,396.0
13692.0,25,5,3114.4,420,622.88,2101,83,0.3571428571428571,84.0
13693.0,374,9,2011.82,733,223.53555555555556,880,78,0.3683492496589359,81.44444444444444
13694.0,4,143,196482.81,735,1374.0056643356643,189205,896,5.836734693877552,5.13986013986014
13695.0,31,16,2770.73,578,173.170625,1791,47,0.8304498269896194,36.125
13696.0,422,3,2020.4,666,673.4666666666667,552,24,0.13513513513513514,222.0
13697.0,39,1,151.29999999999998,39,151.29999999999998,177,12,0.7692307692307692,39.0
13698.0,597,2,465.53000000000003,682,232.76500000000001,231,31,0.08797653958944282,341.0
13699.0,155,2,764.15,550,382.075,219,33,0.10909090909090909,275.0
13700.0,26,13,2613.46,671,201.03538461538463,2809,163,0.5812220566318926,51.61538461538461
13701.0,447,1,161.0,447,161.0,80,9,0.06711409395973154,447.0
13702.0,446,1,135.18,446,135.18,74,5,0.06726457399103139,446.0
13703.0,318,2,425.56,415,212.78,128,36,0.14457831325301207,207.5
13704.0,5,9,2308.06,88,256.4511111111111,1531,111,3.0681818181818183,9.777777777777779
13705.0,8,7,2035.33,624,290.76142857142855,1009,55,0.33653846153846156,89.14285714285714
13706.0,303,2,631.17,627,315.585,301,38,0.09569377990430622,313.5
13707.0,267,5,3365.86,537,673.172,2210,142,0.2793296089385475,107.4
13708.0,271,1,296.88,271,296.88,306,49,0.11070110701107011,271.0
13709.0,4,18,7591.75,698,421.7638888888889,4130,296,0.7736389684813754,38.77777777777778
13710.0,32,3,509.52,612,169.84,336,13,0.14705882352941177,204.0
13711.0,219,9,1792.26,724,199.14,819,80,0.3729281767955801,80.44444444444444
13712.0,247,2,766.42,611,383.21,1128,32,0.09819967266775778,305.5
13713.0,408,3,743.26,583,247.75333333333333,286,70,0.15437392795883362,194.33333333333334
13714.0,465,1,161.35,465,161.35,50,30,0.06451612903225806,465.0
13715.0,281,17,8483.29,638,499.01705882352945,4934,277,0.7993730407523512,37.529411764705884
13716.0,269,1,138.28,269,138.28,138,21,0.11152416356877323,269.0
13717.0,32,8,1763.3,486,220.4125,2144,110,0.4938271604938272,60.75
13718.0,246,2,306.55,296,153.275,173,9,0.20270270270270271,148.0
13719.0,15,11,2815.25,571,255.9318181818182,1599,194,0.5779334500875657,51.90909090909091
13720.0,117,4,799.9,255,199.975,501,42,0.47058823529411764,63.75
13721.0,36,2,741.54,395,370.77,512,41,0.1518987341772152,197.5
13722.0,132,10,5635.41,646,563.5409999999999,3059,137,0.46439628482972134,64.6
13723.0,217,6,1209.2,611,201.53333333333333,629,51,0.2945990180032733,101.83333333333333
13724.0,637,1,213.01,637,213.01,130,39,0.04709576138147567,637.0
13725.0,50,8,1980.56,309,247.57,806,95,0.7766990291262136,38.625
13726.0,39,2,1079.6599999999999,101,539.8299999999999,1054,39,0.594059405940594,50.5
13727.0,29,8,1080.05,730,135.00625,370,74,0.3287671232876712,91.25
13728.0,37,16,2855.17,730,178.448125,1269,75,0.6575342465753424,45.625
13729.0,436,3,724.73,684,241.57666666666668,419,36,0.13157894736842105,228.0
13730.0,136,2,752.6,162,376.3,488,38,0.37037037037037035,81.0
13731.0,219,2,610.59,247,305.295,278,36,0.24291497975708504,123.5
13732.0,28,1,491.86,28,491.86,498,33,1.0714285714285714,28.0
13733.0,411,2,487.03000000000003,735,243.51500000000001,335,28,0.08163265306122448,367.5
13734.0,509,4,6701.640000000001,603,1675.4100000000003,303,24,0.19900497512437812,150.75
13735.0,25,13,9813.22,726,754.8630769230768,4158,362,0.5371900826446281,55.84615384615385
13736.0,5,7,2766.21,734,395.17285714285714,1552,325,0.28610354223433243,104.85714285714286
13737.0,200,1,339.59999999999997,200,339.59999999999997,125,29,0.15,200.0
13738.0,396,1,440.93,396,440.93,240,88,0.07575757575757576,396.0
13739.0,18,2,292.2,528,146.1,76,6,0.11363636363636365,264.0
13740.0,241,5,1597.77,738,319.554,991,83,0.20325203252032523,147.6
13741.0,72,3,668.4300000000001,217,222.81000000000003,218,34,0.4147465437788019,72.33333333333333
13742.0,17,12,3131.02,320,260.91833333333335,1124,200,1.125,26.666666666666668
13743.0,3,7,1341.6,259,191.65714285714284,1776,8,0.8108108108108109,37.0
13744.0,95,2,1156.36,292,578.18,1249,54,0.2054794520547945,146.0
13745.0,162,2,777.36,546,388.68,1146,46,0.10989010989010989,273.0
13746.0,414,1,176.69,414,176.69,83,9,0.07246376811594203,414.0
13747.0,374,2,249.39999999999998,425,124.69999999999999,68,4,0.1411764705882353,212.5
13748.0,96,9,2268.35,738,252.0388888888889,1108,40,0.36585365853658536,82.0
13750.0,54,11,3602.1800000000003,617,327.4709090909091,1370,51,0.5348460291734198,56.09090909090909
13751.0,288,1,296.25,288,296.25,152,9,0.10416666666666666,288.0
13752.0,124,7,1590.73,528,227.24714285714285,1007,75,0.39772727272727276,75.42857142857143
13753.0,288,4,2094.57,737,523.6425,1450,64,0.16282225237449116,184.25
13754.0,152,3,447.05,437,149.01666666666668,315,16,0.20594965675057206,145.66666666666666
13755.0,4,9,2161.35,63,240.14999999999998,1264,232,4.285714285714286,7.0
13756.0,2,23,9207.5,724,400.32608695652175,5441,142,0.9530386740331492,31.47826086956522
13757.0,675,1,195.55,675,195.55,54,8,0.04444444444444444,675.0
13758.0,12,15,9416.98,739,627.7986666666667,5068,213,0.6089309878213802,49.266666666666666
13759.0,33,2,659.4100000000001,71,329.70500000000004,287,24,0.8450704225352113,35.5
13760.0,54,5,1363.6399999999999,593,272.72799999999995,623,95,0.25295109612141653,118.6
13761.0,50,6,1952.17,657,325.3616666666667,1079,118,0.273972602739726,109.5
13762.0,219,5,2472.48,699,494.496,2608,23,0.2145922746781116,139.8
13763.0,63,3,5217.4400000000005,435,1739.1466666666668,3224,50,0.20689655172413793,145.0
13764.0,71,6,2953.26,642,492.21000000000004,2099,295,0.2803738317757009,107.0
13765.0,653,1,352.821,653,352.821,297,17,0.045941807044410414,653.0
13766.0,495,1,190.35,495,190.35,137,16,0.06060606060606061,495.0
13767.0,2,73,35540.53,739,486.85657534246576,15235,117,2.9634641407307174,10.123287671232877
13768.0,727,2,875.97,731,437.985,373,30,0.08207934336525308,365.5
13769.0,2,20,5800.42,724,290.021,2574,121,0.8287292817679558,36.2
13770.0,422,4,785.37,730,196.3425,468,48,0.1643835616438356,182.5
13771.0,64,9,5728.82,653,636.5355555555556,3140,182,0.4134762633996937,72.55555555555556
13772.0,34,8,3114.22,654,389.2775,1456,394,0.3669724770642202,81.75
13773.0,397,2,301.54,660,150.77,174,19,0.09090909090909091,330.0
13774.0,82,1,345.0,82,345.0,192,22,0.36585365853658536,82.0
13775.0,591,1,1049.66,591,1049.66,455,63,0.050761421319796954,591.0
13776.0,428,2,623.98,428,311.99,2,1,0.14018691588785046,214.0
13777.0,1,61,56478.42,738,925.875737704918,26742,44,2.4796747967479678,12.098360655737705
13778.0,103,4,1124.49,565,281.1225,511,33,0.21238938053097345,141.25
13779.0,516,1,161.13,516,161.13,53,27,0.05813953488372093,516.0
13780.0,7,3,735.82,407,245.27333333333334,481,90,0.22113022113022113,135.66666666666666
13781.0,251,3,778.83,721,259.61,300,56,0.12482662968099861,240.33333333333334
13782.0,13,13,1793.72,733,137.97846153846154,649,187,0.5320600272851297,56.38461538461539
13783.0,488,4,1542.09,673,385.5225,3437,4,0.17830609212481424,168.25
13784.0,10,14,2910.23,451,207.87357142857144,2827,13,0.9312638580931264,32.214285714285715
13785.0,429,4,542.49,460,135.6225,151,26,0.2608695652173913,115.0
13786.0,367,6,3358.94,736,559.8233333333334,1652,80,0.24456521739130435,122.66666666666667
13787.0,76,6,1222.5,695,203.75,998,71,0.2589928057553957,115.83333333333333
13788.0,505,1,3.75,505,3.75,1,1,0.0594059405940594,505.0
13789.0,388,1,239.45999999999998,388,239.45999999999998,258,18,0.07731958762886598,388.0
13790.0,4,1,348.8,4,348.8,748,45,7.5,4.0
13791.0,128,2,1516.0,168,758.0,1200,7,0.3571428571428571,84.0
13792.0,66,3,383.95,423,127.98333333333333,156,23,0.2127659574468085,141.0
13793.0,647,1,96.0,647,96.0,52,7,0.04636785162287481,647.0
13794.0,547,1,126.03,547,126.03,63,9,0.054844606946983544,547.0
13795.0,388,4,836.3,638,209.075,1250,23,0.18808777429467083,159.5
13796.0,499,1,289.7,499,289.7,218,22,0.06012024048096192,499.0
13797.0,437,3,1179.45,648,393.15000000000003,573,71,0.1388888888888889,216.0
13798.0,1,110,75836.87,731,689.4260909090908,48347,168,4.514363885088919,6.6454545454545455
13799.0,117,9,2803.57,644,311.5077777777778,1539,64,0.4192546583850932,71.55555555555556
13800.0,310,3,1679.56,737,559.8533333333334,891,73,0.12211668928086837,245.66666666666666
13801.0,67,1,324.8,67,324.8,168,23,0.44776119402985076,67.0
13802.0,139,19,26259.11,662,1382.0584210526315,14129,212,0.8610271903323263,34.8421052631579
13803.0,255,3,1338.91,619,446.30333333333334,831,73,0.14539579967689822,206.33333333333334
13804.0,31,9,3208.52,437,356.5022222222222,1833,149,0.6178489702517163,48.55555555555556
13805.0,52,2,924.6,129,462.3,1900,10,0.46511627906976744,64.5
13806.0,64,1,256.38,64,256.38,56,10,0.46875,64.0
13807.0,367,3,534.8,736,178.26666666666665,152,24,0.12228260869565218,245.33333333333334
13808.0,6,5,1747.66,97,349.53200000000004,782,70,1.5463917525773194,19.4
13809.0,305,3,679.7,461,226.5666666666667,281,23,0.19522776572668113,153.66666666666666
13810.0,29,3,1499.01,56,499.67,312,32,1.607142857142857,18.666666666666668
13811.0,184,3,814.5,239,271.5,68,7,0.37656903765690375,79.66666666666667
13812.0,42,3,539.0,105,179.66666666666666,333,33,0.8571428571428571,35.0
13813.0,40,8,2765.47,734,345.68375,1292,84,0.32697547683923706,91.75
13814.0,92,3,2257.32,527,752.44,1214,56,0.17077798861480076,175.66666666666666
13815.0,22,8,7475.74,666,934.4675,5381,203,0.36036036036036034,83.25
13816.0,24,2,571.6700000000001,64,285.83500000000004,269,25,0.9375,32.0
13817.0,29,2,382.98,352,191.49,211,20,0.17045454545454547,176.0
13818.0,430,1,61.28,430,61.28,60,5,0.06976744186046512,430.0
13819.0,302,6,2642.35,738,440.39166666666665,2309,47,0.24390243902439027,123.0
13820.0,418,3,660.65,681,220.21666666666667,287,68,0.13215859030837004,227.0
13821.0,145,6,1410.73,704,235.12166666666667,483,158,0.2556818181818182,117.33333333333333
13822.0,6,2,632.0,40,316.0,611,90,1.5,20.0
13823.0,19,7,3403.4500000000003,724,486.2071428571429,1564,108,0.2900552486187845,103.42857142857143
13824.0,33,12,3314.76,637,276.23,1442,59,0.5651491365777079,53.083333333333336
13825.0,622,2,255.59,730,127.795,182,38,0.0821917808219178,365.0
13826.0,176,1,189.5,176,189.5,82,10,0.17045454545454547,176.0
13827.0,58,3,412.05,143,137.35,141,83,0.6293706293706294,47.666666666666664
13828.0,22,1,209.49,22,209.49,311,15,1.3636363636363638,22.0
13829.0,421,1,102.0,421,102.0,12,1,0.07125890736342043,421.0
13830.0,582,1,156.85000000000002,582,156.85000000000002,47,11,0.05154639175257732,582.0
13831.0,16,18,7023.58,729,390.19888888888886,2557,121,0.7407407407407407,40.5
13832.0,19,2,613.6899999999999,422,306.84499999999997,422,54,0.14218009478672988,211.0
13833.0,159,2,701.36,404,350.68,244,43,0.1485148514851485,202.0
13834.0,577,2,324.19,669,162.095,221,15,0.08968609865470853,334.5
13835.0,25,7,1095.27,646,156.46714285714285,520,60,0.32507739938080493,92.28571428571429
13836.0,399,2,620.37,414,310.185,273,29,0.14492753623188406,207.0
13837.0,212,2,271.24,318,135.62,183,17,0.18867924528301888,159.0
13838.0,6,10,1966.09,580,196.60899999999998,794,328,0.5172413793103449,58.0
13839.0,486,1,139.95000000000002,486,139.95000000000002,25,7,0.0617283950617284,486.0
13840.0,416,1,651.4,416,651.4,358,40,0.07211538461538462,416.0
13841.0,253,1,85.0,253,85.0,100,1,0.11857707509881422,253.0
13842.0,59,18,5629.91,661,312.7727777777778,2879,214,0.8169440242057489,36.72222222222222
13843.0,381,1,319.75,381,319.75,145,18,0.07874015748031496,381.0
13844.0,11,1,361.62,11,361.62,196,20,2.7272727272727275,11.0
13845.0,65,1,312.98,65,312.98,182,9,0.46153846153846156,65.0
13846.0,25,4,1307.79,400,326.9475,705,81,0.3,100.0
13847.0,720,1,310.72,720,310.72,96,19,0.04166666666666667,720.0
13848.0,92,8,3335.0,730,416.875,10200,3,0.3287671232876712,91.25
13849.0,52,5,3469.3,625,693.86,1883,189,0.24,125.0
13850.0,129,1,1595.48,129,1595.48,944,93,0.23255813953488372,129.0
13851.0,96,8,4606.46,680,575.8075,2525,111,0.3529411764705882,85.0
13852.0,611,1,187.35000000000002,611,187.35000000000002,85,11,0.04909983633387889,611.0
13853.0,57,1,1090.14,57,1090.14,312,23,0.5263157894736842,57.0
13854.0,9,39,12253.96,701,314.2041025641025,3710,61,1.6690442225392297,17.974358974358974
13855.0,501,4,1310.3400000000001,731,327.58500000000004,575,64,0.16415868673050615,182.75
13856.0,169,11,1142.03,619,103.82090909090908,1105,33,0.5331179321486269,56.27272727272727
13857.0,393,6,1001.01,571,166.835,782,99,0.3152364273204904,95.16666666666667
13858.0,57,1,216.17,57,216.17,75,11,0.5263157894736842,57.0
13859.0,326,2,515.86,529,257.93,167,34,0.11342155009451796,264.5
13860.0,1,5,1245.9,87,249.18,591,58,1.7241379310344827,17.4
13861.0,429,2,273.26,531,136.63,225,21,0.11299435028248588,265.5
13862.0,18,9,2556.09,389,284.01,1927,113,0.6940874035989717,43.22222222222222
13863.0,248,4,1239.55,593,309.8875,553,59,0.20236087689713322,148.25
13864.0,387,1,662.4000000000001,387,662.4000000000001,192,1,0.07751937984496124,387.0
13865.0,58,4,501.56,290,125.39,204,26,0.41379310344827586,72.5
13866.0,74,1,145.67000000000002,74,145.67000000000002,57,7,0.40540540540540543,74.0
13867.0,31,3,1015.29,218,338.43,513,51,0.41284403669724773,72.66666666666667
13868.0,7,2,3192.54,39,1596.27,1964,32,1.5384615384615383,19.5
13869.0,123,10,8111.57,691,811.1569999999999,4358,502,0.4341534008683068,69.1
13870.0,2,15,5712.08,670,380.80533333333335,3449,159,0.6716417910447761,44.666666666666664
13871.0,23,17,7885.85,719,463.8735294117647,3502,183,0.7093184979137691,42.294117647058826
13872.0,527,3,919.57,726,306.52333333333337,339,51,0.12396694214876033,242.0
13873.0,120,8,1038.92,647,129.865,472,55,0.37094281298299847,80.875
13874.0,358,7,2049.15,673,292.7357142857143,864,46,0.31203566121842496,96.14285714285714
13875.0,54,14,4814.37,723,343.88357142857143,3072,159,0.5809128630705395,51.642857142857146
13876.0,64,1,122.7,64,122.7,36,7,0.46875,64.0
13877.0,86,3,449.68,690,149.89333333333335,478,23,0.13043478260869565,230.0
13878.0,55,4,2473.06,604,618.265,959,93,0.1986754966887417,151.0
13879.0,646,1,395.5,646,395.5,204,25,0.04643962848297214,646.0
13880.0,21,17,4391.66,562,258.33294117647057,2589,148,0.9074733096085409,33.05882352941177
13881.0,4,43,45179.1,645,1050.6767441860466,29760,182,2.0,15.0
13882.0,3,5,1191.13,64,238.22600000000003,953,54,2.34375,12.8
13883.0,11,15,6560.02,731,437.3346666666667,3584,200,0.615595075239398,48.733333333333334
13884.0,7,10,1888.48,470,188.848,797,108,0.6382978723404256,47.0
13885.0,189,2,506.8,201,253.4,182,28,0.29850746268656714,100.5
13886.0,71,1,243.56,71,243.56,126,16,0.4225352112676056,71.0
13887.0,204,1,349.55,204,349.55,147,19,0.14705882352941177,204.0
13888.0,120,7,2169.05,576,309.86428571428576,903,124,0.3645833333333333,82.28571428571429
13889.0,93,6,1991.23,686,331.87166666666667,979,57,0.2623906705539359,114.33333333333333
13890.0,1,14,2927.38,733,209.09857142857143,1392,100,0.572987721691678,52.357142857142854
13891.0,378,3,863.5600000000001,582,287.85333333333335,479,97,0.15463917525773196,194.0
13892.0,27,6,1267.6499999999999,576,211.27499999999998,3125,33,0.3125,96.0
13893.0,298,1,821.1,298,821.1,190,21,0.10067114093959731,298.0
13894.0,24,3,564.62,310,188.20666666666668,354,25,0.2903225806451613,103.33333333333333
13895.0,28,6,4008.52,736,668.0866666666667,2060,154,0.24456521739130435,122.66666666666667
13896.0,626,1,388.55,626,388.55,149,21,0.04792332268370607,626.0
13897.0,50,3,1160.72,677,386.9066666666667,820,58,0.1329394387001477,225.66666666666666
13898.0,326,2,686.4,411,343.2,544,43,0.14598540145985403,205.5
13899.0,16,2,388.52,275,194.26,156,19,0.21818181818181817,137.5
13900.0,183,6,1610.59,624,268.4316666666667,938,80,0.2884615384615385,104.0
13901.0,72,15,5676.34,704,378.42266666666666,3344,280,0.6392045454545454,46.93333333333333
13902.0,632,5,34095.26,725,6819.052000000001,220600,58,0.20689655172413793,145.0
13903.0,400,1,165.45000000000002,400,165.45000000000002,103,10,0.075,400.0
13904.0,37,2,332.64,295,166.32,332,24,0.20338983050847456,147.5
13905.0,733,1,312.65,733,312.65,135,12,0.040927694406548434,733.0
13906.0,409,1,42.0,409,42.0,100,1,0.07334963325183375,409.0
13907.0,692,1,136.8,692,136.8,68,4,0.04335260115606936,692.0
13908.0,80,4,2369.55,277,592.3875,1478,104,0.4332129963898917,69.25
13909.0,423,2,286.6,521,143.3,302,35,0.11516314779270632,260.5
13911.0,57,20,4234.99,648,211.74949999999998,4487,178,0.9259259259259258,32.4
13912.0,424,1,124.95,424,124.95,29,7,0.07075471698113207,424.0
13913.0,507,1,42.22,507,42.22,10,3,0.0591715976331361,507.0
13914.0,12,2,626.45,36,313.225,380,28,1.6666666666666665,18.0
13915.0,394,1,70.80000000000001,394,70.80000000000001,24,2,0.07614213197969542,394.0
13916.0,464,4,1275.81,676,318.9525,673,72,0.17751479289940827,169.0
13917.0,50,2,272.04,192,136.02,228,16,0.3125,96.0
13918.0,50,2,1212.8400000000001,253,606.4200000000001,1140,30,0.23715415019762845,126.5
13919.0,59,4,1360.68,541,340.17,1133,65,0.22181146025878004,135.25
13920.0,432,4,1774.68,562,443.67,1772,81,0.21352313167259784,140.5
13921.0,402,4,730.7,722,182.675,210,36,0.16620498614958448,180.5
13922.0,352,3,865.2,467,288.40000000000003,467,30,0.19271948608137046,155.66666666666666
13923.0,54,1,351.13,54,351.13,185,20,0.5555555555555556,54.0
13924.0,2,6,1838.8500000000001,72,306.475,1575,90,2.5,12.0
13925.0,93,4,678.25,135,169.5625,331,28,0.888888888888889,33.75
13926.0,23,1,223.85000000000002,23,223.85000000000002,104,11,1.3043478260869565,23.0
13927.0,75,2,708.26,437,354.13,463,37,0.13729977116704806,218.5
13928.0,11,4,464.57,133,116.1425,129,23,0.9022556390977443,33.25
13929.0,169,11,3494.1,695,317.6454545454545,1566,38,0.4748201438848921,63.18181818181818
13930.0,58,2,337.34,137,168.67,274,15,0.437956204379562,68.5
13931.0,96,11,5257.38,737,477.94363636363636,3488,205,0.44776119402985076,67.0
13932.0,295,1,307.4,295,307.4,72,16,0.10169491525423728,295.0
13933.0,109,2,608.7900000000001,148,304.39500000000004,205,23,0.40540540540540543,74.0
13934.0,264,1,922.1,264,922.1,390,31,0.11363636363636365,264.0
13935.0,597,3,6116.92,652,2038.9733333333334,2252,67,0.13803680981595093,217.33333333333334
13936.0,180,3,939.66,414,313.21999999999997,661,56,0.21739130434782608,138.0
13937.0,169,2,880.13,403,440.065,587,54,0.1488833746898263,201.5
13938.0,35,1,71.66,35,71.66,70,7,0.8571428571428571,35.0
13939.0,23,7,1560.96,613,222.99428571428572,1608,91,0.3425774877650897,87.57142857142857
13940.0,17,4,839.14,144,209.785,516,39,0.8333333333333333,36.0
13941.0,22,15,11122.300000000001,723,741.4866666666668,5426,42,0.6224066390041494,48.2
13942.0,535,1,320.0,535,320.0,1000,1,0.056074766355140186,535.0
13943.0,578,1,246.54,578,246.54,94,15,0.051903114186851215,578.0
13944.0,653,1,200.43,653,200.43,153,35,0.045941807044410414,653.0
13945.0,395,2,854.15,480,427.075,413,49,0.125,240.0
13946.0,79,6,1876.23,736,312.705,2847,49,0.24456521739130435,122.66666666666667
13947.0,65,1,90.6,65,90.6,44,5,0.46153846153846156,65.0
13948.0,361,4,548.76,736,137.19,248,23,0.16304347826086957,184.0
13949.0,3,6,2427.32,95,404.55333333333334,2474,124,1.8947368421052633,15.833333333333334
13950.0,11,4,745.06,247,186.265,323,33,0.4858299595141701,61.75
13951.0,176,3,674.45,294,224.8166666666667,459,38,0.3061224489795918,98.0
13952.0,218,14,12823.521,724,915.9657857142857,5947,238,0.580110497237569,51.714285714285715
13953.0,7,12,6640.68,728,553.39,5224,8,0.4945054945054945,60.666666666666664
13954.0,2,2,439.92,71,219.96,150,24,0.8450704225352113,35.5
13955.0,154,3,545.17,375,181.72333333333333,274,82,0.24,125.0
13956.0,5,5,1026.42,271,205.28400000000002,491,123,0.5535055350553506,54.2
13957.0,418,3,458.25,659,152.75,157,21,0.13657056145675267,219.66666666666666
13958.0,380,8,4709.2300000000005,734,588.6537500000001,2264,172,0.32697547683923706,91.75
13959.0,79,6,1076.18,511,179.36333333333334,700,120,0.3522504892367906,85.16666666666667
13960.0,21,2,230.22,72,115.11,142,11,0.8333333333333333,36.0
13961.0,392,1,538.4,392,538.4,226,19,0.07653061224489795,392.0
13962.0,22,3,362.8,436,120.93333333333334,160,23,0.20642201834862386,145.33333333333334
13963.0,308,17,3011.87,597,177.16882352941175,2061,129,0.8542713567839196,35.11764705882353
13964.0,387,2,438.9,431,219.45,228,22,0.13921113689095127,215.5
13965.0,477,3,996.61,703,332.2033333333333,425,23,0.12802275960170698,234.33333333333334
13966.0,435,1,390.86,435,390.86,772,21,0.06896551724137931,435.0
13967.0,146,2,166.3,396,83.15,66,4,0.15151515151515152,198.0
13968.0,423,1,123.66,423,123.66,174,8,0.07092198581560283,423.0
13969.0,7,35,13365.87,624,381.882,6817,472,1.6826923076923077,17.82857142857143
13970.0,386,2,846.55,438,423.275,469,10,0.136986301369863,219.0
13971.0,19,14,4667.57,683,333.3978571428571,3084,184,0.6149341142020498,48.785714285714285
13972.0,71,2,190.25,202,95.125,187,15,0.297029702970297,101.0
13973.0,287,1,264.7,287,264.7,109,11,0.10452961672473868,287.0
13974.0,49,2,677.72,582,338.86,356,43,0.10309278350515463,291.0
13975.0,31,12,5358.84,675,446.57,3934,434,0.5333333333333333,56.25
13976.0,207,4,1192.36,668,298.09,452,49,0.17964071856287425,167.0
13977.0,411,1,519.8100000000001,411,519.8100000000001,303,13,0.07299270072992702,411.0
13978.0,15,2,196.79000000000002,45,98.39500000000001,315,14,1.3333333333333335,22.5
13979.0,73,7,3416.23,737,488.03285714285715,2296,356,0.28493894165535955,105.28571428571429
13980.0,60,5,799.92,656,159.98399999999998,477,57,0.22865853658536583,131.2
13981.0,416,1,331.14,416,331.14,234,22,0.07211538461538462,416.0
13982.0,39,9,4445.59,688,493.95444444444445,2736,123,0.3924418604651163,76.44444444444444
13983.0,30,21,7108.45,730,338.497619047619,4157,238,0.863013698630137,34.76190476190476
13984.0,27,12,2048.6,733,170.71666666666667,1421,53,0.49113233287858116,61.083333333333336
13985.0,4,22,10020.86,668,455.49363636363637,4936,149,0.9880239520958085,30.363636363636363
13986.0,17,1,320.46,17,320.46,430,12,1.7647058823529411,17.0
13987.0,380,2,682.54,401,341.27,492,46,0.14962593516209477,200.5
13988.0,20,8,4757.8,626,594.725,3385,218,0.38338658146964855,78.25
13989.0,66,5,2026.06,564,405.212,2207,61,0.26595744680851063,112.8
13990.0,213,1,311.3,213,311.3,190,16,0.14084507042253522,213.0
13991.0,12,6,855.97,143,142.66166666666666,998,58,1.2587412587412588,23.833333333333332
13992.0,30,3,219.5,463,73.16666666666667,154,10,0.19438444924406048,154.33333333333334
13993.0,43,19,6775.71,737,356.6163157894737,2135,110,0.7734056987788331,38.78947368421053
13994.0,4,6,2313.14,148,385.5233333333333,940,122,1.2162162162162162,24.666666666666668
13995.0,15,14,3902.01,722,278.71500000000003,2359,146,0.5817174515235457,51.57142857142857
13996.0,386,2,895.76,399,447.88,613,29,0.15037593984962405,199.5
13997.0,519,3,382.31,550,127.43666666666667,146,36,0.16363636363636364,183.33333333333334
13998.0,447,3,566.7,576,188.9,204,30,0.15625,192.0
13999.0,10,29,9502.26,735,327.6641379310345,5043,174,1.183673469387755,25.344827586206897
14000.0,211,5,2046.3400000000001,738,409.26800000000003,1838,28,0.20325203252032523,147.6
14001.0,46,9,4530.09,494,503.34333333333336,1873,60,0.5465587044534412,54.888888888888886
14002.0,134,2,529.73,156,264.865,877,47,0.3846153846153846,78.0
14003.0,733,1,209.41,733,209.41,149,16,0.040927694406548434,733.0
14004.0,43,11,6258.45,436,568.9499999999999,3425,127,0.7568807339449541,39.63636363636363
14005.0,10,5,2874.72,216,574.944,2478,53,0.6944444444444444,43.2
14006.0,116,7,2196.67,653,313.81,2181,55,0.3215926493108729,93.28571428571429
14007.0,513,1,79.48,513,79.48,16,5,0.05847953216374269,513.0
14008.0,432,1,509.04,432,509.04,326,32,0.06944444444444445,432.0
14009.0,198,3,1099.91,463,366.6366666666667,951,71,0.19438444924406048,154.33333333333334
14010.0,565,2,445.15,566,222.575,177,20,0.10600706713780919,283.0
14011.0,480,2,457.82,607,228.91,644,32,0.09884678747940692,303.5
14012.0,278,1,328.8,278,328.8,160,11,0.10791366906474821,278.0
14013.0,110,5,1084.57,624,216.914,775,56,0.24038461538461536,124.8
14014.0,77,3,1948.21,577,649.4033333333333,2004,76,0.15597920277296362,192.33333333333334
14015.0,53,1,917.34,53,917.34,378,20,0.5660377358490566,53.0
14016.0,162,11,11403.41,700,1036.6736363636364,5722,354,0.4714285714285715,63.63636363636363
14017.0,571,1,229.75,571,229.75,73,14,0.05253940455341506,571.0
14018.0,645,1,367.15000000000003,645,367.15000000000003,224,13,0.046511627906976744,645.0
14019.0,47,3,1421.61,138,473.86999999999995,1037,37,0.6521739130434783,46.0
14020.0,17,4,1249.01,529,312.2525,648,63,0.22684310018903592,132.25
14021.0,155,7,1716.58,593,245.22571428571428,878,84,0.35413153456998314,84.71428571428571
14022.0,225,2,792.15,487,396.075,681,45,0.12320328542094457,243.5
14023.0,7,2,584.07,250,292.035,345,30,0.24,125.0
14024.0,122,3,645.74,391,215.24666666666667,238,33,0.23017902813299235,130.33333333333334
14025.0,465,8,4057.9,584,507.2375,1914,60,0.410958904109589,73.0
14026.0,471,2,713.11,625,356.555,427,43,0.096,312.5
14027.0,61,1,104.82,61,104.82,62,6,0.49180327868852464,61.0
14028.0,550,3,10396.5,551,3465.5,7170,3,0.16333938294010888,183.66666666666666
14029.0,63,2,467.66,144,233.83,198,15,0.41666666666666663,72.0
14030.0,18,20,8262.29,729,413.1145,4350,591,0.8230452674897119,36.45
14031.0,7,44,40999.17,736,931.7993181818182,14507,280,1.7934782608695652,16.727272727272727
14032.0,2,16,4850.2699999999995,726,303.14187499999997,3916,79,0.6611570247933884,45.375
14033.0,555,1,109.44,555,109.44,576,1,0.05405405405405406,555.0
14034.0,22,3,651.8199999999999,157,217.2733333333333,423,82,0.5732484076433121,52.333333333333336
14035.0,29,9,2856.72,613,317.4133333333333,1419,70,0.4404567699836868,68.11111111111111
14036.0,285,1,626.65,285,626.65,268,38,0.10526315789473685,285.0
14037.0,176,6,836.95,733,139.49166666666667,590,96,0.24556616643929058,122.16666666666667
14038.0,78,5,3069.88,674,613.976,1708,99,0.22255192878338279,134.8
14039.0,33,2,267.28000000000003,576,133.64000000000001,192,10,0.10416666666666666,288.0
14040.0,41,35,12645.57,739,361.30199999999996,5044,335,1.4208389715832206,21.114285714285714
14041.0,266,1,141.41,266,141.41,94,21,0.11278195488721804,266.0
14042.0,725,1,431.98,725,431.98,180,21,0.041379310344827586,725.0
14043.0,491,2,304.25,729,152.125,153,37,0.0823045267489712,364.5
14044.0,27,10,3123.1,684,312.31,2126,533,0.43859649122807015,68.4
14045.0,109,16,11313.029999999999,701,707.0643749999999,4587,16,0.6847360912981455,43.8125
14046.0,284,1,154.99,284,154.99,460,14,0.1056338028169014,284.0
14047.0,9,14,4255.03,677,303.93071428571426,1649,91,0.620384047267356,48.357142857142854
14048.0,305,3,748.69,382,249.56333333333336,467,126,0.2356020942408377,127.33333333333333
14049.0,17,13,13239.03,617,1018.3869230769232,8609,573,0.6320907617504051,47.46153846153846
14050.0,32,2,746.36,106,373.18,689,49,0.5660377358490566,53.0
14051.0,1,37,22434.0,737,606.3243243243244,5947,82,1.5061058344640434,19.91891891891892
14052.0,20,2,480.81,391,240.405,187,115,0.1534526854219949,195.5
14053.0,124,4,572.3,487,143.075,490,3,0.24640657084188913,121.75
14054.0,65,1,92.46,65,92.46,62,6,0.46153846153846156,65.0
14055.0,106,3,1520.96,723,506.9866666666667,720,33,0.12448132780082988,241.0
14056.0,1,23,8214.65,284,357.1586956521739,4273,320,2.4295774647887325,12.347826086956522
14057.0,24,22,8408.84,736,382.22,6485,244,0.8967391304347826,33.45454545454545
14058.0,463,2,469.19,531,234.595,211,23,0.11299435028248588,265.5
14059.0,267,1,183.6,267,183.6,128,8,0.11235955056179775,267.0
14060.0,5,30,9519.08,639,317.30266666666665,8119,100,1.408450704225352,21.3
14061.0,507,3,917.4300000000001,738,305.81,133,17,0.12195121951219513,246.0
14062.0,10,24,25604.2,729,1066.8416666666667,12799,141,0.9876543209876544,30.375
14063.0,438,9,22710.2,731,2523.355555555556,3850,30,0.3693570451436389,81.22222222222223
14064.0,29,15,3332.42,687,222.16133333333335,3977,131,0.6550218340611353,45.8
14065.0,389,3,891.02,432,297.00666666666666,582,42,0.20833333333333331,144.0
14066.0,267,1,152.55,267,152.55,45,7,0.11235955056179775,267.0
14067.0,64,2,374.7,97,187.35,361,51,0.6185567010309279,48.5
14068.0,320,4,1528.3700000000001,678,382.09250000000003,513,93,0.17699115044247787,169.5
14069.0,515,2,230.06,562,115.03,59,37,0.10676156583629892,281.0
14070.0,685,1,326.55,685,326.55,86,40,0.0437956204379562,685.0
14071.0,4,8,1438.82,265,179.8525,995,271,0.9056603773584906,33.125
14072.0,667,1,390.85,667,390.85,65,19,0.04497751124437781,667.0
14073.0,32,1,151.04,32,151.04,130,13,0.9375,32.0
14074.0,623,1,219.39999999999998,623,219.39999999999998,228,6,0.048154093097913325,623.0
14075.0,5,6,1734.87,541,289.145,1494,59,0.33271719038817005,90.16666666666667
14076.0,129,1,122.47,129,122.47,81,43,0.23255813953488372,129.0
14077.0,41,6,615.0799999999999,395,102.51333333333332,376,43,0.45569620253164556,65.83333333333333
14078.0,102,9,1692.6299999999999,621,188.07,618,107,0.43478260869565216,69.0
14079.0,125,2,618.73,682,309.365,302,13,0.08797653958944282,341.0
14080.0,33,5,1115.68,737,223.13600000000002,268,74,0.203527815468114,147.4
14081.0,302,10,5370.1,729,537.01,3712,465,0.4115226337448559,72.9
14082.0,365,2,413.36,393,206.68,246,48,0.15267175572519084,196.5
14083.0,4,11,1407.26,722,127.93272727272728,966,169,0.45706371191135736,65.63636363636364
14084.0,512,1,150.5,512,150.5,306,7,0.05859375,512.0
14085.0,2,33,10104.97,731,306.2112121212121,6564,479,1.3543091655266757,22.151515151515152
14086.0,463,1,39.95,463,39.95,1,1,0.06479481641468683,463.0
14087.0,3,3,846.22,735,282.0733333333333,727,175,0.12244897959183675,245.0
14088.0,10,16,64036.8,421,4002.3,15276,436,1.1401425178147269,26.3125
14089.0,57,1,161.0,57,161.0,134,13,0.5263157894736842,57.0
14090.0,325,1,76.32000000000001,325,76.32000000000001,72,1,0.09230769230769231,325.0
14091.0,654,2,9530.08,698,4765.04,3316,13,0.08595988538681948,349.0
14092.0,8,24,7229.45,723,301.2270833333333,3606,169,0.995850622406639,30.125
14093.0,12,1,442.85,12,442.85,406,95,2.5,12.0
14094.0,440,1,335.22,440,335.22,177,41,0.06818181818181818,440.0
14095.0,723,1,2.95,723,2.95,1,1,0.041493775933609964,723.0
14096.0,4,17,65164.79,102,3833.2229411764706,16352,1119,5.0,6.0
14097.0,481,2,422.85999999999996,646,211.42999999999998,352,39,0.09287925696594428,323.0
14098.0,37,1,147.35,37,147.35,104,21,0.8108108108108109,37.0
14099.0,16,20,5765.71,730,288.2855,3670,273,0.821917808219178,36.5
14100.0,138,1,194.9,138,194.9,64,24,0.21739130434782608,138.0
14101.0,74,13,9961.93,621,766.3023076923077,10542,19,0.6280193236714976,47.76923076923077
14102.0,5,5,1360.28,45,272.056,961,35,3.333333333333333,9.0
14104.0,155,5,771.5799999999999,560,154.31599999999997,509,117,0.26785714285714285,112.0
14105.0,239,5,5988.83,721,1197.766,3534,200,0.20804438280166437,144.2
14106.0,737,1,214.79999999999998,737,214.79999999999998,24,1,0.04070556309362279,737.0
14107.0,52,11,4877.3,730,443.39090909090913,3489,102,0.452054794520548,66.36363636363636
14108.0,31,4,1044.96,738,261.24,660,49,0.16260162601626016,184.5
14109.0,73,1,144.2,73,144.2,88,9,0.410958904109589,73.0
14110.0,4,33,12987.95,739,393.57424242424247,5825,177,1.3396481732070364,22.393939393939394
14111.0,14,4,692.85,242,173.2125,458,10,0.49586776859504134,60.5
14112.0,23,13,5834.59,654,448.8146153846154,3539,199,0.5963302752293578,50.30769230769231
14113.0,4,16,7092.610000000001,732,443.28812500000004,3439,76,0.6557377049180327,45.75
14114.0,274,7,1364.09,607,194.86999999999998,650,72,0.34596375617792424,86.71428571428571
14115.0,502,2,622.6700000000001,667,311.33500000000004,509,22,0.08995502248875561,333.5
14116.0,20,5,1382.74,122,276.548,707,61,1.2295081967213113,24.4
14117.0,144,1,90.0,144,90.0,72,3,0.20833333333333331,144.0
14118.0,429,1,458.45,429,458.45,97,15,0.06993006993006994,429.0
14119.0,376,2,183.37,718,91.685,177,11,0.08356545961002786,359.0
14121.0,4,4,2780.15,60,695.0375,2082,148,2.0,15.0
14122.0,406,3,362.42,737,120.80666666666667,114,12,0.12211668928086837,245.66666666666666
14123.0,733,1,436.18,733,436.18,234,24,0.040927694406548434,733.0
14124.0,84,1,419.58000000000004,84,419.58000000000004,1618,4,0.3571428571428571,84.0
14125.0,11,3,2740.43,78,913.4766666666666,1640,159,1.153846153846154,26.0
14126.0,8,4,1172.46,444,293.115,887,37,0.2702702702702703,111.0
14127.0,123,6,1900.0800000000002,426,316.68,828,96,0.4225352112676056,71.0
14128.0,61,3,924.21,551,308.07,814,50,0.16333938294010888,183.66666666666666
14129.0,2,9,2591.34,579,287.9266666666667,1414,40,0.46632124352331605,64.33333333333333
14130.0,319,4,1882.67,728,470.6675,1239,189,0.16483516483516486,182.0
14131.0,649,1,187.87,649,187.87,118,45,0.046224961479198766,649.0
14132.0,2,11,3586.0299999999997,184,326.00272727272727,3368,100,1.7934782608695652,16.727272727272727
14133.0,130,4,911.14,734,227.785,398,33,0.16348773841961853,183.5
14134.0,383,15,11123.35,730,741.5566666666667,5814,130,0.6164383561643836,48.666666666666664
14135.0,2,24,9643.92,738,401.83,9355,138,0.9756097560975611,30.75
14136.0,401,5,1570.81,732,314.162,1148,86,0.20491803278688525,146.4
14137.0,696,1,332.7,696,332.7,462,11,0.04310344827586207,696.0
14138.0,2,2,982.3800000000001,64,491.19000000000005,610,40,0.9375,32.0
14139.0,46,4,1086.8,543,271.7,1049,48,0.22099447513812157,135.75
14140.0,4,2,935.05,32,467.525,811,60,1.875,16.0
14141.0,3,4,915.13,105,228.7825,355,27,1.142857142857143,26.25
14142.0,373,2,983.15,646,491.575,831,42,0.09287925696594428,323.0
14143.0,134,1,115.8,134,115.8,30,7,0.22388059701492538,134.0
14144.0,486,1,30.599999999999998,486,30.599999999999998,12,1,0.0617283950617284,486.0
14145.0,47,7,7600.05,611,1085.7214285714285,1655,11,0.3436988543371522,87.28571428571429
14146.0,9,12,9450.3,695,787.525,5780,337,0.5179856115107914,57.916666666666664
14147.0,78,9,2590.2,640,287.79999999999995,995,24,0.421875,71.11111111111111
14148.0,234,2,466.29,414,233.145,223,15,0.14492753623188406,207.0
14149.0,221,1,446.62,221,446.62,218,28,0.13574660633484165,221.0
14150.0,36,2,658.64,360,329.32,496,23,0.16666666666666669,180.0
14151.0,673,2,679.45,717,339.725,405,44,0.08368200836820083,358.5
14152.0,75,7,1997.3400000000001,659,285.3342857142857,1844,104,0.31866464339908956,94.14285714285714
14153.0,483,1,233.4,483,233.4,312,17,0.06211180124223603,483.0
14154.0,239,8,6460.7,696,807.5875,3222,236,0.3448275862068966,87.0
14155.0,266,1,118.75,266,118.75,25,6,0.11278195488721804,266.0
14156.0,10,156,313946.37,739,2012.4767307692307,165992,1446,6.332882273342355,4.737179487179487
14157.0,20,5,1002.78,646,200.55599999999998,540,75,0.23219814241486067,129.2
14158.0,40,1,507.66,40,507.66,781,41,0.75,40.0
14159.0,20,20,7938.01,737,396.9005,6593,706,0.814111261872456,36.85
14160.0,610,7,8421.47,699,1203.0671428571427,4661,80,0.30042918454935624,99.85714285714286
14161.0,216,7,3318.88,727,474.1257142857143,1623,202,0.28885832187070154,103.85714285714286
14162.0,174,2,289.36,293,144.68,142,25,0.20477815699658702,146.5
14163.0,87,5,2594.62,462,518.924,950,42,0.3246753246753247,92.4
14164.0,71,2,1631.77,81,815.885,1033,28,0.7407407407407407,40.5
14165.0,276,1,122.53999999999999,276,122.53999999999999,54,23,0.10869565217391304,276.0
14166.0,505,2,256.85,626,128.425,84,39,0.09584664536741214,313.0
14167.0,39,8,1296.49,681,162.06125,350,48,0.35242290748898675,85.125
14168.0,421,2,370.45,565,185.225,147,11,0.10619469026548672,282.5
14169.0,431,2,624.4300000000001,444,312.21500000000003,208,50,0.13513513513513514,222.0
14170.0,375,3,597.33,395,199.11,290,123,0.22784810126582278,131.66666666666666
14171.0,98,2,498.79,730,249.395,211,61,0.0821917808219178,365.0
14172.0,605,3,402.72,643,134.24,88,38,0.13996889580093314,214.33333333333334
14173.0,11,6,586.0,731,97.66666666666667,194,30,0.24623803009575923,121.83333333333333
14174.0,33,1,134.46,33,134.46,94,26,0.9090909090909092,33.0
14175.0,60,8,7678.88,628,959.86,3009,237,0.3821656050955414,78.5
14176.0,297,5,916.01,381,183.202,326,33,0.39370078740157477,76.2
14177.0,86,13,2229.34,652,171.48769230769233,1048,141,0.598159509202454,50.15384615384615
14178.0,9,7,1620.93,182,231.5614285714286,1505,191,1.153846153846154,26.0
14179.0,41,2,719.78,52,359.89,330,135,1.153846153846154,26.0
14180.0,11,33,6319.25,548,191.49242424242425,878,125,1.8065693430656935,16.606060606060606
14181.0,411,2,310.55,563,155.275,122,48,0.10657193605683837,281.5
14182.0,444,4,678.77,596,169.6925,174,42,0.20134228187919462,149.0
14183.0,411,2,286.29,481,143.145,61,27,0.12474012474012475,240.5
14184.0,67,1,452.89,67,452.89,127,24,0.44776119402985076,67.0
14185.0,331,1,197.65,331,197.65,6,3,0.09063444108761329,331.0
14186.0,427,5,1550.63,645,310.12600000000003,1550,75,0.23255813953488372,129.0
14187.0,474,1,123.5,474,123.5,50,8,0.06329113924050632,474.0
14188.0,31,6,2054.36,310,342.3933333333334,1162,34,0.5806451612903226,51.666666666666664
14189.0,2,16,5814.39,389,363.399375,4646,199,1.2339331619537275,24.3125
14190.0,666,1,79.9,666,79.9,2,1,0.04504504504504504,666.0
14191.0,2,15,4817.66,729,321.1773333333333,3724,147,0.6172839506172839,48.6
14192.0,388,1,293.74,388,293.74,218,14,0.07731958762886598,388.0
14193.0,68,3,1210.19,397,403.3966666666667,653,49,0.22670025188916876,132.33333333333334
14194.0,5,36,18670.59,703,518.6275,10037,432,1.5362731152204836,19.52777777777778
14195.0,202,6,2615.6,634,435.93333333333334,2144,10,0.28391167192429023,105.66666666666667
14196.0,107,1,335.52,107,335.52,142,6,0.2803738317757009,107.0
14197.0,411,1,390.05,411,390.05,143,20,0.07299270072992702,411.0
14198.0,18,9,1569.73,704,174.41444444444446,623,58,0.3835227272727273,78.22222222222223
14199.0,218,4,1091.7,531,272.925,254,15,0.22598870056497175,132.75
14200.0,617,1,379.2,617,379.2,140,21,0.0486223662884927,617.0
14201.0,60,10,1193.54,588,119.354,806,47,0.5102040816326531,58.8
14202.0,381,3,847.76,625,282.58666666666664,166,27,0.144,208.33333333333334
14203.0,397,1,339.34,397,339.34,80,16,0.07556675062972291,397.0
14204.0,2,4,1062.96,737,265.74,492,186,0.16282225237449116,184.25
14205.0,17,9,2414.2,643,268.2444444444444,1342,79,0.41990668740279935,71.44444444444444
14206.0,239,3,1185.01,403,395.00333333333333,930,62,0.22332506203473945,134.33333333333334
14207.0,688,1,157.8,688,157.8,36,2,0.0436046511627907,688.0
14208.0,95,2,567.05,551,283.525,529,34,0.1088929219600726,275.5
14209.0,11,15,4993.27,687,332.8846666666667,1739,133,0.6550218340611353,45.8
14210.0,106,16,5861.52,703,366.345,2604,143,0.6827880512091039,43.9375
14211.0,53,18,4402.29,731,244.57166666666666,2575,155,0.7387140902872777,40.611111111111114
14212.0,90,2,2190.14,446,1095.07,2046,18,0.13452914798206278,223.0
14213.0,405,1,1192.2,405,1192.2,244,5,0.07407407407407407,405.0
14214.0,31,5,1004.38,278,200.876,751,64,0.539568345323741,55.6
14215.0,12,9,3416.33,732,379.59222222222223,2285,167,0.3688524590163934,81.33333333333333
14216.0,3,5,2150.04,414,430.008,712,65,0.36231884057971014,82.8
14217.0,2,23,3416.89,527,148.5604347826087,1256,122,1.3092979127134723,22.91304347826087
14218.0,43,1,169.48000000000002,43,169.48000000000002,160,12,0.6976744186046512,43.0
14219.0,4,3,633.83,493,211.27666666666667,363,39,0.18255578093306288,164.33333333333334
14220.0,247,4,1515.0,569,378.75,468,26,0.21089630931458697,142.25
14221.0,42,17,6517.49,612,383.38176470588235,3808,166,0.8333333333333333,36.0
14222.0,177,1,683.17,177,683.17,607,41,0.1694915254237288,177.0
14223.0,92,3,991.13,264,330.37666666666667,585,50,0.34090909090909094,88.0
14224.0,110,9,1897.9,544,210.8777777777778,863,189,0.4963235294117647,60.44444444444444
14225.0,435,4,2037.02,696,509.255,1168,70,0.1724137931034483,174.0
14226.0,29,6,3002.53,441,500.4216666666667,1726,89,0.40816326530612246,73.5
14227.0,26,15,6368.71,670,424.5806666666667,4048,246,0.6716417910447761,44.666666666666664
14228.0,438,3,745.5,547,248.5,260,38,0.16453382084095064,182.33333333333334
14229.0,52,7,2594.04,472,370.57714285714286,934,41,0.44491525423728817,67.42857142857143
14230.0,436,3,979.8000000000001,548,326.6,246,27,0.1642335766423358,182.66666666666666
14231.0,184,4,1235.6200000000001,451,308.90500000000003,610,66,0.2660753880266075,112.75
14232.0,43,5,2048.07,265,409.61400000000003,1941,81,0.5660377358490566,53.0
14233.0,49,7,2904.27,644,414.8957142857143,1261,42,0.32608695652173914,92.0
14234.0,22,4,775.46,57,193.865,963,122,2.1052631578947367,14.25
14235.0,75,9,4717.99,619,524.2211111111111,3014,107,0.4361873990306947,68.77777777777777
14236.0,81,5,1744.64,505,348.928,812,39,0.297029702970297,101.0
14237.0,373,2,632.14,591,316.07,276,26,0.10152284263959391,295.5
14238.0,326,3,434.23,735,144.74333333333334,189,13,0.12244897959183675,245.0
14239.0,43,21,4263.17,735,203.00809523809525,1729,97,0.8571428571428571,35.0
14240.0,30,3,1247.49,424,415.83,655,46,0.21226415094339623,141.33333333333334
14241.0,184,2,333.70000000000005,696,166.85000000000002,242,12,0.08620689655172414,348.0
14242.0,235,2,280.55,326,140.275,123,13,0.18404907975460122,163.0
14243.0,9,17,7431.05,476,437.1205882352941,3687,235,1.0714285714285714,28.0
14244.0,661,1,366.41999999999996,661,366.41999999999996,814,16,0.0453857791225416,661.0
14245.0,220,2,1693.45,264,846.725,976,107,0.2272727272727273,132.0
14246.0,111,3,1474.06,246,491.3533333333333,804,57,0.36585365853658536,82.0
14247.0,278,5,772.66,551,154.53199999999998,382,82,0.2722323049001815,110.2
14248.0,318,3,1032.95,515,344.31666666666666,692,41,0.17475728155339806,171.66666666666666
14249.0,411,12,5625.461,679,468.7884166666667,2487,178,0.5301914580265096,56.583333333333336
14250.0,7,3,1904.05,89,634.6833333333333,1200,94,1.0112359550561798,29.666666666666668
14251.0,2,5,2879.7000000000003,58,575.94,1674,37,2.586206896551724,11.6
14252.0,381,1,350.99,381,350.99,111,10,0.07874015748031496,381.0
14253.0,493,2,363.40000000000003,623,181.70000000000002,88,11,0.09630818619582665,311.5
14254.0,433,1,601.03,433,601.03,263,23,0.06928406466512702,433.0
14255.0,546,1,1000.63,546,1000.63,1,1,0.054945054945054944,546.0
14256.0,260,5,2473.9900000000002,695,494.79800000000006,1171,100,0.21582733812949642,139.0
14257.0,64,9,5954.45,648,661.6055555555555,3332,167,0.41666666666666663,72.0
14258.0,9,25,32051.34,736,1282.0536,17488,97,1.0190217391304348,29.44
14259.0,142,1,120.0,142,120.0,68,5,0.2112676056338028,142.0
14260.0,471,3,824.28,549,274.76,544,50,0.16393442622950818,183.0
14261.0,51,2,1163.45,79,581.725,406,52,0.7594936708860759,39.5
14262.0,8,8,2618.23,241,327.27875,1645,87,0.995850622406639,30.125
14263.0,423,1,322.93,423,322.93,171,16,0.07092198581560283,423.0
14264.0,155,6,1517.3600000000001,611,252.89333333333335,553,59,0.2945990180032733,101.83333333333333
14265.0,109,4,1373.35,612,343.3375,715,74,0.19607843137254902,153.0
14266.0,428,1,40.56,428,40.56,24,1,0.07009345794392523,428.0
14267.0,163,3,1516.24,261,505.41333333333336,530,25,0.3448275862068966,87.0
14268.0,471,1,354.85,471,354.85,147,19,0.06369426751592357,471.0
14269.0,439,1,295.73,439,295.73,123,16,0.0683371298405467,439.0
14270.0,332,1,492.65000000000003,332,492.65000000000003,197,29,0.09036144578313253,332.0
14271.0,226,2,219.13,409,109.565,149,38,0.1466992665036675,204.5
14272.0,74,4,920.81,582,230.2025,1097,62,0.20618556701030927,145.5
14273.0,51,4,559.97,242,139.9925,264,22,0.49586776859504134,60.5
14274.0,686,1,256.6,686,256.6,178,15,0.043731778425655975,686.0
14275.0,396,6,1189.3799999999999,608,198.23,538,14,0.29605263157894735,101.33333333333333
14276.0,99,7,2102.68,660,300.3828571428571,1406,75,0.3181818181818182,94.28571428571429
14277.0,15,9,17225.81,726,1913.978888888889,89814,334,0.371900826446281,80.66666666666667
14278.0,410,1,205.83,410,205.83,131,13,0.07317073170731707,410.0
14279.0,521,2,191.86,681,95.93,46,3,0.08810572687224669,340.5
14280.0,197,1,134.04,197,134.04,52,8,0.15228426395939085,197.0
14281.0,408,1,245.15,408,245.15,45,7,0.07352941176470588,408.0
14282.0,3,25,7849.66,663,313.9864,5478,100,1.1312217194570136,26.52
14283.0,463,4,628.4399999999999,570,157.10999999999999,550,36,0.2105263157894737,142.5
14284.0,31,3,1299.65,654,433.2166666666667,510,59,0.13761467889908258,218.0
14285.0,21,8,3284.42,731,410.5525,954,48,0.3283173734610123,91.375
14286.0,24,7,8479.76,736,1211.3942857142858,8795,270,0.28532608695652173,105.14285714285714
14287.0,8,3,176.63,199,58.876666666666665,261,9,0.4522613065326633,66.33333333333333
14288.0,213,1,426.6,213,426.6,188,16,0.14084507042253522,213.0
14289.0,9,6,911.26,290,151.87666666666667,292,33,0.6206896551724138,48.333333333333336
14290.0,11,8,4516.56,732,564.57,1600,120,0.32786885245901637,91.5
14291.0,2,23,7904.1,731,343.6565217391304,6146,241,0.9439124487004104,31.782608695652176
14292.0,8,16,9226.25,631,576.640625,3429,120,0.7606973058637084,39.4375
14293.0,3,9,3267.9300000000003,730,363.10333333333335,1730,88,0.3698630136986301,81.11111111111111
14294.0,407,1,375.34,407,375.34,190,23,0.07371007371007371,407.0
14295.0,40,5,2362.91,732,472.582,1029,66,0.20491803278688525,146.4
14296.0,421,2,456.40000000000003,574,228.20000000000002,314,27,0.10452961672473868,287.0
14297.0,18,4,1305.33,275,326.3325,865,48,0.43636363636363634,68.75
14298.0,8,82,91194.49,728,1112.1279268292683,100272,1370,3.379120879120879,8.878048780487806
14299.0,8,27,14499.49,738,537.0181481481482,8228,164,1.097560975609756,27.333333333333332
14300.0,19,1,43.2,19,43.2,32,3,1.5789473684210527,19.0
14301.0,117,4,1992.18,666,498.045,1686,37,0.18018018018018017,166.5
14302.0,431,3,742.9000000000001,738,247.63333333333335,298,25,0.12195121951219513,246.0
14303.0,407,2,277.94,435,138.97,218,21,0.13793103448275862,217.5
14304.0,223,3,1725.01,571,575.0033333333333,775,69,0.1576182136602452,190.33333333333334
14305.0,71,3,1858.96,135,619.6533333333333,1089,96,0.6666666666666667,45.0
14306.0,51,6,3151.4,677,525.2333333333333,2065,43,0.2658788774002954,112.83333333333333
14307.0,89,10,5071.03,732,507.10299999999995,3374,205,0.4098360655737705,73.2
14308.0,549,2,1147.02,549,573.51,2,1,0.1092896174863388,274.5
14309.0,8,11,3780.81,551,343.71,2583,125,0.5989110707803993,50.09090909090909
14310.0,433,1,492.1,433,492.1,230,22,0.06928406466512702,433.0
14311.0,243,2,516.45,568,258.225,235,31,0.1056338028169014,284.0
14312.0,47,11,3090.29,504,280.93545454545455,1904,148,0.6547619047619048,45.81818181818182
14314.0,107,2,229.8,431,114.9,332,10,0.13921113689095127,215.5
14315.0,45,8,3197.82,635,399.7275,1344,83,0.3779527559055118,79.375
14316.0,422,5,1370.34,630,274.068,4494,21,0.23809523809523808,126.0
14317.0,65,1,508.58000000000004,65,508.58000000000004,255,24,0.46153846153846156,65.0
14318.0,460,1,158.02,460,158.02,152,9,0.06521739130434782,460.0
14319.0,424,1,494.85,424,494.85,329,26,0.07075471698113207,424.0
14320.0,207,5,1346.75,688,269.35,713,68,0.2180232558139535,137.6
14321.0,11,7,2218.06,473,316.86571428571426,3275,162,0.4439746300211416,67.57142857142857
14322.0,429,4,474.1,660,118.525,158,10,0.18181818181818182,165.0
14323.0,115,2,605.0600000000001,239,302.53000000000003,350,32,0.2510460251046025,119.5
14324.0,410,2,701.61,693,350.805,402,41,0.08658008658008658,346.5
14325.0,570,1,245.48000000000002,570,245.48000000000002,320,18,0.052631578947368425,570.0
14326.0,242,3,940.98,533,313.66,572,54,0.16885553470919323,177.66666666666666
14327.0,163,6,1894.93,700,315.82166666666666,1296,99,0.2571428571428572,116.66666666666667
14328.0,438,1,445.05,438,445.05,1,1,0.0684931506849315,438.0
14329.0,17,15,9927.22,723,661.8146666666667,5921,349,0.6224066390041494,48.2
14330.0,624,1,200.63,624,200.63,103,13,0.04807692307692307,624.0
14331.0,124,2,462.65999999999997,135,231.32999999999998,252,27,0.4444444444444445,67.5
14332.0,23,5,1943.51,416,388.702,893,47,0.3605769230769231,83.2
14333.0,68,1,415.2,68,415.2,58,15,0.4411764705882353,68.0
14334.0,17,12,4318.48,569,359.8733333333333,2986,148,0.632688927943761,47.416666666666664
14335.0,16,2,468.26,96,234.13,379,55,0.625,48.0
14336.0,17,4,1614.91,276,403.7275,1759,77,0.43478260869565216,69.0
14338.0,161,3,928.1,537,309.3666666666667,622,43,0.1675977653631285,179.0
14339.0,243,2,620.27,429,310.135,456,21,0.13986013986013987,214.5
14340.0,219,1,134.7,219,134.7,58,6,0.136986301369863,219.0
14341.0,45,18,4467.32,739,248.18444444444444,2819,185,0.7307171853856562,41.05555555555556
14342.0,21,6,918.44,472,153.07333333333335,521,27,0.38135593220338987,78.66666666666667
14343.0,421,4,1088.91,690,272.2275,631,193,0.17391304347826086,172.5
14344.0,127,20,3333.7000000000003,626,166.685,1669,140,0.9584664536741214,31.3
14345.0,39,1,108.97999999999999,39,108.97999999999999,50,6,0.7692307692307692,39.0
14346.0,121,5,2315.75,498,463.15,1878,123,0.3012048192771084,99.6
14347.0,737,1,82.6,737,82.6,48,6,0.04070556309362279,737.0
14348.0,260,1,409.57,260,409.57,183,18,0.11538461538461539,260.0
14349.0,10,1,133.5,10,133.5,86,31,3.0,10.0
14350.0,274,3,972.03,430,324.01,543,55,0.20930232558139533,143.33333333333334
14351.0,165,1,51.0,165,51.0,12,1,0.18181818181818182,165.0
14352.0,157,4,1078.96,273,269.74,538,44,0.43956043956043955,68.25
14353.0,215,3,376.5,432,125.5,344,18,0.20833333333333331,144.0
14354.0,6,2,163.62,30,81.81,210,9,2.0,15.0
14355.0,366,3,1014.45,627,338.15000000000003,709,57,0.14354066985645933,209.0
14356.0,80,2,701.23,81,350.615,277,33,0.7407407407407407,40.5
14357.0,43,1,225.77,43,225.77,148,39,0.6976744186046512,43.0
14358.0,389,2,400.06,428,200.03,338,21,0.14018691588785046,214.0
14359.0,19,3,912.18,88,304.06,371,44,1.0227272727272727,29.333333333333332
14360.0,32,4,2128.23,95,532.0575,1151,104,1.263157894736842,23.75
14361.0,579,1,214.70999999999998,579,214.70999999999998,251,14,0.05181347150259067,579.0
14362.0,22,1,161.2,22,161.2,100,37,1.3636363636363638,22.0
14363.0,402,2,227.47000000000003,451,113.73500000000001,105,8,0.13303769401330376,225.5
14364.0,109,8,3717.35,211,464.66875,1967,61,1.137440758293839,26.375
14365.0,395,2,634.68,682,317.34,557,50,0.08797653958944282,341.0
14366.0,525,1,136.0,525,136.0,16,1,0.05714285714285714,525.0
14367.0,8,16,9261.52,276,578.845,4438,270,1.7391304347826086,17.25
14368.0,320,1,155.0,320,155.0,36,8,0.09375,320.0
14369.0,642,2,469.13,662,234.565,255,24,0.09063444108761329,331.0
14370.0,451,6,1175.78,677,195.96333333333334,266,37,0.2658788774002954,112.83333333333333
14371.0,295,1,100.5,295,100.5,34,4,0.10169491525423728,295.0
14372.0,443,2,860.08,599,430.04,378,36,0.1001669449081803,299.5
14373.0,358,1,76.55,358,76.55,17,4,0.08379888268156425,358.0
14374.0,541,1,108.0,541,108.0,20,7,0.05545286506469501,541.0
14375.0,185,3,1132.99,541,377.66333333333336,659,176,0.16635859519408502,180.33333333333334
14376.0,683,1,215.46,683,215.46,50,17,0.043923865300146414,683.0
14377.0,191,2,617.05,262,308.525,219,11,0.22900763358778625,131.0
14378.0,622,1,131.25,622,131.25,57,9,0.04823151125401929,622.0
14379.0,44,4,1268.91,480,317.2275,713,93,0.25,120.0
14380.0,682,1,48.96,682,48.96,1,1,0.04398826979472141,682.0
14381.0,52,2,631.34,451,315.67,453,104,0.13303769401330376,225.5
14382.0,26,2,1246.8,390,623.4,1701,227,0.15384615384615385,195.0
14383.0,38,3,1247.69,164,415.8966666666667,817,49,0.548780487804878,54.666666666666664
14384.0,501,1,58.5,501,58.5,30,3,0.05988023952095808,501.0
14385.0,9,3,202.11,24,67.37,159,13,3.75,8.0
14386.0,297,1,142.4,297,142.4,54,7,0.10101010101010101,297.0
14387.0,33,3,1770.56,109,590.1866666666666,819,125,0.8256880733944955,36.333333333333336
14388.0,10,16,6701.0,689,418.8125,4360,184,0.6966618287373004,43.0625
14389.0,65,5,1898.01,590,379.602,1388,48,0.2542372881355932,118.0
14390.0,10,13,6399.83,425,492.2946153846154,2910,197,0.9176470588235295,32.69230769230769
14391.0,577,1,135.6,577,135.6,168,14,0.05199306759098787,577.0
14392.0,432,1,266.4,432,266.4,114,14,0.06944444444444445,432.0
14393.0,218,1,67.95,218,67.95,13,5,0.13761467889908258,218.0
14394.0,565,1,93.8,565,93.8,58,6,0.05309734513274336,565.0
14395.0,2,20,8208.01,600,410.4005,4072,320,1.0,30.0
14396.0,65,7,2121.93,737,303.1328571428571,1022,202,0.28493894165535955,105.28571428571429
14397.0,3,19,2612.96,214,137.52421052631578,1890,18,2.663551401869159,11.263157894736842
14398.0,401,2,707.79,528,353.895,267,50,0.11363636363636365,264.0
14399.0,394,8,2113.16,674,264.145,968,119,0.3560830860534125,84.25
14400.0,149,3,1732.47,632,577.49,1706,71,0.14240506329113925,210.66666666666666
14401.0,4,22,6795.9,725,308.9045454545454,6401,171,0.9103448275862069,32.95454545454545
14402.0,652,1,285.6,652,285.6,240,8,0.046012269938650305,652.0
14403.0,130,6,1880.51,639,313.41833333333335,737,20,0.28169014084507044,106.5
14404.0,34,13,2899.11,719,223.00846153846155,1656,123,0.5424200278164117,55.30769230769231
14405.0,387,1,195.0,387,195.0,100,2,0.07751937984496124,387.0
14406.0,119,1,156.75,119,156.75,77,8,0.25210084033613445,119.0
14407.0,107,6,2157.73,277,359.62166666666667,1415,67,0.6498194945848376,46.166666666666664
14408.0,11,11,4109.77,733,373.6154545454546,2444,63,0.45020463847203274,66.63636363636364
14409.0,71,9,3756.09,567,417.34333333333336,2401,76,0.47619047619047616,63.0
14410.0,92,11,2651.14,437,241.01272727272726,1377,307,0.7551487414187643,39.72727272727273
14411.0,311,1,1063.0,311,1063.0,196,14,0.09646302250803858,311.0
14412.0,43,3,1426.19,425,475.3966666666667,1428,75,0.21176470588235294,141.66666666666666
14413.0,362,4,770.37,689,192.5925,280,93,0.1741654571843251,172.25
14414.0,92,8,2399.33,375,299.91625,2877,99,0.64,46.875
14415.0,1,23,12091.6,723,525.7217391304348,6304,445,0.954356846473029,31.434782608695652
14416.0,22,2,490.22,42,245.11,326,13,1.4285714285714284,21.0
14417.0,388,1,604.2,388,604.2,567,106,0.07731958762886598,388.0
14418.0,4,3,1937.25,108,645.75,1711,114,0.8333333333333333,36.0
14419.0,11,7,1260.91,383,180.13000000000002,556,118,0.5483028720626633,54.714285714285715
14420.0,99,4,1639.17,692,409.7925,1120,85,0.17341040462427745,173.0
14421.0,57,6,2469.37,692,411.56166666666667,1342,72,0.26011560693641617,115.33333333333333
14422.0,1,19,10271.52,723,540.6063157894737,6067,317,0.7883817427385892,38.05263157894737
14423.0,218,3,916.6099999999999,695,305.53666666666663,419,12,0.12949640287769784,231.66666666666666
14424.0,18,1,322.08,18,322.08,48,1,1.6666666666666665,18.0
14425.0,435,3,661.39,738,220.46333333333334,325,35,0.12195121951219513,246.0
14426.0,24,17,11727.94,645,689.8788235294118,7023,452,0.7906976744186046,37.94117647058823
14427.0,50,4,1263.52,632,315.88,538,43,0.18987341772151897,158.0
14428.0,7,5,1244.83,325,248.96599999999998,436,108,0.46153846153846156,65.0
14429.0,404,1,516.28,404,516.28,286,22,0.07425742574257425,404.0
14430.0,512,3,1220.9,607,406.9666666666667,446,29,0.14827018121911037,202.33333333333334
14431.0,303,4,2614.2,688,653.55,1202,72,0.1744186046511628,172.0
14432.0,10,6,2255.51,89,375.91833333333335,2070,256,2.0224719101123596,14.833333333333334
14433.0,466,1,289.6,466,289.6,134,72,0.06437768240343347,466.0
14434.0,22,6,1372.8,72,228.79999999999998,368,3,2.5,12.0
14435.0,502,1,90.42,502,90.42,282,3,0.05976095617529881,502.0
14436.0,99,2,271.70000000000005,554,135.85000000000002,297,11,0.10830324909747292,277.0
14437.0,366,5,958.84,584,191.768,486,34,0.2568493150684931,116.8
14438.0,306,1,131.9,306,131.9,82,9,0.09803921568627451,306.0
14439.0,320,5,9443.04,687,1888.6080000000002,2244,105,0.2183406113537118,137.4
14440.0,8,13,6638.7300000000005,738,510.6715384615385,1755,63,0.5284552845528455,56.76923076923077
14441.0,1,11,4611.6900000000005,691,419.2445454545455,1260,103,0.47756874095513746,62.81818181818182
14442.0,205,7,5367.0199999999995,690,766.7171428571428,1431,128,0.3043478260869565,98.57142857142857
14443.0,54,5,2386.47,379,477.294,1520,119,0.395778364116095,75.8
14444.0,456,1,132.04,456,132.04,180,11,0.06578947368421052,456.0
14445.0,456,1,221.65,456,221.65,83,32,0.06578947368421052,456.0
14446.0,1,5,1241.31,387,248.262,1116,259,0.38759689922480617,77.4
14447.0,19,6,1711.73,400,285.28833333333336,913,81,0.44999999999999996,66.66666666666667
14448.0,9,2,375.35,364,187.675,104,20,0.16483516483516486,182.0
14449.0,19,8,2482.8,436,310.35,1778,301,0.5504587155963303,54.5
14450.0,181,7,1128.44,611,161.2057142857143,522,47,0.3436988543371522,87.28571428571429
14451.0,60,12,3308.77,692,275.73083333333335,1757,245,0.5202312138728323,57.666666666666664
14452.0,11,4,665.59,521,166.3975,289,108,0.23032629558541265,130.25
14453.0,190,1,119.93,190,119.93,49,22,0.15789473684210525,190.0
14454.0,376,5,977.3,733,195.45999999999998,400,93,0.20463847203274216,146.6
14455.0,432,4,628.21,495,157.0525,719,65,0.24242424242424243,123.75
14456.0,5,9,3062.4,142,340.26666666666665,2908,580,1.9014084507042253,15.777777777777779
14457.0,311,1,113.64,311,113.64,88,4,0.09646302250803858,311.0
14458.0,381,1,237.42,381,237.42,328,46,0.07874015748031496,381.0
14459.0,155,2,5375.741,651,2687.8705,2303,113,0.09216589861751152,325.5
14460.0,110,9,1093.5,724,121.5,1879,33,0.3729281767955801,80.44444444444444
14461.0,148,13,6713.5,691,516.4230769230769,3027,515,0.5643994211287988,53.15384615384615
14462.0,66,12,2270.01,432,189.16750000000002,1072,182,0.8333333333333333,36.0
14463.0,98,4,786.5699999999999,500,196.64249999999998,210,7,0.24,125.0
14464.0,568,2,111.0,627,55.5,62,4,0.09569377990430622,313.5
14465.0,247,11,3946.03,701,358.73,2546,128,0.470756062767475,63.72727272727273
14466.0,29,13,4646.9,726,357.45384615384614,2644,77,0.5371900826446281,55.84615384615385
14467.0,18,12,2220.9900000000002,738,185.0825,1196,144,0.48780487804878053,61.5
14468.0,734,1,204.24,734,204.24,164,12,0.04087193460490463,734.0
14469.0,416,4,2112.21,680,528.0525,980,120,0.1764705882352941,170.0
14470.0,12,3,712.04,431,237.34666666666666,282,56,0.2088167053364269,143.66666666666666
14471.0,591,2,400.95,733,200.475,187,38,0.08185538881309687,366.5
14472.0,104,9,2228.22,689,247.57999999999998,1305,173,0.3918722786647315,76.55555555555556
14473.0,74,2,234.34000000000003,282,117.17000000000002,88,7,0.2127659574468085,141.0
14474.0,46,2,1278.08,580,639.04,453,122,0.10344827586206896,290.0
14475.0,72,4,1151.15,409,287.7875,541,40,0.293398533007335,102.25
14476.0,257,1,215.7,257,215.7,132,17,0.11673151750972763,257.0
14477.0,20,7,1969.6,704,281.37142857142857,1120,7,0.29829545454545453,100.57142857142857
14478.0,382,4,1276.66,738,319.165,1226,59,0.16260162601626016,184.5
14479.0,254,4,1299.11,733,324.7775,620,127,0.16371077762619374,183.25
14480.0,11,4,1299.52,718,324.88,670,52,0.1671309192200557,179.5
14481.0,165,5,2311.4900000000002,678,462.29800000000006,1584,114,0.22123893805309736,135.6
14482.0,18,12,4357.91,470,363.15916666666664,2891,185,0.7659574468085106,39.166666666666664
14483.0,282,2,257.1,737,128.55,193,13,0.08141112618724558,368.5
14484.0,50,4,1070.98,723,267.745,744,47,0.16597510373443985,180.75
14485.0,39,1,165.75,39,165.75,71,44,0.7692307692307692,39.0
14486.0,512,2,175.5,554,87.75,90,4,0.10830324909747292,277.0
14487.0,27,7,1453.61,379,207.6585714285714,837,129,0.554089709762533,54.142857142857146
14488.0,68,1,1064.28,68,1064.28,799,46,0.4411764705882353,68.0
14489.0,207,4,1574.93,613,393.7325,1011,65,0.19575856443719414,153.25
14490.0,406,2,1273.47,429,636.735,933,72,0.13986013986013987,214.5
14491.0,175,2,468.13,373,234.065,179,17,0.16085790884718498,186.5
14492.0,430,7,1921.91,619,274.55857142857144,751,70,0.3392568659127625,88.42857142857143
14493.0,7,10,5130.15,642,513.015,3183,292,0.4672897196261682,64.2
14494.0,26,3,401.46,731,133.82,210,17,0.12311901504787962,243.66666666666666
14495.0,51,3,174.8,660,58.26666666666667,68,7,0.13636363636363635,220.0
14496.0,312,7,2668.23,633,381.17571428571426,991,64,0.33175355450236965,90.42857142857143
14497.0,309,2,697.0600000000001,674,348.53000000000003,332,40,0.08902077151335312,337.0
14498.0,43,10,3911.27,550,391.127,2122,276,0.5454545454545454,55.0
14499.0,26,7,2138.9700000000003,470,305.56714285714287,1250,199,0.4468085106382979,67.14285714285714
14500.0,88,3,356.85,190,118.95,117,6,0.4736842105263158,63.333333333333336
14501.0,184,2,251.21,320,125.605,161,9,0.1875,160.0
14502.0,20,11,2470.67,313,224.60636363636365,1498,368,1.0543130990415335,28.454545454545453
14503.0,3,6,3543.26,179,590.5433333333334,2004,113,1.005586592178771,29.833333333333332
14504.0,47,4,673.26,278,168.315,308,85,0.43165467625899284,69.5
14505.0,17,19,12001.84,730,631.6757894736842,5383,898,0.7808219178082192,38.421052631578945
14506.0,17,7,3290.67,600,470.0957142857143,1078,251,0.35000000000000003,85.71428571428571
14507.0,24,11,3284.43,729,298.58454545454543,1536,182,0.45267489711934156,66.27272727272727
14508.0,22,5,874.94,540,174.988,359,142,0.2777777777777778,108.0
14509.0,534,1,110.95,534,110.95,38,25,0.056179775280898875,534.0
14510.0,376,3,1007.28,436,335.76,821,67,0.20642201834862386,145.33333333333334
14511.0,11,5,1314.81,134,262.962,784,53,1.1194029850746268,26.8
14512.0,188,7,1223.47,732,174.78142857142856,742,55,0.28688524590163933,104.57142857142857
14513.0,101,6,788.01,568,131.335,593,15,0.31690140845070425,94.66666666666667
14514.0,61,9,4598.9800000000005,726,510.99777777777786,2496,212,0.371900826446281,80.66666666666667
14515.0,18,12,3749.2599999999998,551,312.43833333333333,1917,109,0.6533575317604355,45.916666666666664
14516.0,516,1,163.92,516,163.92,68,35,0.05813953488372093,516.0
14517.0,33,2,330.45,142,165.225,91,17,0.4225352112676056,71.0
14518.0,64,1,174.37,64,174.37,278,16,0.46875,64.0
14519.0,684,2,206.09,729,103.045,82,38,0.0823045267489712,364.5
14520.0,2,2,270.6,291,135.3,146,3,0.20618556701030927,145.5
14521.0,491,1,199.45000000000002,491,199.45000000000002,211,17,0.06109979633401221,491.0
14522.0,24,8,1758.6200000000001,684,219.82750000000001,968,34,0.3508771929824561,85.5
14523.0,108,1,241.09,108,241.09,251,12,0.2777777777777778,108.0
14524.0,32,13,2933.71,417,225.67000000000002,1176,250,0.935251798561151,32.07692307692308
14525.0,20,17,8240.64,726,484.74352941176465,5235,340,0.7024793388429752,42.705882352941174
14526.0,389,1,262.4,389,262.4,179,41,0.07712082262210797,389.0
14527.0,3,122,27792.3,738,227.80573770491802,6762,607,4.9593495934959355,6.049180327868853
14528.0,37,1,364.21999999999997,37,364.21999999999997,278,18,0.8108108108108109,37.0
14529.0,60,3,620.04,110,206.67999999999998,348,177,0.8181818181818181,36.666666666666664
14530.0,26,16,6197.4,688,387.3375,3014,269,0.6976744186046512,43.0
14531.0,480,1,376.34,480,376.34,260,29,0.0625,480.0
14532.0,236,11,3859.1800000000003,699,350.8345454545455,1115,209,0.4721030042918455,63.54545454545455
14533.0,25,11,3466.37,611,315.12454545454545,6038,74,0.5400981996726678,55.54545454545455
14534.0,3,26,6271.11,634,241.19653846153844,2856,437,1.2302839116719244,24.384615384615383
14535.0,60,9,6030.7300000000005,653,670.0811111111111,3240,589,0.4134762633996937,72.55555555555556
14536.0,260,1,171.8,260,171.8,40,18,0.11538461538461539,260.0
14537.0,58,2,641.4,623,320.7,228,23,0.09630818619582665,311.5
14538.0,65,5,1370.8400000000001,683,274.168,284,45,0.21961932650073207,136.6
14539.0,16,2,537.48,45,268.74,428,31,1.3333333333333335,22.5
14540.0,10,11,3795.34,732,345.0309090909091,1619,197,0.45081967213114754,66.54545454545455
14541.0,59,14,2499.68,702,178.54857142857142,1129,99,0.5982905982905983,50.142857142857146
14542.0,186,1,103.25,186,103.25,19,5,0.16129032258064518,186.0
14543.0,29,39,14906.77,738,382.22487179487183,2697,106,1.5853658536585367,18.923076923076923
14544.0,24,3,2982.43,470,994.1433333333333,2438,148,0.19148936170212766,156.66666666666666
14545.0,674,1,349.25,674,349.25,236,23,0.04451038575667656,674.0
14546.0,5,11,5197.9,733,472.5363636363636,2696,410,0.45020463847203274,66.63636363636364
14547.0,4,8,4007.54,54,500.9425,2668,198,4.444444444444445,6.75
14548.0,151,9,2627.49,733,291.9433333333333,1021,66,0.3683492496589359,81.44444444444444
14549.0,311,4,916.5500000000001,737,229.13750000000002,395,117,0.16282225237449116,184.25
14550.0,11,4,1353.31,484,338.3275,776,77,0.24793388429752067,121.0
14551.0,18,7,880.04,682,125.72,487,69,0.30791788856304986,97.42857142857143
14552.0,152,3,511.28000000000003,592,170.42666666666668,261,124,0.15202702702702703,197.33333333333334
14553.0,19,9,1841.54,510,204.61555555555555,1140,233,0.5294117647058824,56.666666666666664
14554.0,10,4,2381.04,52,595.26,1478,147,2.307692307692308,13.0
14555.0,57,6,2315.63,722,385.93833333333333,850,94,0.24930747922437674,120.33333333333333
14556.0,596,3,835.34,689,278.44666666666666,331,158,0.13062409288824384,229.66666666666666
14557.0,85,1,788.38,85,788.38,510,16,0.3529411764705882,85.0
14558.0,654,3,655.5,732,218.5,162,13,0.12295081967213116,244.0
14559.0,390,1,75.6,390,75.6,72,2,0.07692307692307693,390.0
14560.0,7,44,6114.03,738,138.95522727272726,4580,60,1.7886178861788617,16.772727272727273
14561.0,76,3,1080.76,184,360.25333333333333,1014,67,0.4891304347826087,61.333333333333336
14562.0,4,26,6729.400000000001,670,258.82307692307694,2604,245,1.164179104477612,25.76923076923077
14563.0,510,2,679.44,592,339.72,335,95,0.10135135135135136,296.0
14564.0,435,2,2605.62,736,1302.81,1295,107,0.08152173913043478,368.0
14565.0,96,5,3859.2200000000003,474,771.844,1940,139,0.3164556962025316,94.8
14566.0,111,4,4092.0,534,1023.0,2400,9,0.2247191011235955,133.5
14567.0,57,2,1530.3600000000001,130,765.1800000000001,412,33,0.46153846153846156,65.0
14568.0,435,1,919.7,435,919.7,645,47,0.06896551724137931,435.0
14569.0,1,4,598.98,604,149.745,258,31,0.1986754966887417,151.0
14570.0,281,3,613.75,443,204.58333333333334,431,64,0.20316027088036118,147.66666666666666
14571.0,425,1,161.65,425,161.65,57,30,0.07058823529411765,425.0
14572.0,3,11,5615.18,621,510.4709090909091,2933,336,0.5314009661835748,56.45454545454545
14573.0,180,13,2621.42,700,201.64769230769232,835,183,0.5571428571428572,53.84615384615385
14574.0,733,1,143.70000000000002,733,143.70000000000002,63,11,0.040927694406548434,733.0
14575.0,488,1,460.71,488,460.71,176,71,0.06147540983606558,488.0
14576.0,372,1,70.80000000000001,372,70.80000000000001,24,1,0.08064516129032259,372.0
14577.0,13,7,1374.25,729,196.32142857142858,573,104,0.2880658436213992,104.14285714285714
14578.0,3,1,168.63,3,168.63,240,24,10.0,3.0
14579.0,432,1,105.56,432,105.56,56,24,0.06944444444444445,432.0
14580.0,518,1,14.850000000000001,518,14.850000000000001,3,1,0.05791505791505792,518.0
14581.0,17,2,433.8,544,216.9,309,59,0.11029411764705882,272.0
14582.0,41,1,114.11,41,114.11,73,6,0.7317073170731707,41.0
14583.0,6,8,1781.03,621,222.62875,1155,353,0.3864734299516908,77.625
14584.0,169,8,1747.91,660,218.48875,963,127,0.36363636363636365,82.5
14585.0,50,5,1143.27,417,228.654,630,88,0.3597122302158273,83.4
14586.0,277,1,237.36,277,237.36,444,19,0.10830324909747292,277.0
14587.0,19,9,1601.14,331,177.90444444444447,761,170,0.8157099697885196,36.77777777777778
14588.0,578,1,135.39,578,135.39,62,16,0.051903114186851215,578.0
14589.0,372,1,79.5,372,79.5,10,3,0.08064516129032259,372.0
14590.0,425,20,3006.62,732,150.331,904,124,0.819672131147541,36.6
14591.0,15,4,1447.14,213,361.785,1297,138,0.5633802816901409,53.25
14592.0,35,3,570.46,64,190.15333333333334,415,132,1.40625,21.333333333333332
14593.0,22,12,3712.0099999999998,730,309.33416666666665,1875,436,0.4931506849315068,60.833333333333336
14594.0,7,2,634.83,373,317.415,331,48,0.16085790884718498,186.5
14595.0,20,8,2164.45,688,270.55625,1228,119,0.3488372093023256,86.0
14596.0,627,1,229.47,627,229.47,79,50,0.04784688995215311,627.0
14597.0,11,6,2201.54,437,366.92333333333335,1447,79,0.4118993135011441,72.83333333333333
14598.0,44,2,384.04,569,192.02,354,83,0.10544815465729349,284.5
14599.0,390,2,474.54,509,237.27,295,77,0.11787819253438113,254.5
14600.0,306,2,865.1700000000001,393,432.58500000000004,487,53,0.15267175572519084,196.5
14601.0,11,1,213.96,11,213.96,168,7,2.7272727272727275,11.0
14602.0,656,1,205.35999999999999,656,205.35999999999999,80,31,0.04573170731707317,656.0
14603.0,275,1,660.0,275,660.0,400,2,0.10909090909090909,275.0
14604.0,633,1,143.85999999999999,633,143.85999999999999,88,20,0.04739336492890995,633.0
14605.0,374,4,937.16,731,234.29,424,88,0.16415868673050615,182.75
14606.0,1,192,30861.06,737,160.7346875,15635,1262,7.815468113975576,3.8385416666666665
14607.0,16,22,24137.63,725,1097.165,15585,106,0.9103448275862069,32.95454545454545
14608.0,4,11,3352.94,734,304.8127272727273,927,15,0.44959128065395093,66.72727272727273
14609.0,72,10,1486.2,669,148.62,12720,6,0.44843049327354256,66.9
14610.0,396,2,24.35,514,12.175,15,10,0.11673151750972763,257.0
14611.0,444,2,604.3299999999999,599,302.16499999999996,582,37,0.1001669449081803,299.5
14612.0,415,1,877.7,415,877.7,134,14,0.07228915662650603,415.0
14613.0,680,1,76.32000000000001,680,76.32000000000001,72,1,0.044117647058823525,680.0
14614.0,386,1,295.13,386,295.13,189,19,0.07772020725388601,386.0
14615.0,394,5,951.76,548,190.352,495,40,0.2737226277372263,109.6
14616.0,243,5,527.78,549,105.556,170,3,0.273224043715847,109.8
14617.0,403,2,190.47000000000003,416,95.23500000000001,81,7,0.14423076923076925,208.0
14618.0,9,7,1342.32,547,191.76,704,40,0.38391224862888484,78.14285714285714
14619.0,246,2,1291.24,541,645.62,594,58,0.11090573012939002,270.5
14620.0,206,2,412.78000000000003,284,206.39000000000001,214,26,0.2112676056338028,142.0
14621.0,1,9,3000.57,684,333.3966666666667,1706,134,0.39473684210526316,76.0
14622.0,185,1,320.58000000000004,185,320.58000000000004,146,21,0.16216216216216217,185.0
14623.0,32,10,2059.58,602,205.958,1059,193,0.49833887043189373,60.2
14624.0,57,6,814.07,605,135.67833333333334,645,39,0.2975206611570248,100.83333333333333
14625.0,196,11,4497.88,723,408.89818181818185,2155,167,0.45643153526970953,65.72727272727273
14626.0,24,11,5410.92,729,491.9018181818182,3135,181,0.45267489711934156,66.27272727272727
14627.0,379,1,462.75,379,462.75,284,29,0.07915567282321899,379.0
14628.0,91,5,1998.0,683,399.6,1147,65,0.21961932650073207,136.6
14629.0,4,2,959.01,47,479.505,380,133,1.2765957446808511,23.5
14630.0,484,1,338.65,484,338.65,111,21,0.06198347107438017,484.0
14631.0,51,6,2025.69,487,337.615,1407,65,0.3696098562628337,81.16666666666667
14632.0,263,1,114.56,263,114.56,96,8,0.11406844106463879,263.0
14633.0,266,1,344.90000000000003,266,344.90000000000003,96,20,0.11278195488721804,266.0
14634.0,438,4,2124.46,542,531.115,1906,105,0.22140221402214022,135.5
14635.0,454,1,215.22,454,215.22,118,15,0.06607929515418502,454.0
14636.0,36,2,609.85,269,304.925,241,27,0.22304832713754646,134.5
14637.0,677,1,106.67999999999999,677,106.67999999999999,100,7,0.044313146233382575,677.0
14638.0,51,1,443.6,51,443.6,166,16,0.5882352941176471,51.0
14639.0,52,9,4978.96,662,553.2177777777778,2410,203,0.4078549848942598,73.55555555555556
14640.0,24,10,3667.06,686,366.706,1651,165,0.43731778425655976,68.6
14641.0,22,1,110.46,22,110.46,90,7,1.3636363636363638,22.0
14642.0,59,1,96.12,59,96.12,76,2,0.5084745762711864,59.0
14643.0,170,5,1679.89,729,335.978,1377,57,0.20576131687242796,145.8
14644.0,68,7,2247.72,736,321.1028571428571,770,50,0.28532608695652173,105.14285714285714
14645.0,157,3,876.89,635,292.2966666666667,587,45,0.14173228346456693,211.66666666666666
14646.0,2,151,528602.52,737,3500.678940397351,367193,961,6.146540027137043,4.880794701986755
14647.0,201,2,519.97,523,259.985,180,42,0.1147227533460803,261.5
14648.0,416,15,4546.86,729,303.12399999999997,3326,286,0.6172839506172839,48.6
14649.0,5,9,3775.31,688,419.4788888888889,2464,374,0.3924418604651163,76.44444444444444
14650.0,589,1,62.5,589,62.5,22,4,0.050933786078098474,589.0
14651.0,67,9,2034.1200000000001,632,226.01333333333335,886,216,0.4272151898734177,70.22222222222223
14652.0,77,1,114.18,77,114.18,53,29,0.38961038961038963,77.0
14653.0,1,12,3614.54,738,301.21166666666664,1976,271,0.48780487804878053,61.5
14654.0,738,1,246.86,738,246.86,273,27,0.04065040650406504,738.0
14655.0,8,7,3878.51,596,554.0728571428572,2341,72,0.3523489932885906,85.14285714285714
14656.0,169,5,814.65,604,162.93,318,148,0.24834437086092717,120.8
14657.0,18,6,1460.8700000000001,435,243.47833333333335,885,143,0.41379310344827586,72.5
14658.0,5,2,247.15,117,123.575,47,27,0.5128205128205129,58.5
14659.0,9,9,2529.93,316,281.1033333333333,1195,147,0.8544303797468354,35.111111111111114
14660.0,87,2,285.74,101,142.87,228,24,0.594059405940594,50.5
14661.0,27,1,107.95,27,107.95,35,4,1.1111111111111112,27.0
14662.0,29,7,1416.33,736,202.33285714285714,935,199,0.28532608695652173,105.14285714285714
14663.0,430,2,490.6,430,245.3,397,60,0.13953488372093023,215.0
14664.0,20,2,637.89,33,318.945,466,78,1.8181818181818183,16.5
14665.0,61,7,2749.65,593,392.8071428571429,1144,94,0.35413153456998314,84.71428571428571
14666.0,24,1,195.25,24,195.25,161,14,1.25,24.0
14667.0,11,54,21927.14,738,406.0581481481481,13010,578,2.195121951219512,13.666666666666666
14668.0,445,1,111.63,445,111.63,49,10,0.06741573033707866,445.0
14669.0,242,7,3243.93,737,463.4185714285714,2054,334,0.28493894165535955,105.28571428571429
14670.0,280,3,602.0,732,200.66666666666666,434,159,0.12295081967213116,244.0
14671.0,549,2,1127.45,568,563.725,571,48,0.1056338028169014,284.0
14672.0,235,4,1113.14,681,278.285,646,93,0.17621145374449337,170.25
14673.0,3,7,3410.81,410,487.25857142857143,2035,86,0.5121951219512195,58.57142857142857
14674.0,509,1,173.66,509,173.66,103,14,0.058939096267190565,509.0
14675.0,16,2,1066.9,389,533.45,726,196,0.15424164524421594,194.5
14676.0,31,12,8356.79,640,696.3991666666667,8792,77,0.5625,53.333333333333336
14677.0,593,1,184.91,593,184.91,139,14,0.050590219224283306,593.0
14678.0,579,1,403.39,579,403.39,179,24,0.05181347150259067,579.0
14679.0,382,3,1289.44,731,429.81333333333333,794,49,0.12311901504787962,243.66666666666666
14680.0,25,58,57412.77,736,989.8753448275861,27364,222,2.364130434782609,12.689655172413794
14681.0,71,6,875.1500000000001,654,145.85833333333335,172,19,0.27522935779816515,109.0
14682.0,188,6,1514.81,672,252.46833333333333,949,79,0.26785714285714285,112.0
14683.0,588,1,146.56,588,146.56,386,21,0.05102040816326531,588.0
14684.0,26,6,1468.55,390,244.75833333333333,1039,272,0.46153846153846156,65.0
14685.0,576,8,4619.79,727,577.47375,2012,109,0.33012379642365886,90.875
14686.0,414,5,885.83,659,177.166,475,185,0.2276176024279211,131.8
14687.0,107,3,1402.06,552,467.3533333333333,850,34,0.16304347826086957,184.0
14688.0,8,28,7713.57,457,275.48464285714283,5580,197,1.838074398249453,16.321428571428573
14689.0,209,1,112.8,209,112.8,76,13,0.14354066985645933,209.0
14690.0,44,4,794.33,411,198.5825,344,69,0.29197080291970806,102.75
14691.0,31,5,2114.33,213,422.866,707,50,0.704225352112676,42.6
14692.0,137,12,1745.09,617,145.42416666666665,905,101,0.5834683954619125,51.416666666666664
14693.0,265,7,1165.36,526,166.48,388,43,0.3992395437262357,75.14285714285714
14694.0,617,1,244.31,617,244.31,193,15,0.0486223662884927,617.0
14695.0,519,3,1620.07,733,540.0233333333333,678,76,0.12278308321964529,244.33333333333334
14696.0,4,8,2767.9,422,345.9875,2151,137,0.5687203791469195,52.75
14697.0,218,2,188.60999999999999,218,94.30499999999999,181,22,0.27522935779816515,109.0
14698.0,2,5,1250.76,51,250.152,615,148,2.941176470588235,10.2
14699.0,214,4,702.6,526,175.65,484,45,0.22813688212927757,131.5
14700.0,32,5,3116.26,486,623.2520000000001,1634,111,0.30864197530864196,97.2
14701.0,11,15,4562.09,685,304.13933333333335,1782,455,0.6569343065693432,45.666666666666664
14702.0,1,29,6754.22,729,232.90413793103448,3073,338,1.1934156378600824,25.137931034482758
14703.0,15,1,318.17,15,318.17,183,22,2.0,15.0
14704.0,11,11,1813.57,624,164.87,1209,319,0.5288461538461539,56.72727272727273
14705.0,199,1,179.0,199,179.0,100,1,0.15075376884422112,199.0
14706.0,619,1,390.69,619,390.69,263,25,0.048465266558966075,619.0
14707.0,436,2,139.2,577,69.6,96,1,0.10398613518197573,288.5
14708.0,3,5,2212.2799999999997,456,442.45599999999996,1509,27,0.3289473684210526,91.2
14709.0,15,25,8886.33,734,355.4532,4141,105,1.021798365122616,29.36
14710.0,14,13,1922.59,736,147.89153846153846,1151,310,0.529891304347826,56.61538461538461
14711.0,10,11,2868.8,262,260.8,978,221,1.2595419847328244,23.818181818181817
14712.0,29,4,1328.0700000000002,418,332.01750000000004,411,24,0.28708133971291866,104.5
14713.0,9,21,5418.87,736,258.0414285714286,3456,222,0.8559782608695652,35.04761904761905
14714.0,24,4,906.24,688,226.56,642,64,0.1744186046511628,172.0
14715.0,25,8,1840.45,690,230.05625,1034,102,0.34782608695652173,86.25
14716.0,43,3,565.45,445,188.48333333333335,752,85,0.20224719101123595,148.33333333333334
14717.0,733,1,81.3,733,81.3,32,11,0.040927694406548434,733.0
14718.0,410,1,226.42,410,226.42,202,11,0.07317073170731707,410.0
14719.0,2,5,1602.13,249,320.42600000000004,1032,177,0.6024096385542168,49.8
14720.0,6,3,663.81,127,221.26999999999998,219,34,0.7086614173228346,42.333333333333336
14721.0,379,1,115.77,379,115.77,59,24,0.07915567282321899,379.0
14722.0,147,3,513.37,486,171.12333333333333,222,72,0.18518518518518517,162.0
14723.0,10,11,2093.06,736,190.27818181818182,1308,287,0.4483695652173913,66.9090909090909
14724.0,590,1,345.25,590,345.25,187,40,0.05084745762711864,590.0
14725.0,25,4,1315.24,535,328.81,1340,85,0.22429906542056074,133.75
14726.0,655,1,124.75,655,124.75,91,15,0.04580152671755725,655.0
14727.0,274,3,467.92999999999995,546,155.97666666666666,468,43,0.16483516483516486,182.0
14728.0,413,1,190.58,413,190.58,68,14,0.07263922518159807,413.0
14729.0,374,3,907.38,625,302.46,574,126,0.144,208.33333333333334
14730.0,1,8,2005.06,277,250.6325,1132,317,0.8664259927797834,34.625
14731.0,47,3,380.02,212,126.67333333333333,256,38,0.42452830188679247,70.66666666666667
14732.0,8,19,5517.07,731,290.3721052631579,2273,162,0.7797537619699042,38.473684210526315
14733.0,16,15,16184.97,402,1078.998,6491,140,1.1194029850746268,26.8
14734.0,426,4,1056.42,551,264.105,378,48,0.2177858439201452,137.75
14735.0,4,56,12240.16,736,218.5742857142857,4513,198,2.282608695652174,13.142857142857142
14736.0,485,2,401.08,485,200.54,164,70,0.12371134020618557,242.5
14737.0,4,4,3554.17,401,888.5425,1071,28,0.29925187032418954,100.25
14738.0,43,9,1821.9,733,202.43333333333334,757,58,0.3683492496589359,81.44444444444444
14739.0,4,25,12287.5,737,491.5,10172,129,1.01763907734057,29.48
14740.0,197,11,4161.06,653,378.27818181818185,2081,173,0.5053598774885146,59.36363636363637
14741.0,12,7,1897.59,418,271.0842857142857,1120,48,0.5023923444976077,59.714285714285715
14742.0,435,1,579.85,435,579.85,374,34,0.06896551724137931,435.0
14743.0,593,1,50.48,593,50.48,40,3,0.050590219224283306,593.0
14744.0,16,14,3885.08,570,277.5057142857143,2547,57,0.7368421052631579,40.714285714285715
14745.0,113,12,2571.81,638,214.3175,1977,74,0.5642633228840126,53.166666666666664
14746.0,406,4,593.5,424,148.375,398,7,0.2830188679245283,106.0
14747.0,249,1,328.2,249,328.2,84,18,0.12048192771084336,249.0
14748.0,29,10,3152.32,645,315.232,2752,129,0.46511627906976744,64.5
14749.0,480,1,310.15,480,310.15,403,18,0.0625,480.0
14750.0,736,1,112.03,736,112.03,65,32,0.04076086956521739,736.0
14751.0,684,2,126.45,726,63.225,65,7,0.08264462809917356,363.0
14752.0,44,1,389.64,44,389.64,260,5,0.6818181818181819,44.0
14753.0,87,2,869.51,461,434.755,412,45,0.1301518438177874,230.5
14754.0,45,6,1550.48,691,258.41333333333336,1011,110,0.2604920405209841,115.16666666666667
14755.0,10,25,9972.550000000001,736,398.90200000000004,4401,219,1.0190217391304348,29.44
14756.0,15,3,2653.76,425,884.5866666666667,1423,102,0.21176470588235294,141.66666666666666
14757.0,75,1,420.5,75,420.5,160,19,0.4,75.0
14758.0,145,7,2864.97,611,409.28142857142853,840,91,0.3436988543371522,87.28571428571429
14759.0,5,3,1625.97,233,541.99,569,92,0.38626609442060084,77.66666666666667
14760.0,297,1,89.2,297,89.2,40,5,0.10101010101010101,297.0
14761.0,59,3,447.92,444,149.30666666666667,206,21,0.20270270270270271,148.0
14762.0,264,2,417.57,626,208.785,428,28,0.09584664536741214,313.0
14764.0,47,1,278.3,47,278.3,190,6,0.6382978723404256,47.0
14765.0,29,3,254.11,176,84.70333333333333,135,38,0.5113636363636364,58.666666666666664
14766.0,8,11,6556.13,552,596.0118181818182,4063,251,0.5978260869565217,50.18181818181818
14767.0,474,1,382.81,474,382.81,117,18,0.06329113924050632,474.0
14768.0,17,2,192.60000000000002,127,96.30000000000001,52,4,0.47244094488188976,63.5
14769.0,3,17,15771.88,724,927.7576470588235,11255,834,0.7044198895027624,42.588235294117645
14770.0,232,8,3637.64,652,454.705,1598,152,0.36809815950920244,81.5
14771.0,621,2,594.62,737,297.31,622,46,0.08141112618724558,368.5
14772.0,112,1,139.26,112,139.26,82,9,0.26785714285714285,112.0
14773.0,593,1,140.55,593,140.55,53,10,0.050590219224283306,593.0
14774.0,529,1,241.45,529,241.45,99,13,0.05671077504725898,529.0
14775.0,58,3,1418.46,372,472.82,1558,57,0.24193548387096775,124.0
14776.0,51,15,3708.3,446,247.22,4658,68,1.0089686098654709,29.733333333333334
14777.0,404,1,307.56,404,307.56,212,16,0.07425742574257425,404.0
14778.0,127,2,730.86,309,365.43,306,34,0.1941747572815534,154.5
14779.0,281,3,386.15,324,128.71666666666667,84,40,0.2777777777777778,108.0
14780.0,55,2,447.68,79,223.84,310,26,0.7594936708860759,39.5
14782.0,320,1,200.10000000000002,320,200.10000000000002,114,6,0.09375,320.0
14783.0,659,1,307.3,659,307.3,262,17,0.045523520485584223,659.0
14784.0,26,3,449.93,390,149.97666666666666,363,25,0.23076923076923078,130.0
14785.0,10,2,77.4,15,38.7,84,2,4.0,7.5
14786.0,550,1,90.96,550,90.96,112,7,0.05454545454545454,550.0
14787.0,471,1,110.65,471,110.65,59,14,0.06369426751592357,471.0
14788.0,7,3,1156.32,596,385.44,719,53,0.15100671140939598,198.66666666666666
14789.0,29,1,197.64,29,197.64,116,6,1.0344827586206897,29.0
14790.0,17,10,2526.62,728,252.66199999999998,2642,65,0.41208791208791207,72.8
14791.0,607,1,303.63,607,303.63,127,19,0.04942339373970346,607.0
14792.0,64,1,6.2,64,6.2,2,2,0.46875,64.0
14793.0,21,2,625.9,535,312.95,361,39,0.11214953271028037,267.5
14794.0,3,10,1953.9,487,195.39000000000001,783,85,0.6160164271047228,48.7
14795.0,166,1,131.45000000000002,166,131.45000000000002,17,6,0.18072289156626506,166.0
14796.0,1,27,10889.64,725,403.32,7653,487,1.1172413793103448,26.85185185185185
14797.0,507,1,300.31,507,300.31,99,16,0.0591715976331361,507.0
14798.0,53,8,724.31,649,90.53875,601,30,0.3697996918335901,81.125
14799.0,51,2,338.15,738,169.075,495,20,0.08130081300813008,369.0
14800.0,48,17,7774.32,435,457.3129411764706,6967,337,1.1724137931034482,25.58823529411765
14801.0,61,1,193.14,61,193.14,175,56,0.49180327868852464,61.0
14802.0,438,2,1502.98,438,751.49,2,1,0.136986301369863,219.0
14803.0,162,3,845.55,292,281.84999999999997,370,35,0.3082191780821918,97.33333333333333
14804.0,9,1,353.27,9,353.27,121,12,3.333333333333333,9.0
14805.0,15,7,1104.64,622,157.8057142857143,421,88,0.33762057877813506,88.85714285714286
14806.0,75,2,303.43,439,151.715,423,17,0.1366742596810934,219.5
14807.0,391,2,519.29,650,259.645,247,37,0.09230769230769231,325.0
14808.0,40,8,2741.17,172,342.64625,2147,176,1.3953488372093024,21.5
14809.0,621,2,686.76,621,343.38,232,18,0.0966183574879227,310.5
14810.0,41,13,2537.02,429,195.1553846153846,1247,125,0.9090909090909092,33.0
14811.0,387,1,170.5,387,170.5,74,28,0.07751937984496124,387.0
14812.0,599,1,185.8,599,185.8,136,36,0.05008347245409015,599.0
14813.0,370,4,1090.87,611,272.7175,474,110,0.19639934533551556,152.75
14814.0,581,1,160.46,581,160.46,96,28,0.05163511187607573,581.0
14815.0,37,2,778.5,68,389.25,744,53,0.8823529411764706,34.0
14816.0,197,1,271.85,197,271.85,5,4,0.15228426395939085,197.0
14817.0,200,7,3959.86,628,565.6942857142857,2462,142,0.3343949044585987,89.71428571428571
14818.0,74,6,1170.41,648,195.06833333333336,546,87,0.2777777777777778,108.0
14819.0,64,4,470.16,718,117.54,173,52,0.1671309192200557,179.5
14820.0,21,9,1274.76,678,141.64,724,51,0.39823008849557523,75.33333333333333
14821.0,367,7,1286.45,676,183.77857142857144,485,65,0.31065088757396453,96.57142857142857
14822.0,485,1,157.70000000000002,485,157.70000000000002,94,9,0.061855670103092786,485.0
14823.0,180,3,321.43,195,107.14333333333333,88,56,0.46153846153846156,65.0
14824.0,10,10,4022.9100000000003,637,402.29100000000005,1954,84,0.47095761381475665,63.7
14825.0,4,24,4925.08,612,205.21166666666667,2848,187,1.1764705882352942,25.5
14826.0,582,2,385.2,695,192.6,152,10,0.08633093525179857,347.5
14828.0,197,13,9839.460000000001,733,756.8815384615385,9718,72,0.5320600272851297,56.38461538461539
14829.0,29,7,1692.84,436,241.8342857142857,1147,77,0.481651376146789,62.285714285714285
14830.0,53,1,197.13,53,197.13,169,39,0.5660377358490566,53.0
14831.0,680,3,1676.57,738,558.8566666666667,885,67,0.12195121951219513,246.0
14832.0,630,1,322.69,630,322.69,1,1,0.047619047619047616,630.0
14833.0,499,1,94.8,499,94.8,58,7,0.06012024048096192,499.0
14834.0,18,7,2206.16,407,315.1657142857143,872,55,0.515970515970516,58.142857142857146
14835.0,529,2,297.0,617,148.5,180,1,0.0972447325769854,308.5
14836.0,10,3,102.44999999999999,30,34.15,45,5,3.0,10.0
14837.0,90,9,3460.32,685,384.48,3030,171,0.39416058394160586,76.11111111111111
14838.0,423,2,773.6700000000001,737,386.83500000000004,362,69,0.08141112618724558,368.5
14839.0,418,3,915.28,704,305.0933333333333,927,61,0.1278409090909091,234.66666666666666
14840.0,268,2,362.71,539,181.355,179,20,0.11131725417439703,269.5
14841.0,53,14,7163.0,737,511.64285714285717,4164,196,0.5698778833107191,52.642857142857146
14842.0,44,4,2824.69,308,706.1725,1166,128,0.38961038961038963,77.0
14843.0,437,1,211.79999999999998,437,211.79999999999998,132,9,0.06864988558352403,437.0
14844.0,64,10,6702.43,607,670.243,4369,158,0.4942339373970346,60.7
14845.0,600,1,150.0,600,150.0,600,1,0.05,600.0
14846.0,427,1,437.4,427,437.4,193,12,0.0702576112412178,427.0
14847.0,149,3,1348.95,565,449.65000000000003,533,56,0.1592920353982301,188.33333333333334
14848.0,405,1,310.56,405,310.56,260,11,0.07407407407407407,405.0
14849.0,22,43,15763.45,699,366.59186046511627,12026,279,1.8454935622317596,16.25581395348837
14850.0,312,7,1794.01,568,256.28714285714284,1408,129,0.3697183098591549,81.14285714285714
14851.0,23,3,829.4100000000001,631,276.47,631,38,0.14263074484944532,210.33333333333334
14852.0,58,18,6147.18,644,341.51,4371,152,0.8385093167701864,35.77777777777778
14853.0,24,5,1376.87,606,275.37399999999997,345,26,0.2475247524752475,121.2
14854.0,78,11,4322.86,687,392.9872727272727,2999,170,0.48034934497816595,62.45454545454545
14855.0,119,7,6520.3,611,931.4714285714286,3510,168,0.3436988543371522,87.28571428571429
14856.0,36,3,1311.3799999999999,57,437.1266666666666,714,65,1.5789473684210527,19.0
14857.0,60,7,3651.851,635,521.693,2081,170,0.3307086614173228,90.71428571428571
14858.0,506,1,180.75,506,180.75,105,11,0.05928853754940711,506.0
14859.0,13,5,1705.64,555,341.12800000000004,888,51,0.2702702702702703,111.0
14860.0,19,1,170.32,19,170.32,232,11,1.5789473684210527,19.0
14861.0,52,10,1380.73,732,138.073,1076,62,0.4098360655737705,73.2
14862.0,26,2,841.1999999999999,149,420.59999999999997,772,47,0.40268456375838924,74.5
14863.0,29,1,266.76,29,266.76,132,11,1.0344827586206897,29.0
14865.0,7,4,129.72,738,32.43,300,4,0.16260162601626016,184.5
14866.0,11,19,20850.22,471,1097.38,9233,40,1.2101910828025477,24.789473684210527
14867.0,186,16,2952.06,734,184.50375,996,67,0.6539509536784741,45.875
14868.0,3,12,4184.01,420,348.6675,2230,132,0.8571428571428571,35.0
14869.0,9,6,2804.24,724,467.3733333333333,2138,187,0.24861878453038672,120.66666666666667
14870.0,262,6,1838.95,684,306.4916666666667,483,43,0.2631578947368421,114.0
14871.0,3,9,1258.97,739,139.88555555555556,454,123,0.3653585926928281,82.11111111111111
14872.0,484,3,816.6,633,272.2,662,34,0.14218009478672988,211.0
14873.0,210,2,854.13,634,427.065,311,48,0.0946372239747634,317.0
14874.0,535,1,116.18,535,116.18,148,6,0.056074766355140186,535.0
14875.0,108,3,2862.4,442,954.1333333333333,1332,88,0.20361990950226244,147.33333333333334
14876.0,521,2,256.7,561,128.35,162,12,0.10695187165775401,280.5
14877.0,418,2,437.0,643,218.5,171,57,0.09331259720062209,321.5
14878.0,13,25,4105.24,657,164.2096,2432,159,1.141552511415525,26.28
14879.0,685,1,185.06,685,185.06,104,27,0.0437956204379562,685.0
14880.0,77,3,706.19,289,235.39666666666668,373,45,0.31141868512110726,96.33333333333333
14881.0,20,1,255.4,20,255.4,316,17,1.5,20.0
14882.0,27,14,3628.15,619,259.1535714285714,1640,32,0.678513731825525,44.214285714285715
14883.0,19,6,761.59,212,126.93166666666667,790,39,0.8490566037735849,35.333333333333336
14884.0,669,1,120.6,669,120.6,72,8,0.044843049327354265,669.0
14885.0,132,3,1598.12,466,532.7066666666666,1308,24,0.19313304721030042,155.33333333333334
14886.0,253,1,364.8,253,364.8,160,18,0.11857707509881422,253.0
14887.0,79,1,1862.0,79,1862.0,1100,6,0.37974683544303794,79.0
14888.0,207,1,369.2,207,369.2,184,20,0.14492753623188406,207.0
14889.0,336,1,135.9,336,135.9,90,10,0.08928571428571427,336.0
14890.0,254,3,817.25,660,272.4166666666667,636,55,0.13636363636363635,220.0
14891.0,148,4,1106.73,437,276.6825,788,55,0.2745995423340961,109.25
14892.0,691,1,202.35000000000002,691,202.35000000000002,79,13,0.04341534008683068,691.0
14893.0,10,3,1809.6100000000001,618,603.2033333333334,1047,98,0.14563106796116504,206.0
14894.0,85,3,1492.81,738,497.6033333333333,603,39,0.12195121951219513,246.0
14895.0,8,38,25119.54,729,661.0405263157895,10714,441,1.5637860082304527,19.18421052631579
14896.0,205,8,2092.42,734,261.5525,1117,150,0.32697547683923706,91.75
14897.0,8,8,3140.54,724,392.5675,1162,94,0.3314917127071823,90.5
14898.0,23,14,3507.81,736,250.55785714285713,2247,185,0.5706521739130435,52.57142857142857
14899.0,395,1,1384.88,395,1384.88,586,126,0.0759493670886076,395.0
14900.0,522,1,13.919999999999998,522,13.919999999999998,48,1,0.05747126436781609,522.0
14901.0,11,12,2289.65,499,190.80416666666667,1053,103,0.721442885771543,41.583333333333336
14902.0,26,3,1035.6200000000001,554,345.2066666666667,716,51,0.1624548736462094,184.66666666666666
14903.0,21,5,2810.63,279,562.126,1536,227,0.5376344086021505,55.8
14904.0,2,4,1640.64,428,410.16,2549,127,0.2803738317757009,107.0
14905.0,158,8,1971.39,736,246.42375,1009,45,0.32608695652173914,92.0
14906.0,445,1,68.44,445,68.44,1,1,0.06741573033707866,445.0
14907.0,3,16,6165.79,602,385.361875,2817,153,0.7973421926910299,37.625
14908.0,74,2,381.9,463,190.95,182,14,0.12958963282937366,231.5
14909.0,437,3,1404.68,663,468.2266666666667,888,61,0.13574660633484165,221.0
14910.0,3,4,434.35,55,108.5875,238,25,2.1818181818181817,13.75
14911.0,1,398,295972.63,739,743.6498241206031,149987,2550,16.156968876860624,1.85678391959799
14912.0,17,6,1889.25,682,314.875,1819,44,0.2639296187683285,113.66666666666667
14913.0,36,8,4073.13,486,509.14125,3955,176,0.4938271604938272,60.75
14915.0,91,11,1811.25,737,164.6590909090909,707,65,0.44776119402985076,67.0
14916.0,71,8,3042.95,618,380.36875,2415,113,0.3883495145631068,77.25
14917.0,597,2,1123.75,597,561.875,891,29,0.10050251256281408,298.5
14918.0,116,9,5955.81,611,661.7566666666667,2551,79,0.44189852700491,67.88888888888889
14919.0,539,1,359.35,539,359.35,129,13,0.055658627087198514,539.0
14920.0,213,3,1607.17,565,535.7233333333334,886,90,0.1592920353982301,188.33333333333334
14921.0,30,2,1316.07,201,658.035,953,78,0.29850746268656714,100.5
14922.0,394,2,843.74,508,421.87,376,49,0.11811023622047244,254.0
14923.0,51,1,749.1,51,749.1,418,44,0.5882352941176471,51.0
14924.0,246,3,931.01,639,310.33666666666664,312,30,0.14084507042253522,213.0
14926.0,382,2,359.4,599,179.7,204,2,0.1001669449081803,299.5
14927.0,397,1,308.2,397,308.2,196,20,0.07556675062972291,397.0
14928.0,628,1,223.91000000000003,628,223.91000000000003,268,21,0.04777070063694268,628.0
14929.0,32,2,836.69,422,418.345,487,34,0.14218009478672988,211.0
14930.0,109,6,5246.63,607,874.4383333333334,2199,213,0.29654036243822074,101.16666666666667
14931.0,5,5,1257.68,241,251.536,417,30,0.6224066390041494,48.2
14932.0,366,2,1029.66,386,514.83,337,29,0.15544041450777202,193.0
14933.0,444,4,1770.0,444,442.5,600,1,0.2702702702702703,111.0
14934.0,82,5,3503.5,442,700.7,2100,115,0.3393665158371041,88.4
14935.0,297,2,2849.83,620,1424.915,1931,25,0.0967741935483871,310.0
14936.0,34,12,12410.81,584,1034.2341666666666,6274,267,0.6164383561643836,48.666666666666664
14937.0,57,3,1621.88,130,540.6266666666667,484,33,0.6923076923076923,43.333333333333336
14938.0,562,2,2322.43,562,1161.215,1369,71,0.10676156583629892,281.0
14940.0,418,2,531.49,733,265.745,384,32,0.08185538881309687,366.5
14941.0,579,1,182.1,579,182.1,80,7,0.05181347150259067,579.0
14942.0,402,4,746.56,730,186.64,354,12,0.1643835616438356,182.5
14943.0,663,1,107.62,663,107.62,46,5,0.04524886877828054,663.0
14944.0,30,19,9784.67,661,514.9826315789473,4864,184,0.8623298033282905,34.78947368421053
14945.0,414,1,179.4,414,179.4,156,11,0.07246376811594203,414.0
14946.0,14,1,100.9,14,100.9,22,3,2.142857142857143,14.0
14947.0,72,6,1049.79,625,174.965,416,47,0.288,104.16666666666667
14948.0,23,6,1101.97,219,183.66166666666666,673,56,0.821917808219178,36.5
14949.0,469,4,515.0,721,128.75,250,16,0.1664355062413315,180.25
14950.0,19,1,371.2,19,371.2,136,19,1.5789473684210527,19.0
14951.0,79,1,311.69,79,311.69,311,20,0.37974683544303794,79.0
14952.0,60,32,17629.35,736,550.9171875,6977,240,1.3043478260869565,23.0
14953.0,25,4,1013.77,436,253.4425,1028,202,0.27522935779816515,109.0
14954.0,12,2,503.44,703,251.72,219,111,0.08534850640113799,351.5
14955.0,733,1,163.77,733,163.77,74,30,0.040927694406548434,733.0
14956.0,421,1,1325.0,421,1325.0,2500,4,0.07125890736342043,421.0
14957.0,253,2,333.29,645,166.645,105,27,0.09302325581395349,322.5
14958.0,147,6,957.9399999999999,736,159.65666666666667,249,52,0.24456521739130435,122.66666666666667
14959.0,64,4,695.42,296,173.855,494,37,0.40540540540540543,74.0
14960.0,8,2,221.27,171,110.635,221,23,0.3508771929824561,85.5
14961.0,11,22,16410.15,736,745.9159090909092,8372,328,0.8967391304347826,33.45454545454545
14962.0,271,4,366.91,584,91.7275,123,14,0.2054794520547945,146.0
14963.0,10,12,3164.48,526,263.70666666666665,2317,304,0.6844106463878328,43.833333333333336
14964.0,247,1,206.21,247,206.21,143,13,0.12145748987854252,247.0
14965.0,96,2,599.0,96,299.5,365,80,0.625,48.0
14966.0,15,6,1115.8400000000001,724,185.97333333333336,1098,125,0.24861878453038672,120.66666666666667
14967.0,50,6,1982.6100000000001,736,330.435,652,22,0.24456521739130435,122.66666666666667
14968.0,30,2,504.99,458,252.495,258,83,0.13100436681222707,229.0
14969.0,704,1,906.23,704,906.23,665,13,0.04261363636363637,704.0
14970.0,68,12,4919.35,663,409.9458333333334,982,71,0.5429864253393666,55.25
14971.0,35,3,1116.57,43,372.19,644,144,2.0930232558139537,14.333333333333334
14972.0,128,2,145.07,381,72.535,40,20,0.15748031496062992,190.5
14973.0,107,3,1314.45,226,438.15000000000003,369,29,0.39823008849557523,75.33333333333333
14974.0,37,1,114.39,37,114.39,44,17,0.8108108108108109,37.0
14975.0,57,2,472.39,421,236.195,507,25,0.14251781472684086,210.5
14976.0,57,7,790.86,327,112.98,234,47,0.6422018348623852,46.714285714285715
14977.0,726,1,31.929999999999996,726,31.929999999999996,17,4,0.04132231404958678,726.0
14978.0,72,10,3142.14,591,314.214,740,175,0.5076142131979695,59.1
14979.0,735,1,439.46,735,439.46,213,42,0.04081632653061224,735.0
14980.0,737,1,150.68,737,150.68,79,24,0.04070556309362279,737.0
14981.0,246,2,372.92,424,186.46,241,20,0.14150943396226415,212.0
14982.0,572,1,237.78,572,237.78,125,39,0.05244755244755245,572.0
14983.0,689,1,183.20000000000002,689,183.20000000000002,90,30,0.04354136429608128,689.0
14984.0,19,6,1271.41,697,211.90166666666667,350,48,0.2582496413199426,116.16666666666667
14985.0,198,2,296.75,358,148.375,260,78,0.1675977653631285,179.0
14986.0,376,2,566.9,684,283.45,342,87,0.08771929824561403,342.0
14987.0,16,8,1713.85,737,214.23125,671,4,0.3256445047489823,92.125
14988.0,212,7,2066.6,602,295.2285714285714,1276,171,0.3488372093023256,86.0
14989.0,662,1,342.4,662,342.4,200,18,0.045317220543806644,662.0
14990.0,612,2,305.42,730,152.71,130,41,0.0821917808219178,365.0
14991.0,430,1,314.67,430,314.67,191,21,0.06976744186046512,430.0
14992.0,442,1,210.5,442,210.5,145,27,0.06787330316742082,442.0
14993.0,564,1,36.13,564,36.13,21,9,0.05319148936170213,564.0
14994.0,382,5,960.63,623,192.126,577,233,0.2407704654895666,124.6
14995.0,39,2,233.23000000000002,280,116.61500000000001,103,53,0.21428571428571427,140.0
14996.0,481,2,442.28999999999996,481,221.14499999999998,404,37,0.12474012474012475,240.5
14997.0,46,4,776.5999999999999,656,194.14999999999998,1408,36,0.18292682926829268,164.0
14998.0,170,4,770.73,605,192.6825,367,111,0.19834710743801653,151.25
14999.0,593,1,129.48000000000002,593,129.48000000000002,88,9,0.050590219224283306,593.0
15000.0,48,1,490.52,48,490.52,218,76,0.625,48.0
15001.0,394,2,230.85999999999999,394,115.42999999999999,81,44,0.15228426395939085,197.0
15002.0,116,9,4817.28,697,535.2533333333333,2518,220,0.38737446197991393,77.44444444444444
15003.0,473,6,1060.7,682,176.78333333333333,547,253,0.2639296187683285,113.66666666666667
15004.0,147,1,1246.32,147,1246.32,630,154,0.20408163265306123,147.0
15005.0,16,56,14106.2,738,251.89642857142857,8856,591,2.2764227642276422,13.178571428571429
15006.0,51,2,825.14,453,412.57,416,165,0.13245033112582782,226.5
15007.0,159,1,156.91,159,156.91,69,12,0.18867924528301888,159.0
15008.0,480,2,360.0,638,180.0,1500,6,0.09404388714733541,319.0
15009.0,12,3,1261.78,25,420.5933333333333,642,148,3.5999999999999996,8.333333333333334
15010.0,36,1,308.94,36,308.94,184,20,0.8333333333333333,36.0
15011.0,396,2,416.6,417,208.3,289,17,0.14388489208633093,208.5
15012.0,54,3,860.62,577,286.87333333333333,479,165,0.15597920277296362,192.33333333333334
15013.0,488,10,1641.3,678,164.13,1747,177,0.4424778761061947,67.8
15014.0,43,2,260.17,176,130.085,151,29,0.34090909090909094,88.0
15015.0,501,13,2365.02,725,181.92461538461538,1593,158,0.5379310344827586,55.76923076923077
15016.0,173,5,630.3,543,126.05999999999999,247,93,0.27624309392265195,108.6
15017.0,34,1,125.58,34,125.58,63,20,0.8823529411764706,34.0
15018.0,39,3,607.46,368,202.48666666666668,210,30,0.24456521739130435,122.66666666666667
15019.0,267,1,266.0,267,266.0,159,64,0.11235955056179775,267.0
15020.0,379,1,203.42,379,203.42,112,27,0.07915567282321899,379.0
15021.0,9,12,2783.83,498,231.98583333333332,1217,355,0.7228915662650602,41.5
15022.0,12,5,1186.09,677,237.218,656,115,0.22156573116691283,135.4
15023.0,3,20,12170.68,674,608.534,5052,486,0.8902077151335311,33.7
15024.0,10,16,4075.51,424,254.719375,2201,168,1.1320754716981132,26.5
15025.0,33,2,1013.09,568,506.545,515,132,0.1056338028169014,284.0
15026.0,80,5,1061.61,448,212.32199999999997,673,109,0.3348214285714286,89.6
15027.0,31,10,3195.6,624,319.56,2782,69,0.4807692307692307,62.4
15028.0,8,6,1157.71,394,192.95166666666668,796,65,0.4568527918781726,65.66666666666667
15029.0,620,1,365.1,620,365.1,234,10,0.04838709677419355,620.0
15030.0,72,8,1979.91,645,247.48875,1225,25,0.37209302325581395,80.625
15031.0,4,14,3156.58,731,225.47,1615,237,0.5745554035567715,52.214285714285715
15032.0,256,8,13780.65,729,1722.58125,8259,39,0.3292181069958848,91.125
15033.0,5,10,2586.67,329,258.66700000000003,1695,315,0.9118541033434651,32.9
15034.0,16,14,8313.4,577,593.8142857142857,4788,416,0.7279029462738301,41.214285714285715
15035.0,90,1,252.73000000000002,90,252.73000000000002,245,26,0.33333333333333337,90.0
15036.0,72,3,465.55,180,155.18333333333334,327,107,0.5,60.0
15037.0,376,2,402.51,377,201.255,301,40,0.15915119363395225,188.5
15038.0,59,9,1309.86,425,145.54,441,190,0.6352941176470588,47.22222222222222
15039.0,10,93,40031.43,730,430.44548387096773,18183,562,3.8219178082191783,7.849462365591398
15040.0,542,1,7.49,542,7.49,1,1,0.055350553505535055,542.0
15041.0,170,2,294.02,444,147.01,197,98,0.13513513513513514,222.0
15042.0,199,2,315.45,595,157.725,238,9,0.10084033613445378,297.5
15043.0,31,6,2873.7999999999997,533,478.96666666666664,1031,39,0.33771106941838647,88.83333333333333
15044.0,19,35,16204.33,723,462.98085714285713,5279,344,1.4522821576763485,20.65714285714286
15045.0,152,2,735.66,258,367.83,114,11,0.23255813953488372,129.0
15046.0,9,25,7812.389999999999,694,312.49559999999997,4701,248,1.080691642651297,27.76
15047.0,270,1,343.62,270,343.62,222,22,0.11111111111111112,270.0
15048.0,65,4,482.75,369,120.6875,227,86,0.3252032520325203,92.25
15049.0,274,1,121.17000000000002,274,121.17000000000002,63,3,0.1094890510948905,274.0
15050.0,25,5,4193.79,481,838.758,2628,116,0.31185031185031187,96.2
15051.0,23,9,3935.16,738,437.24,3053,226,0.36585365853658536,82.0
15052.0,319,1,215.78,319,215.78,82,27,0.09404388714733541,319.0
15053.0,5,3,697.79,282,232.59666666666666,986,49,0.3191489361702128,94.0
15054.0,12,2,302.1,40,151.05,198,105,1.5,20.0
15055.0,475,3,560.07,723,186.69000000000003,230,77,0.12448132780082988,241.0
15056.0,520,1,133.45,520,133.45,81,6,0.057692307692307696,520.0
15057.0,275,5,3255.96,734,651.192,1394,62,0.20435967302452315,146.8
15058.0,25,16,3410.03,653,213.126875,1660,232,0.7350689127105666,40.8125
15059.0,41,19,3523.57,734,185.45105263157896,1617,308,0.776566757493188,38.63157894736842
15060.0,8,4,303.09,9,75.7725,263,81,13.333333333333332,2.25
15061.0,4,127,137818.52,739,1085.1851968503936,80711,131,5.155615696887686,5.818897637795276
15062.0,71,8,2585.62,610,323.2025,1872,98,0.39344262295081966,76.25
15063.0,213,1,370.79999999999995,213,370.79999999999995,56,5,0.14084507042253522,213.0
15064.0,410,4,1254.41,717,313.6025,810,75,0.16736401673640167,179.25
15065.0,38,5,3326.86,411,665.3720000000001,1446,156,0.36496350364963503,82.2
15066.0,53,1,893.59,53,893.59,317,42,0.5660377358490566,53.0
15067.0,78,5,3877.88,607,775.576,2163,170,0.2471169686985173,121.4
15068.0,46,4,1176.85,621,294.2125,835,178,0.1932367149758454,155.25
15069.0,179,1,1109.53,179,1109.53,520,70,0.1675977653631285,179.0
15070.0,373,3,843.25,724,281.0833333333333,375,26,0.12430939226519336,241.33333333333334
15071.0,94,4,1455.56,571,363.89,416,41,0.21015761821366025,142.75
15072.0,479,1,187.51999999999998,479,187.51999999999998,164,13,0.06263048016701461,479.0
15073.0,10,8,2788.02,682,348.5025,1410,115,0.3519061583577713,85.25
15074.0,105,3,1566.33,468,522.11,1063,63,0.1923076923076923,156.0
15075.0,78,1,773.03,78,773.03,447,27,0.3846153846153846,78.0
15076.0,173,3,1447.74,522,482.58,866,68,0.1724137931034483,174.0
15077.0,495,2,2428.08,730,1214.04,528,28,0.0821917808219178,365.0
15078.0,7,53,17761.88,736,335.12981132075475,8990,118,2.160326086956522,13.88679245283019
15079.0,213,11,3767.35,732,342.48636363636365,1504,119,0.45081967213114754,66.54545454545455
15080.0,428,2,546.25,502,273.125,287,31,0.11952191235059761,251.0
15081.0,22,12,1965.72,536,163.81,806,75,0.6716417910447761,44.666666666666664
15082.0,669,1,93.35000000000001,669,93.35000000000001,43,6,0.044843049327354265,669.0
15083.0,257,1,88.2,257,88.2,38,5,0.11673151750972763,257.0
15084.0,380,2,965.2,646,482.6,600,31,0.09287925696594428,323.0
15085.0,730,1,347.54,730,347.54,169,9,0.0410958904109589,730.0
15086.0,565,2,218.53,625,109.265,95,10,0.096,312.5
15087.0,282,1,306.94,282,306.94,470,15,0.10638297872340426,282.0
15088.0,21,2,1160.07,67,580.035,460,53,0.8955223880597015,33.5
15089.0,10,6,2420.84,128,403.47333333333336,1359,139,1.40625,21.333333333333332
15090.0,308,1,381.32,308,381.32,208,23,0.09740259740259741,308.0
15091.0,68,3,1046.6100000000001,675,348.87000000000006,582,55,0.13333333333333333,225.0
15092.0,215,3,776.46,463,258.82,230,39,0.19438444924406048,154.33333333333334
15093.0,18,23,14326.11,732,622.8743478260869,11657,104,0.9426229508196722,31.82608695652174
15094.0,463,2,83.0,644,41.5,28,4,0.09316770186335403,322.0
15095.0,104,10,3141.64,688,314.164,2233,90,0.436046511627907,68.8
15096.0,43,1,219.39000000000001,43,219.39000000000001,120,11,0.6976744186046512,43.0
15097.0,4,3,908.35,583,302.78333333333336,424,59,0.15437392795883362,194.33333333333334
15098.0,182,3,39916.5,182,13305.5,121,1,0.4945054945054945,60.666666666666664
15099.0,84,1,410.48,84,410.48,343,23,0.3571428571428571,84.0
15100.0,334,7,2894.7,701,413.5285714285714,334,11,0.29957203994293863,100.14285714285714
15101.0,9,6,1477.94,590,246.32333333333335,676,52,0.30508474576271183,98.33333333333333
15102.0,531,2,554.67,547,277.335,339,26,0.10968921389396709,273.5
15103.0,31,2,703.36,86,351.68,329,35,0.6976744186046512,43.0
15104.0,197,2,1027.44,282,513.72,637,66,0.2127659574468085,141.0
15105.0,18,9,3094.91,627,343.87888888888887,1747,129,0.430622009569378,69.66666666666667
15106.0,18,5,1422.52,269,284.504,1181,90,0.5576208178438662,53.8
15107.0,311,9,940.35,452,104.48333333333333,356,32,0.5973451327433629,50.22222222222222
15108.0,142,4,1300.25,228,325.0625,499,50,0.5263157894736842,57.0
15109.0,246,3,983.1,736,327.7,258,46,0.12228260869565218,245.33333333333334
15110.0,24,6,1505.8500000000001,485,250.97500000000002,337,23,0.37113402061855666,80.83333333333333
15111.0,29,5,2730.87,592,546.174,1164,109,0.2533783783783784,118.4
15112.0,611,1,209.4,611,209.4,72,7,0.04909983633387889,611.0
15113.0,10,3,3609.33,54,1203.11,2386,77,1.6666666666666665,18.0
15114.0,30,12,3400.12,421,283.3433333333333,3532,151,0.8551068883610452,35.083333333333336
15115.0,18,2,531.85,733,265.925,245,35,0.08185538881309687,366.5
15116.0,18,4,1352.75,205,338.1875,648,37,0.5853658536585366,51.25
15117.0,15,8,2485.9700000000003,634,310.74625000000003,3093,89,0.3785488958990536,79.25
15118.0,134,1,244.8,134,244.8,1440,1,0.22388059701492538,134.0
15119.0,246,1,266.4,246,266.4,88,14,0.12195121951219513,246.0
15120.0,134,1,358.82,134,358.82,296,21,0.22388059701492538,134.0
15121.0,50,2,457.72,289,228.86,199,28,0.20761245674740486,144.5
15122.0,114,11,4497.47,619,408.8609090909091,2045,155,0.5331179321486269,56.27272727272727
15123.0,7,5,4656.17,634,931.234,2524,149,0.2365930599369085,126.8
15124.0,23,4,450.82,652,112.705,462,30,0.18404907975460122,163.0
15125.0,25,24,17024.87,618,709.3695833333333,8433,151,1.1650485436893203,25.75
15126.0,537,2,449.49,687,224.745,273,25,0.08733624454148473,343.5
15127.0,66,2,711.5,520,355.75,464,27,0.11538461538461539,260.0
15128.0,60,5,1783.68,430,356.736,1583,87,0.3488372093023256,86.0
15129.0,50,23,6860.18,610,298.2686956521739,4002,86,1.1311475409836067,26.52173913043478
15130.0,170,1,330.11,170,330.11,197,22,0.1764705882352941,170.0
15131.0,395,1,80.28,395,80.28,88,7,0.0759493670886076,395.0
15132.0,18,5,977.9300000000001,263,195.586,679,49,0.5703422053231939,52.6
15133.0,128,5,1806.9,521,361.38,960,45,0.28790786948176583,104.2
15134.0,15,10,1596.29,423,159.629,1057,47,0.7092198581560284,42.3
15135.0,239,2,305.68,556,152.84,84,17,0.10791366906474821,278.0
15136.0,3,4,1286.7,96,321.675,776,61,1.25,24.0
15137.0,521,2,823.4,680,411.7,596,34,0.08823529411764705,340.0
15138.0,394,1,502.52,394,502.52,300,31,0.07614213197969542,394.0
15139.0,240,2,178.96,337,89.48,208,13,0.17804154302670624,168.5
15140.0,52,8,3243.69,442,405.46125,2010,103,0.5429864253393666,55.25
15141.0,458,7,1388.47,621,198.35285714285715,1197,44,0.33816425120772947,88.71428571428571
15142.0,46,6,2619.92,501,436.65333333333336,2155,115,0.3592814371257485,83.5
15143.0,226,2,563.63,432,281.815,320,27,0.1388888888888889,216.0
15144.0,8,29,12160.31,727,419.3210344827586,5251,199,1.1966987620357634,25.06896551724138
15145.0,4,4,1194.73,248,298.6825,756,54,0.4838709677419355,62.0
15146.0,165,2,1327.16,291,663.58,1473,90,0.20618556701030927,145.5
15147.0,240,1,623.5,240,623.5,366,28,0.125,240.0
15148.0,11,1,301.29,11,301.29,187,20,2.7272727272727275,11.0
15149.0,134,5,1554.6100000000001,650,310.922,380,62,0.23076923076923078,130.0
15150.0,17,13,9001.08,544,692.3907692307693,6183,495,0.7169117647058822,41.84615384615385
15151.0,423,2,2085.61,510,1042.805,795,56,0.11764705882352941,255.0
15152.0,10,14,5263.83,701,375.98785714285714,2994,214,0.5991440798858773,50.07142857142857
15153.0,31,1,329.25,31,329.25,198,22,0.967741935483871,31.0
15154.0,75,3,1388.41,478,462.80333333333334,349,166,0.18828451882845187,159.33333333333334
15155.0,383,1,383.96999999999997,383,383.96999999999997,192,24,0.0783289817232376,383.0
15156.0,1,3,961.49,34,320.49666666666667,597,51,2.647058823529412,11.333333333333334
15157.0,4,5,2654.11,729,530.822,3466,152,0.20576131687242796,145.8
15158.0,45,2,606.02,401,303.01,219,11,0.14962593516209477,200.5
15159.0,2,34,22116.73,432,650.4920588235294,13512,413,2.361111111111111,12.705882352941176
15160.0,357,4,589.27,421,147.3175,307,17,0.2850356294536817,105.25
15161.0,388,1,119.92,388,119.92,144,33,0.07731958762886598,388.0
15162.0,731,1,312.9,731,312.9,74,12,0.04103967168262654,731.0
15163.0,18,2,304.47,192,152.235,186,29,0.3125,96.0
15164.0,69,9,2068.92,690,229.88,931,243,0.3913043478260869,76.66666666666667
15165.0,373,1,975.5,373,975.5,320,27,0.08042895442359249,373.0
15166.0,468,1,167.16,468,167.16,140,12,0.06410256410256411,468.0
15167.0,321,5,1659.67,673,331.934,872,262,0.22288261515601782,134.6
15168.0,26,1,106.56,26,106.56,52,5,1.153846153846154,26.0
15169.0,382,2,569.22,727,284.61,356,58,0.08253094910591471,363.5
15170.0,407,1,81.15,407,81.15,33,4,0.07371007371007371,407.0
15171.0,331,1,1289.5,331,1289.5,290,5,0.09063444108761329,331.0
15172.0,9,5,1624.05,237,324.81,1611,106,0.6329113924050632,47.4
15173.0,381,7,1494.6,618,213.5142857142857,840,68,0.33980582524271846,88.28571428571429
15174.0,323,2,481.46,411,240.73,382,34,0.14598540145985403,205.5
15175.0,72,1,224.14,72,224.14,454,23,0.41666666666666663,72.0
15176.0,668,1,988.04,668,988.04,448,52,0.04491017964071856,668.0
15177.0,426,1,948.93,426,948.93,485,26,0.07042253521126761,426.0
15178.0,260,1,40.5,260,40.5,30,3,0.11538461538461539,260.0
15179.0,18,13,7491.92,737,576.3015384615385,5416,225,0.5291723202170964,56.69230769230769
15180.0,367,3,904.4300000000001,589,301.4766666666667,690,46,0.15280135823429541,196.33333333333334
15181.0,66,5,1200.2,731,240.04000000000002,688,15,0.2051983584131327,146.2
15182.0,154,11,2998.952,657,272.632,1186,78,0.502283105022831,59.72727272727273
15183.0,548,3,639.93,585,213.30999999999997,297,33,0.15384615384615385,195.0
15184.0,29,4,689.95,724,172.4875,486,72,0.16574585635359115,181.0
15185.0,70,1,310.62,70,310.62,666,21,0.42857142857142855,70.0
15186.0,14,5,1403.2,697,280.64,716,29,0.2152080344332855,139.4
15187.0,2,16,4777.18,212,298.57375,1887,61,2.2641509433962264,13.25
15188.0,725,1,310.43,725,310.43,233,23,0.041379310344827586,725.0
15189.0,1,46,17524.38,509,380.96478260869566,6902,90,2.7111984282907664,11.065217391304348
15190.0,434,1,834.4399999999999,434,834.4399999999999,790,40,0.06912442396313365,434.0
15191.0,463,3,588.05,689,196.01666666666665,287,33,0.13062409288824384,229.66666666666666
15192.0,120,5,1981.39,680,396.278,1644,56,0.22058823529411764,136.0
15193.0,61,1,499.32,61,499.32,144,19,0.49180327868852464,61.0
15194.0,3,28,12427.69,737,443.84607142857146,9169,274,1.1397557666214382,26.321428571428573
15195.0,3,1,3861.0,3,3861.0,1404,1,10.0,3.0
15196.0,433,2,316.25,727,158.125,131,34,0.08253094910591471,363.5
15197.0,11,6,1877.51,728,312.91833333333335,1058,44,0.24725274725274726,121.33333333333333
15198.0,92,5,571.35,690,114.27000000000001,327,28,0.21739130434782608,138.0
15199.0,59,10,3122.4,576,312.24,894,17,0.5208333333333334,57.6
15200.0,495,1,549.05,495,549.05,195,30,0.06060606060606061,495.0
15201.0,87,7,1842.95,611,263.2785714285714,1660,44,0.3436988543371522,87.28571428571429
15202.0,420,3,6001.49,421,2000.4966666666667,3,1,0.2137767220902613,140.33333333333334
15203.0,26,15,4400.18,731,293.3453333333334,4182,150,0.615595075239398,48.733333333333334
15204.0,357,1,316.58,357,316.58,258,9,0.08403361344537816,357.0
15205.0,85,2,653.24,127,326.62,378,37,0.47244094488188976,63.5
15206.0,10,4,420.29999999999995,276,105.07499999999999,162,3,0.43478260869565216,69.0
15207.0,416,3,683.9200000000001,547,227.97333333333336,428,19,0.16453382084095064,182.33333333333334
15208.0,1,6,970.52,424,161.75333333333333,356,27,0.42452830188679247,70.66666666666667
15209.0,730,1,178.98000000000002,730,178.98000000000002,94,13,0.0410958904109589,730.0
15210.0,225,3,1176.19,575,392.06333333333333,841,66,0.1565217391304348,191.66666666666666
15211.0,60,2,1277.48,365,638.74,357,52,0.1643835616438356,182.5
15212.0,241,2,208.28,377,104.14,84,7,0.15915119363395225,188.5
15213.0,319,2,328.35,330,164.175,272,22,0.18181818181818182,165.0
15214.0,2,8,1661.44,243,207.68,1254,109,0.9876543209876544,30.375
15215.0,47,7,2422.43,613,346.06142857142856,776,85,0.3425774877650897,87.57142857142857
15216.0,88,2,486.09,619,243.045,217,24,0.09693053311793215,309.5
15217.0,563,1,426.24,563,426.24,190,28,0.05328596802841919,563.0
15218.0,11,22,11516.57,683,523.4804545454546,6553,139,0.9663250366032211,31.045454545454547
15219.0,176,2,685.45,649,342.725,271,26,0.09244992295839753,324.5
15220.0,52,6,1778.96,281,296.49333333333334,1393,110,0.6405693950177936,46.833333333333336
15221.0,366,4,2465.4500000000003,638,616.3625000000001,287,21,0.18808777429467083,159.5
15222.0,319,11,3550.91,723,322.81,4458,98,0.45643153526970953,65.72727272727273
15223.0,226,5,1417.95,735,283.59000000000003,385,26,0.20408163265306123,147.0
15224.0,358,5,871.36,693,174.272,443,24,0.21645021645021645,138.6
15225.0,234,1,409.40000000000003,234,409.40000000000003,226,23,0.12820512820512822,234.0
15226.0,311,1,154.41,311,154.41,71,8,0.09646302250803858,311.0
15227.0,37,9,2488.4900000000002,634,276.4988888888889,1217,86,0.42586750788643535,70.44444444444444
15228.0,66,6,5580.2699999999995,500,930.045,3375,184,0.36,83.33333333333333
15229.0,586,1,160.5,586,160.5,114,9,0.051194539249146756,586.0
15230.0,239,2,429.6,241,214.8,351,23,0.24896265560165975,120.5
15231.0,621,1,250.26,621,250.26,190,14,0.04830917874396135,621.0
15232.0,113,2,612.06,141,306.03,686,26,0.425531914893617,70.5
15233.0,401,1,59.400000000000006,401,59.400000000000006,12,1,0.07481296758104738,401.0
15234.0,277,1,197.0,277,197.0,196,14,0.10830324909747292,277.0
15235.0,218,16,2937.81,389,183.613125,1735,161,1.2339331619537275,24.3125
15236.0,299,1,321.05,299,321.05,269,15,0.10033444816053512,299.0
15237.0,2,4,1412.32,227,353.08,1071,94,0.5286343612334802,56.75
15238.0,29,3,1071.99,184,357.33,692,49,0.4891304347826087,61.333333333333336
15239.0,10,2,780.59,79,390.295,594,48,0.7594936708860759,39.5
15240.0,45,12,4459.98,734,371.66499999999996,3214,134,0.49046321525885556,61.166666666666664
15241.0,67,11,3050.16,654,277.2872727272727,3328,120,0.5045871559633027,59.45454545454545
15242.0,422,1,302.04,422,302.04,196,4,0.07109004739336494,422.0
15243.0,74,2,927.2800000000001,435,463.64000000000004,543,56,0.13793103448275862,217.5
15244.0,65,3,912.08,666,304.0266666666667,472,44,0.13513513513513514,222.0
15245.0,134,8,4610.84,595,576.355,3021,72,0.40336134453781514,74.375
15246.0,238,3,780.4,556,260.1333333333333,359,45,0.16187050359712232,185.33333333333334
15247.0,122,3,976.06,537,325.3533333333333,514,13,0.1675977653631285,179.0
15248.0,411,3,1893.93,534,631.3100000000001,1065,103,0.16853932584269662,178.0
15249.0,32,18,9266.0,623,514.7777777777778,4980,304,0.8667736757624398,34.611111111111114
15250.0,641,1,60.0,641,60.0,48,3,0.046801872074883,641.0
15251.0,9,21,20324.54,680,967.8352380952381,12108,183,0.9264705882352942,32.38095238095238
15252.0,36,5,2103.41,612,420.68199999999996,1430,106,0.2450980392156863,122.4
15253.0,16,8,2055.09,587,256.88625,1588,102,0.4088586030664395,73.375
15254.0,127,3,1088.35,561,362.7833333333333,711,64,0.16042780748663102,187.0
15255.0,67,9,3729.42,737,414.38,2226,137,0.36635006784260515,81.88888888888889
15256.0,149,2,170.4,562,85.2,92,6,0.10676156583629892,281.0
15257.0,283,2,685.9,414,342.95,71,11,0.14492753623188406,207.0
15258.0,169,2,623.16,217,311.58,142,32,0.2764976958525346,108.5
15259.0,513,4,1182.3799999999999,683,295.59499999999997,631,50,0.17569546120058566,170.75
15260.0,100,25,9188.23,734,367.5292,4722,186,1.021798365122616,29.36
15261.0,135,4,1508.0,435,377.0,806,87,0.27586206896551724,108.75
15262.0,324,3,418.82,488,139.60666666666665,218,22,0.1844262295081967,162.66666666666666
15263.0,107,1,156.51,107,156.51,89,12,0.2803738317757009,107.0
15264.0,64,2,848.4,530,424.2,443,52,0.11320754716981132,265.0
15265.0,151,4,3345.64,738,836.41,1570,179,0.16260162601626016,184.5
15266.0,338,5,852.21,702,170.442,236,38,0.2136752136752137,140.4
15267.0,22,5,1717.36,183,343.472,944,8,0.819672131147541,36.6
15268.0,479,3,961.9000000000001,606,320.6333333333334,428,21,0.1485148514851485,202.0
15269.0,24,3,1225.3600000000001,390,408.4533333333334,372,33,0.23076923076923078,130.0
15270.0,16,21,8524.86,722,405.9457142857143,4010,66,0.8725761772853186,34.38095238095238
15271.0,7,24,4709.54,491,196.23083333333332,2524,369,1.4663951120162932,20.458333333333332
15272.0,57,6,2085.48,663,347.58,687,257,0.2714932126696833,110.5
15273.0,600,1,228.96,600,228.96,216,1,0.05,600.0
15274.0,4,2,716.57,18,358.285,619,44,3.333333333333333,9.0
15275.0,38,1,615.14,38,615.14,498,41,0.7894736842105263,38.0
15276.0,66,4,649.53,435,162.3825,331,160,0.27586206896551724,108.75
15277.0,47,2,476.34,425,238.17,373,23,0.1411764705882353,212.5
15278.0,562,4,496.15999999999997,665,124.03999999999999,458,29,0.1804511278195489,166.25
15279.0,355,5,1580.54,676,316.108,802,74,0.22189349112426035,135.2
15280.0,172,3,406.21999999999997,571,135.40666666666667,513,48,0.1576182136602452,190.33333333333334
15281.0,59,16,8543.57,428,533.973125,5233,427,1.1214953271028036,26.75
15282.0,570,1,348.59,570,348.59,395,27,0.052631578947368425,570.0
15283.0,390,3,148.33,518,49.443333333333335,27,9,0.17374517374517373,172.66666666666666
15284.0,500,1,24.75,500,24.75,5,1,0.06,500.0
15285.0,408,1,94.92,408,94.92,120,6,0.07352941176470588,408.0
15286.0,50,1,240.55,50,240.55,55,3,0.6,50.0
15287.0,22,5,856.03,738,171.206,1010,23,0.20325203252032523,147.6
15288.0,43,10,3883.13,665,388.313,1404,128,0.45112781954887216,66.5
15289.0,29,5,1593.09,622,318.618,1627,67,0.24115755627009644,124.4
15290.0,5,26,10496.28,654,403.70307692307694,6567,106,1.1926605504587156,25.153846153846153
15291.0,26,40,13846.56,737,346.164,5017,116,1.628222523744912,18.425
15292.0,201,1,180.94,201,180.94,56,24,0.14925373134328357,201.0
15293.0,666,1,247.5,666,247.5,178,19,0.04504504504504504,666.0
15294.0,411,1,233.35,411,233.35,97,15,0.07299270072992702,411.0
15295.0,654,1,217.23999999999998,654,217.23999999999998,151,50,0.045871559633027525,654.0
15296.0,51,12,10342.83,687,861.9025,5464,342,0.5240174672489083,57.25
15297.0,10,3,641.94,64,213.98000000000002,292,30,1.40625,21.333333333333332
15298.0,2,23,9459.37,731,411.2769565217392,6286,199,0.9439124487004104,31.782608695652176
15299.0,67,10,7991.54,697,799.154,5453,9,0.430416068866571,69.7
15300.0,64,1,496.44,64,496.44,292,28,0.46875,64.0
15301.0,51,17,7603.4400000000005,450,447.2611764705883,4290,231,1.1333333333333333,26.470588235294116
15302.0,730,1,308.0,730,308.0,102,15,0.0410958904109589,730.0
15303.0,290,3,1224.18,684,408.06,514,63,0.13157894736842105,228.0
15304.0,61,9,919.5500000000001,422,102.17222222222223,133,8,0.6398104265402844,46.888888888888886
15305.0,555,1,93.6,555,93.6,40,5,0.05405405405405406,555.0
15306.0,64,9,3484.73,659,387.1922222222222,3074,123,0.40971168437025796,73.22222222222223
15307.0,96,1,205.3,96,205.3,37,12,0.3125,96.0
15308.0,274,1,310.47,274,310.47,175,19,0.1094890510948905,274.0
15309.0,611,4,797.96,735,199.49,440,49,0.16326530612244897,183.75
15310.0,479,1,1634.64,479,1634.64,1476,45,0.06263048016701461,479.0
15311.0,1,208,116771.16,739,561.3998076923077,71010,864,8.443843031123139,3.5528846153846154
15312.0,75,12,2930.19,724,244.1825,1693,118,0.49723756906077343,60.333333333333336
15313.0,110,1,52.0,110,52.0,25,1,0.2727272727272727,110.0
15314.0,199,3,820.4499999999999,428,273.4833333333333,750,49,0.2102803738317757,142.66666666666666
15315.0,64,2,570.5,116,285.25,862,35,0.5172413793103449,58.0
15316.0,327,1,165.0,327,165.0,100,1,0.09174311926605505,327.0
15317.0,677,1,129.75,677,129.75,45,5,0.044313146233382575,677.0
15318.0,4,1,312.62,4,312.62,642,33,7.5,4.0
15319.0,284,1,204.5,284,204.5,175,16,0.1056338028169014,284.0
15320.0,44,1,267.13,44,267.13,326,36,0.6818181818181819,44.0
15321.0,71,12,6709.7300000000005,675,559.1441666666667,3653,242,0.5333333333333333,56.25
15322.0,86,2,1390.86,476,695.43,971,76,0.12605042016806722,238.0
15323.0,563,3,434.6,662,144.86666666666667,188,29,0.13595166163141995,220.66666666666666
15324.0,701,1,140.22000000000003,701,140.22000000000003,74,8,0.042796005706134094,701.0
15325.0,104,8,1602.01,661,200.25125,1383,164,0.3630862329803328,82.625
15326.0,334,5,1700.52,738,340.104,1351,94,0.20325203252032523,147.6
15327.0,53,1,208.75,53,208.75,116,10,0.5660377358490566,53.0
15328.0,408,1,107.24,408,107.24,88,8,0.07352941176470588,408.0
15329.0,39,11,2984.33,726,271.3027272727273,1219,98,0.4545454545454546,66.0
15330.0,32,2,714.96,61,357.48,1312,10,0.9836065573770493,30.5
15331.0,500,3,767.91,609,255.97,701,41,0.1477832512315271,203.0
15332.0,366,6,6553.74,513,1092.29,2958,113,0.3508771929824561,85.5
15333.0,208,1,1028.56,208,1028.56,344,16,0.14423076923076925,208.0
15334.0,157,3,351.67,173,117.22333333333334,274,67,0.5202312138728323,57.666666666666664
15335.0,54,1,173.97,54,173.97,80,34,0.5555555555555556,54.0
15336.0,402,1,240.5,402,240.5,84,15,0.07462686567164178,402.0
15337.0,411,1,373.02,411,373.02,200,21,0.07299270072992702,411.0
15338.0,677,1,283.43,677,283.43,150,56,0.044313146233382575,677.0
15339.0,66,7,1827.84,669,261.12,1143,162,0.31390134529147984,95.57142857142857
15340.0,562,1,105.5,562,105.5,76,7,0.05338078291814946,562.0
15341.0,81,2,2402.7200000000003,449,1201.3600000000001,1008,22,0.13363028953229397,224.5
15342.0,130,1,406.09,130,406.09,283,24,0.23076923076923078,130.0
15343.0,87,1,364.5,87,364.5,84,21,0.3448275862068966,87.0
15344.0,1,3,563.94,74,187.98000000000002,116,21,1.2162162162162162,24.666666666666668
15345.0,46,1,393.54,46,393.54,81,20,0.6521739130434783,46.0
15346.0,333,3,596.12,431,198.70666666666668,260,36,0.2088167053364269,143.66666666666666
15347.0,366,4,1363.6,438,340.9,672,29,0.273972602739726,109.5
15348.0,72,1,158.04,72,158.04,84,9,0.41666666666666663,72.0
15349.0,158,2,473.81,187,236.905,327,65,0.32085561497326204,93.5
15350.0,373,2,663.25,383,331.625,323,26,0.1566579634464752,191.5
15351.0,12,10,3738.29,433,373.829,1491,201,0.6928406466512702,43.3
15352.0,549,1,114.95,549,114.95,43,34,0.0546448087431694,549.0
15353.0,255,7,3175.95,738,453.70714285714286,1551,274,0.2845528455284553,105.42857142857143
15354.0,603,3,284.4,603,94.8,3,1,0.14925373134328357,201.0
15355.0,29,2,277.05,53,138.525,45,9,1.1320754716981132,26.5
15356.0,31,13,3464.95,422,266.5346153846154,2015,290,0.9241706161137441,32.46153846153846
15358.0,5,42,17050.41,733,405.96214285714285,15378,359,1.718963165075034,17.452380952380953
15359.0,663,8,181.35,694,22.66875,145,10,0.34582132564841495,86.75
15360.0,40,1,427.93,40,427.93,223,13,0.75,40.0
15361.0,362,4,689.07,543,172.2675,373,10,0.22099447513812157,135.75
15362.0,449,2,613.08,739,306.54,368,38,0.08119079837618404,369.5
15363.0,373,2,1004.11,493,502.055,527,32,0.12170385395537525,246.5
15364.0,96,2,913.19,254,456.595,493,29,0.23622047244094488,127.0
15365.0,26,13,4557.13,673,350.54846153846154,2131,126,0.5794947994056464,51.76923076923077
15366.0,75,7,2389.08,652,341.29714285714283,2447,86,0.3220858895705522,93.14285714285714
15367.0,57,11,5081.33,729,461.9390909090909,2944,214,0.45267489711934156,66.27272727272727
15368.0,21,2,722.74,394,361.37,406,8,0.15228426395939085,197.0
15369.0,492,11,6251.26,732,568.2963636363637,3288,44,0.45081967213114754,66.54545454545455
15370.0,41,8,3739.01,411,467.37625,1397,90,0.5839416058394161,51.375
15371.0,662,1,59.400000000000006,662,59.400000000000006,12,1,0.045317220543806644,662.0
15372.0,137,8,6017.06,664,752.1325,6410,45,0.3614457831325301,83.0
15373.0,8,17,3421.39,587,201.25823529411764,769,107,0.868824531516184,34.529411764705884
15374.0,129,2,307.32,625,153.66,290,8,0.096,312.5
15375.0,690,1,60.959999999999994,690,60.959999999999994,84,6,0.043478260869565216,690.0
15376.0,40,3,1233.3600000000001,222,411.12000000000006,619,100,0.40540540540540543,74.0
15377.0,383,4,1211.75,416,302.9375,253,15,0.2884615384615385,104.0
15378.0,463,2,246.5,502,123.25,130,8,0.11952191235059761,251.0
15379.0,169,8,4877.84,401,609.73,3000,177,0.5985037406483791,50.125
15380.0,9,11,3479.0600000000004,738,316.27818181818185,1032,27,0.44715447154471544,67.0909090909091
15381.0,214,5,1890.5700000000002,583,378.11400000000003,802,20,0.25728987993138935,116.6
15382.0,15,12,13733.550000000001,735,1144.4625,9178,315,0.489795918367347,61.25
15384.0,170,4,2027.79,593,506.9475,1767,83,0.20236087689713322,148.25
15385.0,40,3,942.08,677,314.0266666666667,428,18,0.1329394387001477,225.66666666666666
15386.0,186,1,394.14,186,394.14,446,31,0.16129032258064518,186.0
15387.0,492,1,468.65,492,468.65,335,20,0.06097560975609757,492.0
15388.0,270,1,140.54,270,140.54,88,10,0.11111111111111112,270.0
15389.0,172,5,2733.8,682,546.76,3940,2,0.21994134897360706,136.4
15390.0,396,2,1216.66,409,608.33,894,77,0.1466992665036675,204.5
15391.0,584,1,289.87,584,289.87,109,12,0.05136986301369863,584.0
15392.0,5,7,2911.62,432,415.94571428571425,2144,100,0.4861111111111111,61.714285714285715
15393.0,16,5,891.34,724,178.268,378,37,0.20718232044198895,144.8
15394.0,10,11,5286.8,724,480.6181818181818,2372,129,0.4558011049723757,65.81818181818181
15395.0,326,1,107.45,326,107.45,17,7,0.09202453987730061,326.0
15396.0,113,2,796.38,584,398.19,278,16,0.10273972602739725,292.0
15397.0,290,1,94.0,290,94.0,20,6,0.10344827586206896,290.0
15398.0,16,2,1345.53,78,672.765,769,60,0.7692307692307692,39.0
15399.0,1,3,815.77,79,271.92333333333335,611,45,1.139240506329114,26.333333333333332
15400.0,92,8,1302.3,561,162.7875,662,16,0.42780748663101603,70.125
15401.0,452,2,216.95000000000002,569,108.47500000000001,93,14,0.10544815465729349,284.5
15402.0,149,6,1830.54,592,305.09,2034,79,0.30405405405405406,98.66666666666667
15403.0,492,2,170.88,731,85.44,492,6,0.08207934336525308,365.5
15404.0,376,1,257.06,376,257.06,334,16,0.0797872340425532,376.0
15405.0,189,2,659.84,576,329.92,348,29,0.10416666666666666,288.0
15406.0,31,4,975.87,453,243.9675,547,108,0.26490066225165565,113.25
15407.0,34,4,1056.44,305,264.11,558,142,0.39344262295081966,76.25
15408.0,264,1,267.18,264,267.18,106,34,0.11363636363636365,264.0
15409.0,721,1,131.25,721,131.25,59,9,0.04160887656033287,721.0
15410.0,84,10,4685.72,600,468.572,1902,80,0.5,60.0
15411.0,26,4,1358.88,183,339.72,530,86,0.6557377049180327,45.75
15412.0,171,1,190.53,171,190.53,108,10,0.17543859649122806,171.0
15413.0,692,5,6798.72,739,1359.7440000000001,2694,20,0.2029769959404601,147.8
15414.0,10,3,774.9000000000001,242,258.3,443,37,0.371900826446281,80.66666666666667
15415.0,313,1,572.8100000000001,313,572.8100000000001,575,46,0.09584664536741214,313.0
15416.0,65,7,4572.82,677,653.26,2420,189,0.310192023633678,96.71428571428571
15417.0,85,1,508.8,85,508.8,284,28,0.3529411764705882,85.0
15418.0,425,2,452.32,587,226.16,266,64,0.10221465076660988,293.5
15419.0,25,1,135.86,25,135.86,230,8,1.2,25.0
15420.0,434,6,743.0,734,123.83333333333333,844,52,0.24523160762942778,122.33333333333333
15421.0,59,10,3805.34,732,380.534,1927,170,0.4098360655737705,73.2
15422.0,323,7,1619.97,671,231.42428571428573,710,80,0.3129657228017884,95.85714285714286
15423.0,38,3,266.89,621,88.96333333333332,198,13,0.14492753623188406,207.0
15424.0,254,3,597.78,463,199.26,873,33,0.19438444924406048,154.33333333333334
15425.0,400,4,1944.57,664,486.1425,1042,114,0.18072289156626506,166.0
15426.0,19,9,2615.39,586,290.5988888888889,1220,327,0.4607508532423208,65.11111111111111
15427.0,33,3,1483.14,47,494.38000000000005,1013,233,1.9148936170212765,15.666666666666666
15428.0,15,4,762.75,722,190.6875,347,39,0.16620498614958448,180.5
15429.0,27,2,397.35,75,198.675,380,77,0.8,37.5
15430.0,468,2,954.75,528,477.375,309,36,0.11363636363636365,264.0
15431.0,503,1,153.24,503,153.24,84,2,0.059642147117296214,503.0
15432.0,23,2,320.76,541,160.38,92,16,0.11090573012939002,270.5
15433.0,214,2,533.3,267,266.65,534,40,0.2247191011235955,133.5
15434.0,8,11,2567.06,684,233.36909090909091,1423,82,0.48245614035087714,62.18181818181818
15435.0,22,1,149.29,22,149.29,54,29,1.3636363636363638,22.0
15436.0,12,3,1122.53,234,374.1766666666667,613,243,0.3846153846153846,78.0
15437.0,262,2,393.45,641,196.725,177,56,0.093603744149766,320.5
15438.0,131,1,156.57999999999998,131,156.57999999999998,59,25,0.22900763358778625,131.0
15439.0,405,4,1269.05,654,317.2625,572,49,0.1834862385321101,163.5
15440.0,55,3,383.68,209,127.89333333333333,197,50,0.430622009569378,69.66666666666667
15441.0,396,3,1254.21,730,418.07,587,45,0.1232876712328767,243.33333333333334
15442.0,249,1,594.0,249,594.0,120,2,0.12048192771084336,249.0
15443.0,2,14,5175.93,643,369.7092857142857,2735,408,0.6531881804043547,45.92857142857143
15444.0,9,2,1418.26,40,709.13,764,191,1.5,20.0
15445.0,264,2,284.5,590,142.25,118,12,0.10169491525423728,295.0
15446.0,377,3,406.95,726,135.65,267,90,0.12396694214876033,242.0
15447.0,331,5,492.88,625,98.576,228,27,0.24,125.0
15448.0,313,2,788.81,674,394.405,487,49,0.08902077151335312,337.0
15449.0,26,3,974.52,262,324.84,812,47,0.3435114503816794,87.33333333333333
15450.0,30,1,429.84,30,429.84,376,30,1.0,30.0
15451.0,434,2,233.21,599,116.605,79,56,0.1001669449081803,299.5
15452.0,30,6,1799.1100000000001,511,299.8516666666667,1091,158,0.3522504892367906,85.16666666666667
15453.0,2,7,1388.37,188,198.3385714285714,845,169,1.1170212765957446,26.857142857142858
15454.0,362,2,307.69,618,153.845,148,35,0.0970873786407767,309.0
15455.0,598,1,38.25,598,38.25,3,2,0.05016722408026756,598.0
15456.0,283,10,2119.27,731,211.927,2826,128,0.4103967168262654,73.1
15457.0,262,1,237.07,262,237.07,132,56,0.11450381679389313,262.0
15458.0,25,2,370.43999999999994,402,185.21999999999997,300,13,0.14925373134328357,201.0
15459.0,417,2,202.82999999999998,497,101.41499999999999,121,6,0.12072434607645877,248.5
15460.0,354,1,216.76,354,216.76,109,53,0.0847457627118644,354.0
15461.0,461,2,429.7,632,214.85,230,1,0.09493670886075949,316.0
15462.0,94,4,737.05,446,184.2625,495,32,0.26905829596412556,111.5
15463.0,29,1,126.14,29,126.14,106,7,1.0344827586206897,29.0
15464.0,338,1,1048.85,338,1048.85,350,155,0.08875739644970414,338.0
15465.0,20,32,12655.65,730,395.4890625,2769,94,1.3150684931506849,22.8125
15466.0,85,4,1571.01,737,392.7525,944,211,0.16282225237449116,184.25
15467.0,9,3,524.88,152,174.96,310,41,0.5921052631578947,50.666666666666664
15468.0,51,3,1430.48,393,476.82666666666665,1400,80,0.22900763358778625,131.0
15469.0,50,3,874.25,439,291.4166666666667,287,38,0.2050113895216401,146.33333333333334
15470.0,576,1,63.419999999999995,576,63.419999999999995,232,4,0.05208333333333333,576.0
15471.0,2,3,1316.56,551,438.8533333333333,683,122,0.16333938294010888,183.66666666666666
15472.0,113,1,371.56,113,371.56,251,76,0.2654867256637168,113.0
15473.0,14,8,2046.0,445,255.75,776,5,0.5393258426966293,55.625
15474.0,596,1,163.1,596,163.1,56,19,0.050335570469798654,596.0
15475.0,77,1,454.10999999999996,77,454.10999999999996,319,29,0.38961038961038963,77.0
15476.0,380,4,2209.98,442,552.495,1174,67,0.2714932126696833,110.5
15477.0,650,1,368.4,650,368.4,216,2,0.046153846153846156,650.0
15478.0,40,3,2024.98,575,674.9933333333333,904,53,0.1565217391304348,191.66666666666666
15479.0,733,1,147.4,733,147.4,38,9,0.040927694406548434,733.0
15480.0,116,5,6279.0,676,1255.8,1852,199,0.22189349112426035,135.2
15481.0,401,1,1993.34,401,1993.34,1450,38,0.07481296758104738,401.0
15482.0,16,19,14592.56,737,768.0294736842105,6532,74,0.7734056987788331,38.78947368421053
15483.0,161,10,862.2,684,86.22,944,216,0.43859649122807015,68.4
15484.0,1,6,4656.0,734,776.0,4076,180,0.24523160762942778,122.33333333333333
15485.0,30,7,5771.51,738,824.5014285714286,2594,80,0.2845528455284553,105.42857142857143
15486.0,527,1,102.0,527,102.0,40,1,0.05692599620493359,527.0
15487.0,680,1,231.32,680,231.32,144,14,0.044117647058823525,680.0
15488.0,93,5,431.92,583,86.384,251,10,0.25728987993138935,116.6
15489.0,23,8,2419.61,693,302.45125,1264,75,0.3463203463203463,86.625
15490.0,430,1,217.6,430,217.6,85,22,0.06976744186046512,430.0
15491.0,95,6,3100.09,236,516.6816666666667,1646,108,0.7627118644067797,39.333333333333336
15492.0,28,2,659.4599999999999,74,329.72999999999996,483,32,0.8108108108108109,37.0
15493.0,33,9,4314.9800000000005,655,479.44222222222226,1260,289,0.41221374045801523,72.77777777777777
15494.0,21,5,3780.05,729,756.01,3097,307,0.20576131687242796,145.8
15495.0,379,1,246.5,379,246.5,194,20,0.07915567282321899,379.0
15496.0,631,1,146.14000000000001,631,146.14000000000001,98,22,0.04754358161648178,631.0
15497.0,18,9,8657.39,721,961.9322222222222,2937,66,0.37447988904299584,80.11111111111111
15498.0,3,44,26039.58,723,591.8086363636364,12622,597,1.8257261410788381,16.431818181818183
15499.0,724,1,161.6,724,161.6,60,40,0.04143646408839779,724.0
15500.0,8,4,1131.56,81,282.89,572,64,1.4814814814814814,20.25
15501.0,405,2,402.5,416,201.25,206,64,0.14423076923076925,208.0
15502.0,16,14,13993.47,555,999.5335714285713,5861,231,0.7567567567567567,39.642857142857146
15503.0,363,2,267.15,727,133.575,136,112,0.08253094910591471,363.5
15504.0,81,4,423.85,666,105.9625,148,42,0.18018018018018017,166.5
15505.0,53,5,3610.96,155,722.192,2390,90,0.967741935483871,31.0
15506.0,23,6,2040.03,478,340.005,1647,180,0.37656903765690375,79.66666666666667
15507.0,172,1,492.36,172,492.36,162,41,0.1744186046511628,172.0
15508.0,189,6,1000.27,235,166.71166666666667,440,78,0.7659574468085106,39.166666666666664
15509.0,380,1,166.51,380,166.51,72,26,0.07894736842105263,380.0
15510.0,331,1,250.0,331,250.0,2,1,0.09063444108761329,331.0
15511.0,12,5,909.23,85,181.846,271,117,1.7647058823529411,17.0
15512.0,156,4,331.58,676,82.895,235,29,0.17751479289940827,169.0
15513.0,33,35,27750.55,695,792.8728571428571,10831,278,1.5107913669064748,19.857142857142858
15514.0,12,18,6598.55,735,366.5861111111111,4246,171,0.7346938775510203,40.833333333333336
15515.0,387,1,171.81,387,171.81,131,7,0.07751937984496124,387.0
15516.0,45,3,62.43,47,20.81,27,15,1.9148936170212765,15.666666666666666
15517.0,233,1,267.03,233,267.03,293,27,0.12875536480686695,233.0
15518.0,64,15,4218.94,720,281.26266666666663,2823,250,0.625,48.0
15519.0,383,2,344.61,446,172.305,116,34,0.13452914798206278,223.0
15520.0,2,1,343.5,2,343.5,314,18,15.0,2.0
15521.0,40,16,7106.69,704,444.168125,4516,186,0.6818181818181819,44.0
15522.0,33,2,398.84,88,199.42,573,47,0.6818181818181819,44.0
15523.0,84,16,17359.99,737,1084.999375,15873,65,0.6512890094979646,46.0625
15524.0,25,2,591.4,607,295.7,28,9,0.09884678747940692,303.5
15525.0,2,4,1295.7,383,323.925,680,152,0.3133159268929504,95.75
15526.0,33,2,148.44,33,74.22,24,4,1.8181818181818183,16.5
15527.0,19,23,5575.64,724,242.41913043478263,2222,226,0.9530386740331492,31.47826086956522
15528.0,254,1,229.33,254,229.33,123,26,0.11811023622047244,254.0
15529.0,23,12,5111.95,394,425.99583333333334,4488,451,0.9137055837563453,32.833333333333336
15530.0,22,5,1813.72,513,362.744,1340,111,0.29239766081871343,102.6
15531.0,8,2,2007.44,30,1003.72,1105,196,2.0,15.0
15532.0,25,10,3771.9,549,377.19,1349,417,0.546448087431694,54.9
15533.0,19,3,807.57,89,269.19,289,73,1.0112359550561798,29.666666666666668
15534.0,726,1,162.25,726,162.25,63,8,0.04132231404958678,726.0
15535.0,173,6,1087.82,449,181.3033333333333,323,88,0.40089086859688194,74.83333333333333
15536.0,409,1,259.09,409,259.09,242,16,0.07334963325183375,409.0
15537.0,163,1,110.92,163,110.92,29,24,0.18404907975460122,163.0
15538.0,538,6,3358.3999999999996,664,559.7333333333332,1016,3,0.2710843373493976,110.66666666666667
15539.0,7,1,538.46,7,538.46,410,41,4.285714285714286,7.0
15540.0,11,2,460.68,376,230.34,444,31,0.1595744680851064,188.0
15541.0,114,1,85.13000000000001,114,85.13000000000001,49,29,0.2631578947368421,114.0
15542.0,512,3,918.45,738,306.15000000000003,469,212,0.12195121951219513,246.0
15543.0,288,2,242.84,460,121.42,169,50,0.13043478260869565,230.0
15544.0,9,20,8162.43,680,408.1215,7019,175,0.8823529411764706,34.0
15545.0,54,2,428.05,371,214.025,238,78,0.16172506738544476,185.5
15546.0,607,2,1079.1000000000001,607,539.5500000000001,198,6,0.09884678747940692,303.5
15547.0,7,26,10154.39,733,390.55346153846153,7362,652,1.0641200545702594,28.192307692307693
15548.0,596,1,158.09,596,158.09,64,23,0.050335570469798654,596.0
15549.0,77,8,2345.96,697,293.245,940,139,0.34433285509325684,87.125
15550.0,4,12,2218.8,736,184.9,1144,166,0.4891304347826087,61.333333333333336
15551.0,37,7,1710.08,550,244.29714285714286,814,117,0.38181818181818183,78.57142857142857
15552.0,217,2,252.52,623,126.26,166,29,0.09630818619582665,311.5
15553.0,60,1,437.23,60,437.23,451,51,0.5,60.0
15554.0,278,1,217.2,278,217.2,74,14,0.10791366906474821,278.0
15555.0,12,36,12112.35,734,336.45416666666665,9037,667,1.4713896457765667,20.38888888888889
15556.0,24,1,279.77,24,279.77,236,31,1.25,24.0
15557.0,29,1,473.65000000000003,29,473.65000000000003,219,16,1.0344827586206897,29.0
15558.0,639,1,214.13,639,214.13,86,23,0.046948356807511735,639.0
15559.0,568,1,1109.4,568,1109.4,526,62,0.0528169014084507,568.0
15560.0,398,2,153.52,398,76.76,72,10,0.15075376884422112,199.0
15561.0,12,8,1934.3899999999999,664,241.79874999999998,1334,65,0.3614457831325301,83.0
15562.0,352,3,673.3800000000001,726,224.46000000000004,561,32,0.12396694214876033,242.0
15563.0,22,7,2867.0,681,409.57142857142856,3019,179,0.30837004405286345,97.28571428571429
15564.0,463,2,70.74000000000001,676,35.370000000000005,42,4,0.08875739644970414,338.0
15565.0,50,2,173.16,71,86.58,60,8,0.8450704225352113,35.5
15566.0,393,2,227.87,724,113.935,153,9,0.08287292817679558,362.0
15567.0,19,1,186.01,19,186.01,223,7,1.5789473684210527,19.0
15568.0,3,3,758.29,73,252.76333333333332,461,27,1.2328767123287672,24.333333333333332
15569.0,104,10,3586.35,650,358.635,1736,123,0.46153846153846156,65.0
15570.0,7,25,9311.04,621,372.44160000000005,4279,442,1.2077294685990339,24.84
15571.0,12,14,4051.63,734,289.40214285714285,2506,442,0.5722070844686649,52.42857142857143
15572.0,5,10,4068.67,604,406.867,2148,259,0.49668874172185434,60.4
15573.0,32,5,1207.18,729,241.436,780,181,0.20576131687242796,145.8
15574.0,178,6,1518.7,464,253.11666666666667,949,191,0.3879310344827586,77.33333333333333
15575.0,620,1,30.1,620,30.1,6,3,0.04838709677419355,620.0
15576.0,38,1,940.6700000000001,38,940.6700000000001,404,43,0.7894736842105263,38.0
15577.0,151,5,397.98,726,79.596,121,58,0.2066115702479339,145.2
15578.0,162,1,127.1,162,127.1,52,13,0.18518518518518517,162.0
15579.0,69,5,1302.5,432,260.5,723,140,0.3472222222222222,86.4
15580.0,377,8,1381.19,671,172.64875,959,150,0.35767511177347244,83.875
15581.0,121,38,7794.59,738,205.12078947368423,3146,542,1.5447154471544717,19.42105263157895
15582.0,25,3,682.9100000000001,220,227.63666666666668,453,39,0.40909090909090906,73.33333333333333
15583.0,376,1,107.86,376,107.86,63,37,0.0797872340425532,376.0
15584.0,24,6,1277.5,671,212.91666666666666,487,174,0.26825633383010433,111.83333333333333
15585.0,177,1,455.3,177,455.3,320,31,0.1694915254237288,177.0
15586.0,593,3,1139.1,701,379.7,1338,30,0.12838801711840228,233.66666666666666
15587.0,50,7,1522.0800000000002,492,217.44000000000003,528,3,0.4268292682926829,70.28571428571429
15588.0,678,1,579.6,678,579.6,96,4,0.04424778761061947,678.0
15589.0,256,3,478.53000000000003,311,159.51000000000002,243,28,0.28938906752411575,103.66666666666667
15590.0,382,5,1496.6,607,299.32,832,75,0.2471169686985173,121.4
15591.0,583,3,217.9,674,72.63333333333334,58,6,0.13353115727002968,224.66666666666666
15592.0,47,1,388.58,47,388.58,354,24,0.6382978723404256,47.0
15593.0,71,1,199.8,71,199.8,60,5,0.4225352112676056,71.0
15594.0,16,5,1771.78,235,354.356,983,85,0.6382978723404256,47.0
15595.0,488,1,357.6,488,357.6,144,4,0.06147540983606558,488.0
15596.0,101,9,3130.04,500,347.78222222222223,1376,82,0.5399999999999999,55.55555555555556
15597.0,35,2,563.37,575,281.685,393,35,0.10434782608695653,287.5
15598.0,53,2,548.02,428,274.01,404,32,0.14018691588785046,214.0
15599.0,27,3,1250.06,446,416.68666666666667,1098,77,0.20179372197309417,148.66666666666666
15600.0,428,4,1199.31,594,299.8275,657,55,0.20202020202020202,148.5
15601.0,11,30,14960.12,738,498.6706666666667,11061,310,1.2195121951219512,24.6
15602.0,8,16,3230.51,738,201.906875,2349,62,0.6504065040650406,46.125
15603.0,79,2,88.48,648,44.24,128,4,0.09259259259259259,324.0
15604.0,52,1,216.39,52,216.39,159,17,0.576923076923077,52.0
15605.0,36,9,1936.8,694,215.2,712,80,0.38904899135446686,77.11111111111111
15606.0,61,17,5230.99,647,307.70529411764704,1615,84,0.7882534775888718,38.05882352941177
15607.0,337,9,1708.97,701,189.88555555555556,1470,95,0.3851640513552068,77.88888888888889
15608.0,28,5,1785.98,416,357.196,1262,93,0.3605769230769231,83.2
15609.0,184,1,298.48,184,298.48,148,16,0.16304347826086957,184.0
15610.0,52,1,112.46000000000001,52,112.46000000000001,66,6,0.576923076923077,52.0
15611.0,10,26,2997.28,683,115.28,747,43,1.1420204978038067,26.26923076923077
15612.0,36,2,195.15,62,97.575,52,4,0.967741935483871,31.0
15613.0,610,1,433.71999999999997,610,433.71999999999997,700,27,0.04918032786885246,610.0
15614.0,438,4,3147.36,627,786.84,1632,73,0.19138755980861244,156.75
15615.0,10,47,21373.97,737,454.7653191489362,12090,292,1.9131614654002713,15.680851063829786
15616.0,438,1,317.11,438,317.11,137,13,0.0684931506849315,438.0
15617.0,396,3,828.5500000000001,507,276.18333333333334,485,41,0.17751479289940827,169.0
15618.0,33,4,776.851,137,194.21275,454,39,0.875912408759124,34.25
15619.0,11,1,336.40000000000003,11,336.40000000000003,136,3,2.7272727272727275,11.0
15620.0,57,4,1942.36,410,485.59,1249,114,0.2926829268292683,102.5
15621.0,4,4,1293.03,22,323.2575,501,11,5.454545454545455,5.5
15622.0,43,17,7852.61,646,461.9182352941176,4091,331,0.7894736842105263,38.0
15623.0,141,8,2437.05,729,304.63125,1087,91,0.3292181069958848,91.125
15624.0,117,4,588.13,256,147.0325,357,26,0.46875,64.0
15625.0,104,9,3236.4,542,359.6,3020,106,0.4981549815498155,60.22222222222222
15626.0,75,3,1067.52,421,355.84,1138,73,0.2137767220902613,140.33333333333334
15627.0,457,2,566.9,523,283.45,344,23,0.1147227533460803,261.5
15628.0,5,17,5652.26,726,332.4858823529412,3819,136,0.7024793388429752,42.705882352941174
15629.0,450,4,2240.9,533,560.225,1518,39,0.225140712945591,133.25
15630.0,45,3,1481.4,644,493.8,987,76,0.13975155279503107,214.66666666666666
15631.0,642,1,596.67,642,596.67,525,39,0.04672897196261682,642.0
15632.0,16,8,3285.31,275,410.66375,2109,107,0.8727272727272727,34.375
15633.0,509,13,4352.46,731,334.8046153846154,2058,77,0.533515731874145,56.23076923076923
15634.0,17,2,554.65,383,277.325,227,34,0.1566579634464752,191.5
15635.0,396,1,100.35,396,100.35,5,2,0.07575757575757576,396.0
15636.0,90,4,1444.58,570,361.145,560,39,0.2105263157894737,142.5
15637.0,53,5,797.59,724,159.518,651,37,0.20718232044198895,144.8
15638.0,379,6,2265.2,610,377.5333333333333,1134,20,0.2950819672131148,101.66666666666667
15639.0,134,3,1065.08,605,355.02666666666664,849,61,0.1487603305785124,201.66666666666666
15640.0,4,29,23957.58,725,826.1234482758621,12390,303,1.2,25.0
15641.0,105,12,5345.55,733,445.46250000000003,4422,249,0.49113233287858116,61.083333333333336
15642.0,730,1,105.78000000000002,730,105.78000000000002,270,6,0.0410958904109589,730.0
15643.0,192,3,664.0,282,221.33333333333334,246,31,0.3191489361702128,94.0
15644.0,166,4,813.0,261,203.25,557,166,0.45977011494252873,65.25
15645.0,19,3,1055.17,425,351.72333333333336,396,59,0.21176470588235294,141.66666666666666
15646.0,158,5,974.61,410,194.922,1051,65,0.36585365853658536,82.0
15647.0,415,1,169.0,415,169.0,124,11,0.07228915662650603,415.0
15648.0,204,2,657.35,267,328.675,221,23,0.2247191011235955,133.5
15649.0,336,4,2170.35,387,542.5875,485,8,0.31007751937984496,96.75
15650.0,522,2,553.88,629,276.94,210,33,0.09538950715421304,314.5
15651.0,37,5,1259.06,596,251.81199999999998,871,52,0.2516778523489933,119.2
15652.0,91,5,1420.34,485,284.068,659,93,0.30927835051546393,97.0
15653.0,93,2,877.4399999999999,116,438.71999999999997,1200,4,0.5172413793103449,58.0
15654.0,9,2,922.53,26,461.265,475,15,2.307692307692308,13.0
15655.0,243,1,560.67,243,560.67,324,34,0.1234567901234568,243.0
15656.0,45,4,748.5,284,187.125,343,46,0.4225352112676056,71.0
15657.0,23,1,30.0,23,30.0,24,1,1.3043478260869565,23.0
15658.0,190,8,2423.4700000000003,737,302.93375000000003,691,79,0.3256445047489823,92.125
15659.0,44,3,532.49,653,177.49666666666667,161,14,0.13782542113323126,217.66666666666666
15660.0,25,15,2812.99,672,187.53266666666664,1893,73,0.6696428571428572,44.8
15661.0,317,8,1215.95,579,151.99375,779,27,0.41450777202072536,72.375
15662.0,661,2,283.73,738,141.865,145,12,0.08130081300813008,369.0
15663.0,106,1,138.14,106,138.14,106,9,0.2830188679245283,106.0
15664.0,51,4,1254.03,650,313.5075,530,54,0.18461538461538463,162.5
15665.0,168,5,4015.12,635,803.024,2794,163,0.23622047244094488,127.0
15666.0,472,2,632.9399999999999,495,316.46999999999997,469,62,0.12121212121212122,247.5
15667.0,40,1,301.32,40,301.32,240,13,0.75,40.0
15668.0,218,1,76.32000000000001,218,76.32000000000001,72,1,0.13761467889908258,218.0
15669.0,40,4,684.34,264,171.085,342,31,0.4545454545454546,66.0
15670.0,297,2,325.2,556,162.6,132,19,0.10791366906474821,278.0
15671.0,19,7,2657.13,271,379.59000000000003,1699,52,0.7749077490774908,38.714285714285715
15672.0,725,1,45.300000000000004,725,45.300000000000004,10,3,0.041379310344827586,725.0
15673.0,88,9,6414.79,655,712.7544444444444,3361,177,0.41221374045801523,72.77777777777777
15674.0,73,13,6948.2300000000005,731,534.4792307692308,3648,262,0.533515731874145,56.23076923076923
15675.0,81,4,542.04,404,135.51,624,32,0.297029702970297,101.0
15676.0,19,3,3435.76,284,1145.2533333333333,2252,191,0.31690140845070425,94.66666666666667
15677.0,49,3,1305.63,464,435.21000000000004,675,63,0.1939655172413793,154.66666666666666
15678.0,53,3,1893.89,523,631.2966666666667,1067,77,0.17208413001912046,174.33333333333334
15679.0,24,4,781.28,183,195.32,1170,98,0.6557377049180327,45.75
15680.0,9,10,4507.58,738,450.758,3074,155,0.40650406504065045,73.8
15681.0,25,14,2989.7,564,213.54999999999998,1392,48,0.7446808510638299,40.285714285714285
15682.0,599,2,318.24,687,159.12,222,25,0.08733624454148473,343.5
15683.0,117,2,524.54,474,262.27,332,25,0.12658227848101264,237.0
15684.0,547,3,173.95,735,57.98333333333333,77,9,0.12244897959183675,245.0
15685.0,450,1,55.980000000000004,450,55.980000000000004,36,17,0.06666666666666667,450.0
15686.0,420,1,90.0,420,90.0,72,1,0.07142857142857144,420.0
15687.0,9,9,2993.1,330,332.56666666666666,1310,119,0.8181818181818181,36.666666666666664
15688.0,419,1,190.57,419,190.57,95,26,0.07159904534606205,419.0
15689.0,120,3,521.03,618,173.67666666666665,207,20,0.14563106796116504,206.0
15690.0,4,2,239.76,101,119.88,408,19,0.594059405940594,50.5
15691.0,252,4,571.3,733,142.825,212,12,0.16371077762619374,183.25
15692.0,28,1,191.04,28,191.04,138,12,1.0714285714285714,28.0
15693.0,659,1,37.5,659,37.5,30,1,0.045523520485584223,659.0
15694.0,1,24,10810.81,732,450.4504166666666,2658,55,0.9836065573770493,30.5
15695.0,267,4,1131.04,682,282.76,484,55,0.17595307917888564,170.5
15696.0,33,13,3906.57,684,300.5053846153846,1399,163,0.5701754385964912,52.61538461538461
15697.0,690,1,246.75,690,246.75,127,14,0.043478260869565216,690.0
15698.0,624,1,46.2,624,46.2,60,2,0.04807692307692307,624.0
15699.0,18,1,309.65,18,309.65,113,18,1.6666666666666665,18.0
15700.0,172,2,696.68,173,348.34,357,85,0.3468208092485549,86.5
15701.0,2,4,1542.14,111,385.535,923,193,1.0810810810810811,27.75
15702.0,476,2,140.39000000000001,682,70.19500000000001,103,30,0.08797653958944282,341.0
15703.0,265,1,211.5,265,211.5,66,5,0.11320754716981132,265.0
15704.0,140,6,3817.96,583,636.3266666666667,1723,129,0.30874785591766724,97.16666666666667
15705.0,201,1,143.1,201,143.1,62,6,0.14925373134328357,201.0
15706.0,64,4,1060.56,116,265.14,321,50,1.0344827586206897,29.0
15707.0,35,4,945.58,86,236.395,605,126,1.3953488372093024,21.5
15708.0,41,9,4378.72,426,486.5244444444445,1675,135,0.6338028169014085,47.333333333333336
15709.0,284,2,327.85,589,163.925,169,26,0.10186757215619695,294.5
15710.0,417,1,898.87,417,898.87,641,110,0.07194244604316546,417.0
15711.0,557,2,420.25,685,210.125,199,25,0.0875912408759124,342.5
15712.0,9,12,3472.4100000000003,739,289.3675,1277,86,0.48714479025710417,61.583333333333336
15713.0,143,4,1010.79,724,252.6975,510,48,0.16574585635359115,181.0
15714.0,12,5,784.8100000000001,556,156.96200000000002,362,45,0.2697841726618705,111.2
15715.0,556,5,658.02,620,131.60399999999998,246,33,0.24193548387096775,124.0
15716.0,146,11,3056.81,733,277.89181818181817,1821,188,0.45020463847203274,66.63636363636364
15717.0,234,5,607.0,593,121.4,224,17,0.25295109612141653,118.6
15718.0,540,1,293.79,540,293.79,95,18,0.05555555555555556,540.0
15719.0,33,31,10223.06,739,329.77612903225804,5368,449,1.2584573748308525,23.838709677419356
15720.0,24,2,741.92,550,370.96,329,152,0.10909090909090909,275.0
15721.0,12,1,507.08,12,507.08,409,80,2.5,12.0
15722.0,36,11,5258.1,640,478.00909090909096,2283,91,0.515625,58.18181818181818
15723.0,365,4,947.65,574,236.9125,444,108,0.20905923344947736,143.5
15724.0,201,3,310.85,401,103.61666666666667,117,17,0.22443890274314213,133.66666666666666
15725.0,15,1,415.25,15,415.25,221,32,2.0,15.0
15726.0,390,1,321.91,390,321.91,123,23,0.07692307692307693,390.0
15727.0,17,15,9445.51,685,629.7006666666667,5942,426,0.6569343065693432,45.666666666666664
15728.0,380,2,544.6,444,272.3,132,10,0.13513513513513514,222.0
15729.0,213,3,192.55,403,64.18333333333334,47,10,0.22332506203473945,134.33333333333334
15730.0,66,5,1726.58,431,345.316,1061,102,0.34802784222737815,86.2
15731.0,554,1,125.3,554,125.3,122,8,0.05415162454873646,554.0
15732.0,212,10,1682.07,674,168.207,1361,53,0.44510385756676557,67.4
15733.0,283,1,162.3,283,162.3,62,10,0.10600706713780919,283.0
15734.0,115,4,2263.3,547,565.825,516,36,0.21937842778793418,136.75
15735.0,421,1,327.68,421,327.68,206,19,0.07125890736342043,421.0
15736.0,435,2,1815.72,435,907.86,1268,95,0.13793103448275862,217.5
15737.0,15,8,1205.1200000000001,243,150.64000000000001,599,60,0.9876543209876544,30.375
15738.0,19,41,13372.970000000001,729,326.17,9285,70,1.6872427983539096,17.78048780487805
15739.0,66,1,449.12,66,449.12,472,8,0.4545454545454546,66.0
15740.0,49,1,154.88,49,154.88,152,9,0.6122448979591836,49.0
15741.0,458,2,208.62,619,104.31,70,11,0.09693053311793215,309.5
15742.0,619,1,156.87,619,156.87,51,41,0.048465266558966075,619.0
15743.0,16,4,784.46,185,196.115,216,59,0.6486486486486487,46.25
15744.0,78,1,34.8,78,34.8,120,3,0.3846153846153846,78.0
15745.0,19,4,1094.59,236,273.6475,421,57,0.5084745762711864,59.0
15746.0,134,1,196.88,134,196.88,178,28,0.22388059701492538,134.0
15747.0,13,9,2562.61,691,284.7344444444445,1370,116,0.3907380607814761,76.77777777777777
15748.0,40,3,614.7600000000001,449,204.92000000000004,262,34,0.20044543429844097,149.66666666666666
15749.0,235,3,44534.3,332,14844.766666666668,18028,5,0.2710843373493976,110.66666666666667
15750.0,3,18,6797.191,738,377.6217222222222,4593,389,0.7317073170731707,41.0
15751.0,461,11,1380.44,733,125.49454545454546,443,90,0.45020463847203274,66.63636363636364
15752.0,40,9,4207.54,458,467.50444444444446,2967,359,0.5895196506550219,50.888888888888886
15753.0,305,1,79.2,305,79.2,144,1,0.09836065573770492,305.0
15754.0,51,9,3037.61,655,337.51222222222225,1762,114,0.41221374045801523,72.77777777777777
15755.0,10,17,5993.12,736,352.53647058823526,4034,281,0.6929347826086956,43.294117647058826
15756.0,61,4,532.96,249,133.24,242,160,0.48192771084337344,62.25
15757.0,66,6,2940.36,547,490.06,1757,162,0.3290676416819013,91.16666666666667
15758.0,25,1,205.25,25,205.25,47,9,1.2,25.0
15759.0,218,7,830.9300000000001,738,118.70428571428572,523,10,0.2845528455284553,105.42857142857143
15760.0,631,2,13916.34,631,6958.17,2,1,0.09508716323296355,315.5
15761.0,443,1,143.05,443,143.05,31,5,0.06772009029345372,443.0
15762.0,65,2,583.75,77,291.875,251,37,0.7792207792207793,38.5
15763.0,32,2,1086.92,78,543.46,271,58,0.7692307692307692,39.0
15764.0,88,8,4503.08,478,562.885,2945,187,0.502092050209205,59.75
15765.0,667,1,370.63,667,370.63,335,25,0.04497751124437781,667.0
15766.0,64,3,831.06,682,277.02,334,21,0.13196480938416424,227.33333333333334
15768.0,116,34,15601.09,737,458.85558823529414,4259,437,1.383989145183175,21.676470588235293
15769.0,7,46,88704.32,729,1928.3547826086958,49104,26,1.8930041152263373,15.847826086956522
15770.0,613,1,321.45,613,321.45,67,18,0.048939641109298535,613.0
15771.0,604,3,1006.54,694,335.5133333333333,512,26,0.12968299711815562,231.33333333333334
15772.0,418,1,280.88,418,280.88,110,16,0.07177033492822966,418.0
15773.0,6,2,774.52,409,387.26,410,46,0.1466992665036675,204.5
15774.0,69,6,1329.94,656,221.65666666666667,473,88,0.274390243902439,109.33333333333333
15775.0,245,2,150.5,632,75.25,260,9,0.09493670886075949,316.0
15776.0,133,1,241.62,133,241.62,138,18,0.22556390977443608,133.0
15777.0,241,7,1762.61,569,251.80142857142854,599,29,0.36906854130052724,81.28571428571429
15778.0,431,1,307.95,431,307.95,101,17,0.06960556844547564,431.0
15779.0,463,2,124.08000000000001,532,62.040000000000006,20,8,0.11278195488721804,266.0
15780.0,184,3,475.28000000000003,358,158.42666666666668,220,26,0.25139664804469275,119.33333333333333
15781.0,25,3,345.46,306,115.15333333333332,180,20,0.29411764705882354,102.0
15782.0,10,4,4014.1,430,1003.525,1844,51,0.27906976744186046,107.5
15783.0,11,1,246.3,11,246.3,212,14,2.7272727272727275,11.0
15784.0,468,2,848.3299999999999,672,424.16499999999996,381,33,0.08928571428571427,336.0
15785.0,33,16,5969.93,724,373.120625,4479,102,0.6629834254143646,45.25
15786.0,46,5,8514.82,537,1702.964,5981,358,0.2793296089385475,107.4
15787.0,26,3,948.05,61,316.01666666666665,540,156,1.4754098360655736,20.333333333333332
15788.0,509,1,221.82999999999998,509,221.82999999999998,115,14,0.058939096267190565,509.0
15789.0,358,6,1962.01,624,327.00166666666667,2499,110,0.2884615384615385,104.0
15790.0,10,1,220.85,10,220.85,114,34,3.0,10.0
15791.0,44,5,3608.34,642,721.668,1970,121,0.2336448598130841,128.4
15792.0,400,2,933.84,619,466.92,606,57,0.09693053311793215,309.5
15793.0,15,8,2399.57,738,299.94625,1685,12,0.3252032520325203,92.25
15794.0,736,2,777.0,737,388.5,288,15,0.08141112618724558,368.5
15795.0,150,8,1979.8700000000001,691,247.48375000000001,1411,111,0.3473227206946454,86.375
15796.0,1,17,5175.83,618,304.4605882352941,1735,138,0.8252427184466019,36.35294117647059
15797.0,113,6,2821.08,681,470.18,1281,12,0.2643171806167401,113.5
15798.0,493,3,1535.37,682,511.78999999999996,915,73,0.13196480938416424,227.33333333333334
15799.0,76,4,1424.29,418,356.0725,1342,143,0.28708133971291866,104.5
15800.0,107,7,1242.58,618,177.51142857142855,588,198,0.33980582524271846,88.28571428571429
15801.0,46,3,1063.95,110,354.65000000000003,570,61,0.8181818181818181,36.666666666666664
15802.0,143,1,451.42,143,451.42,1,1,0.2097902097902098,143.0
15803.0,51,4,1929.66,676,482.415,1030,48,0.17751479289940827,169.0
15804.0,1,13,4206.39,199,323.5684615384616,2565,170,1.9597989949748746,15.307692307692308
15805.0,23,30,10189.23,729,339.64099999999996,6225,337,1.2345679012345678,24.3
15806.0,46,3,784.58,277,261.5266666666667,602,24,0.3249097472924188,92.33333333333333
15807.0,50,5,1817.52,666,363.504,1532,85,0.22522522522522523,133.2
15808.0,306,21,18409.93,738,876.6633333333333,7229,348,0.8536585365853658,35.142857142857146
15809.0,36,7,1274.44,535,182.06285714285715,700,51,0.39252336448598135,76.42857142857143
15810.0,79,8,2999.04,673,374.88,1653,89,0.3566121842496285,84.125
15811.0,22,7,3890.52,388,555.7885714285715,1922,205,0.5412371134020618,55.42857142857143
15812.0,107,12,5201.47,724,433.4558333333334,3450,87,0.49723756906077343,60.333333333333336
15813.0,208,2,1303.9099999999999,240,651.9549999999999,603,40,0.25,120.0
15814.0,17,6,2634.44,603,439.0733333333333,1728,83,0.29850746268656714,100.5
15815.0,64,5,2100.6,260,420.12,1856,33,0.576923076923077,52.0
15816.0,542,2,144.14999999999998,542,72.07499999999999,54,11,0.11070110701107011,271.0
15817.0,421,3,2766.4,543,922.1333333333333,1596,133,0.16574585635359115,181.0
15818.0,588,1,340.5,588,340.5,284,11,0.05102040816326531,588.0
15819.0,49,10,3934.79,632,393.479,2928,182,0.4746835443037975,63.2
15820.0,320,1,206.98,320,206.98,128,17,0.09375,320.0
15821.0,44,2,570.96,61,285.48,202,57,0.9836065573770493,30.5
15822.0,3,6,1840.06,733,306.6766666666667,950,46,0.24556616643929058,122.16666666666667
15823.0,372,3,3897.17,731,1299.0566666666666,1775,155,0.12311901504787962,243.66666666666666
15824.0,453,2,890.94,532,445.47,478,24,0.11278195488721804,266.0
15825.0,172,1,532.94,172,532.94,220,20,0.1744186046511628,172.0
15826.0,56,4,2598.28,568,649.57,1824,100,0.2112676056338028,142.0
15827.0,73,28,3794.07,701,135.5025,1824,124,1.1982881597717545,25.035714285714285
15828.0,375,1,1108.82,375,1108.82,367,74,0.08,375.0
15829.0,99,2,636.14,141,318.07,996,44,0.425531914893617,70.5
15830.0,38,1,576.0,38,576.0,415,39,0.7894736842105263,38.0
15831.0,58,3,801.76,324,267.25333333333333,1105,63,0.2777777777777778,108.0
15832.0,254,1,836.79,254,836.79,465,54,0.11811023622047244,254.0
15833.0,738,1,80.4,738,80.4,24,5,0.04065040650406504,738.0
15834.0,70,7,3772.9900000000002,424,538.9985714285715,1819,333,0.49528301886792453,60.57142857142857
15835.0,44,4,954.09,331,238.5225,439,47,0.36253776435045315,82.75
15836.0,50,1,137.37,50,137.37,26,10,0.6,50.0
15837.0,65,2,777.01,486,388.505,405,52,0.1234567901234568,243.0
15838.0,11,34,74163.0,725,2181.264705882353,64664,61,1.4068965517241379,21.323529411764707
15839.0,33,3,1048.49,148,349.49666666666667,675,56,0.6081081081081081,49.333333333333336
15840.0,59,2,355.56,173,177.78,396,26,0.3468208092485549,86.5
15841.0,73,9,2742.41,730,304.7122222222222,2391,60,0.3698630136986301,81.11111111111111
15842.0,393,2,548.8,528,274.4,296,24,0.11363636363636365,264.0
15843.0,304,1,118.95000000000002,304,118.95000000000002,27,8,0.09868421052631579,304.0
15844.0,46,1,130.73999999999998,46,130.73999999999998,134,11,0.6521739130434783,46.0
15845.0,18,11,4426.28,682,402.3890909090909,2128,129,0.4838709677419355,62.0
15846.0,385,1,107.01,385,107.01,79,27,0.07792207792207792,385.0
15847.0,38,5,822.57,642,164.514,643,39,0.2336448598130841,128.4
15848.0,622,1,139.94,622,139.94,46,34,0.04823151125401929,622.0
15850.0,19,6,1058.72,726,176.45333333333335,1379,269,0.24793388429752067,121.0
15851.0,527,1,109.73,527,109.73,67,8,0.05692599620493359,527.0
15852.0,187,3,257.26,527,85.75333333333333,60,31,0.17077798861480076,175.66666666666666
15853.0,52,1,110.8,52,110.8,135,29,0.576923076923077,52.0
15854.0,4,21,5583.81,730,265.8957142857143,1704,168,0.863013698630137,34.76190476190476
15855.0,137,6,1052.72,476,175.45333333333335,712,72,0.37815126050420167,79.33333333333333
15856.0,4,52,34220.340000000004,736,658.0834615384616,20432,384,2.119565217391304,14.153846153846153
15857.0,19,2,570.48,430,285.24,584,21,0.13953488372093023,215.0
15858.0,16,13,3960.37,730,304.64384615384614,2919,273,0.5342465753424658,56.15384615384615
15859.0,432,1,438.46,432,438.46,174,22,0.06944444444444445,432.0
15860.0,41,17,2505.21,734,147.36529411764707,1342,249,0.6948228882833787,43.1764705882353
15861.0,12,12,4401.79,680,366.81583333333333,3860,452,0.5294117647058824,56.666666666666664
15862.0,8,13,2928.29,723,225.25307692307692,1680,417,0.5394190871369294,55.61538461538461
15863.0,26,5,358.7,723,71.74,164,74,0.20746887966804978,144.6
15864.0,22,7,2180.76,381,311.5371428571429,1486,18,0.5511811023622047,54.42857142857143
15865.0,41,5,2248.92,703,449.784,1147,119,0.21337126600284495,140.6
15866.0,101,1,230.53,101,230.53,126,43,0.297029702970297,101.0
15867.0,5,31,9063.95,725,292.3854838709678,5139,547,1.282758620689655,23.387096774193548
15868.0,583,1,94.53,583,94.53,57,4,0.051457975986277875,583.0
15869.0,277,3,323.65999999999997,626,107.88666666666666,274,29,0.1437699680511182,208.66666666666666
15870.0,33,4,862.61,446,215.6525,508,127,0.26905829596412556,111.5
15871.0,437,1,33.099999999999994,437,33.099999999999994,5,5,0.06864988558352403,437.0
15872.0,15,4,795.68,550,198.92,506,164,0.21818181818181817,137.5
15873.0,500,4,313.91999999999996,501,78.47999999999999,1152,3,0.2395209580838323,125.25
15874.0,64,21,11284.76,701,537.3695238095238,5102,262,0.8987161198288159,33.38095238095238
15875.0,646,1,111.72,646,111.72,76,18,0.04643962848297214,646.0
15876.0,409,2,1449.1399999999999,448,724.5699999999999,886,11,0.13392857142857142,224.0
15877.0,2,2,493.28,18,246.64,371,122,3.333333333333333,9.0
15878.0,562,2,330.77,734,165.385,243,47,0.08174386920980926,367.0
15879.0,404,4,1157.3,722,289.325,643,171,0.16620498614958448,180.5
15880.0,369,1,686.5600000000001,369,686.5600000000001,422,95,0.08130081300813008,369.0
15881.0,312,5,501.39000000000004,364,100.278,260,26,0.41208791208791207,72.8
15882.0,199,8,1495.98,729,186.9975,814,49,0.3292181069958848,91.125
15883.0,2,2,396.48,33,198.24,223,42,1.8181818181818183,16.5
15884.0,432,2,249.70000000000002,736,124.85000000000001,158,14,0.08152173913043478,368.0
15885.0,93,15,1951.82,688,130.12133333333333,622,83,0.6540697674418605,45.86666666666667
15886.0,60,4,1052.8700000000001,598,263.21750000000003,667,58,0.20066889632107024,149.5
15887.0,407,3,1027.15,556,342.3833333333334,605,27,0.16187050359712232,185.33333333333334
15888.0,81,3,429.16,527,143.05333333333334,139,33,0.17077798861480076,175.66666666666666
15889.0,157,8,1806.28,730,225.785,989,256,0.3287671232876712,91.25
15890.0,395,5,535.65,605,107.13,119,10,0.24793388429752067,121.0
15891.0,227,1,524.52,227,524.52,442,60,0.13215859030837004,227.0
15892.0,669,1,128.2,669,128.2,46,38,0.044843049327354265,669.0
15893.0,482,1,305.28000000000003,482,305.28000000000003,288,1,0.06224066390041494,482.0
15894.0,253,2,420.29,369,210.145,283,35,0.16260162601626016,184.5
15895.0,150,1,179.17,150,179.17,94,11,0.2,150.0
15897.0,194,2,222.05,194,111.025,261,17,0.30927835051546393,97.0
15898.0,1,25,5596.31,728,223.85240000000002,2418,281,1.0302197802197803,29.12
15899.0,369,1,112.5,369,112.5,78,4,0.08130081300813008,369.0
15900.0,24,4,900.4,563,225.1,661,100,0.21314387211367675,140.75
15901.0,17,7,703.22,544,100.46000000000001,702,145,0.38602941176470584,77.71428571428571
15902.0,380,1,145.01,380,145.01,124,18,0.07894736842105263,380.0
15903.0,10,12,8939.84,695,744.9866666666667,3926,58,0.5179856115107914,57.916666666666664
15904.0,8,1,164.68,8,164.68,84,30,3.75,8.0
15905.0,543,1,114.69,543,114.69,82,22,0.05524861878453039,543.0
15906.0,20,10,2555.64,451,255.564,751,143,0.6651884700665189,45.1
15907.0,4,3,967.45,210,322.48333333333335,509,175,0.42857142857142855,70.0
15908.0,491,2,764.57,512,382.285,174,37,0.1171875,256.0
15909.0,174,1,191.94,174,191.94,98,7,0.1724137931034483,174.0
15910.0,1,15,2681.8,688,178.7866666666667,2171,394,0.6540697674418605,45.86666666666667
15911.0,624,8,1702.34,730,212.7925,811,162,0.3287671232876712,91.25
15912.0,178,9,1074.7,729,119.41111111111111,759,83,0.37037037037037035,81.0
15913.0,534,1,6.300000000000001,534,6.300000000000001,3,1,0.056179775280898875,534.0
15914.0,378,2,205.99,378,102.995,149,13,0.15873015873015872,189.0
15915.0,402,1,429.21,402,429.21,451,105,0.07462686567164178,402.0
15916.0,16,13,3427.17,729,263.6284615384615,1703,227,0.5349794238683128,56.07692307692308
15917.0,248,5,560.63,737,112.126,263,127,0.203527815468114,147.4
15918.0,191,3,582.88,632,194.29333333333332,240,49,0.14240506329113925,210.66666666666666
15919.0,20,2,910.61,369,455.305,787,103,0.16260162601626016,184.5
15920.0,154,9,571.64,725,63.51555555555555,240,93,0.37241379310344824,80.55555555555556
15921.0,173,4,802.11,641,200.5275,342,69,0.187207488299532,160.25
15922.0,373,1,739.0,373,739.0,276,11,0.08042895442359249,373.0
15923.0,373,1,254.16,373,254.16,244,21,0.08042895442359249,373.0
15924.0,731,1,102.82,731,102.82,103,14,0.04103967168262654,731.0
15925.0,194,1,207.15,194,207.15,93,12,0.15463917525773196,194.0
15926.0,542,1,134.44,542,134.44,155,7,0.055350553505535055,542.0
15927.0,647,1,123.39,647,123.39,69,13,0.04636785162287481,647.0
15928.0,656,1,293.53,656,293.53,164,11,0.04573170731707317,656.0
15929.0,644,1,594.0,644,594.0,120,1,0.046583850931677016,644.0
15930.0,67,1,426.63,67,426.63,139,21,0.44776119402985076,67.0
15931.0,428,1,239.9,428,239.9,118,14,0.07009345794392523,428.0
15932.0,4,8,2495.87,289,311.98375,2325,93,0.8304498269896194,36.125
15933.0,21,3,1107.46,87,369.15333333333336,885,63,1.0344827586206897,29.0
15934.0,418,2,2190.66,430,1095.33,2166,29,0.13953488372093023,215.0
15935.0,239,2,416.86,242,208.43,115,12,0.24793388429752067,121.0
15936.0,379,2,282.79,468,141.395,211,16,0.12820512820512822,234.0
15937.0,64,1,145.35,64,145.35,73,7,0.46875,64.0
15938.0,112,9,734.81,557,81.64555555555555,449,27,0.4847396768402154,61.888888888888886
15939.0,90,16,9060.39,375,566.274375,6260,52,1.28,23.4375
15940.0,311,1,35.8,311,35.8,4,1,0.09646302250803858,311.0
15941.0,637,1,405.0,637,405.0,60,6,0.04709576138147567,637.0
15942.0,134,1,337.44,134,337.44,232,14,0.22388059701492538,134.0
15943.0,650,2,271.28999999999996,678,135.64499999999998,183,12,0.08849557522123894,339.0
15944.0,277,4,2164.24,726,541.06,859,25,0.1652892561983471,181.5
15945.0,365,4,827.27,738,206.8175,397,24,0.16260162601626016,184.5
15946.0,503,3,2304.18,634,768.06,1614,25,0.14195583596214512,211.33333333333334
15947.0,83,1,1708.24,83,1708.24,898,29,0.3614457831325301,83.0
15948.0,8,3,1509.0900000000001,425,503.03000000000003,852,63,0.21176470588235294,141.66666666666666
15949.0,17,2,364.72,71,182.36,284,12,0.8450704225352113,35.5
15950.0,32,10,7180.71,683,718.071,3384,225,0.43923865300146414,68.3
15951.0,9,3,1013.17,381,337.7233333333333,420,44,0.23622047244094488,127.0
15952.0,34,4,806.57,225,201.6425,399,65,0.5333333333333333,56.25
15953.0,15,18,3669.5499999999997,736,203.86388888888888,1852,102,0.7336956521739131,40.888888888888886
15954.0,589,1,190.75,589,190.75,119,20,0.050933786078098474,589.0
15955.0,24,22,8658.36,654,393.5618181818182,4213,222,1.0091743119266054,29.727272727272727
15956.0,551,2,617.6,727,308.8,278,18,0.08253094910591471,363.5
15957.0,32,3,930.1,421,310.03333333333336,458,121,0.2137767220902613,140.33333333333334
15958.0,74,4,492.99,551,123.2475,164,50,0.2177858439201452,137.75
15959.0,682,3,579.49,682,193.16333333333333,282,58,0.13196480938416424,227.33333333333334
15960.0,374,4,410.95,435,102.7375,258,24,0.27586206896551724,108.75
15961.0,379,1,451.28999999999996,379,451.28999999999996,154,42,0.07915567282321899,379.0
15962.0,449,1,295.83,449,295.83,235,43,0.06681514476614699,449.0
15963.0,20,2,470.76,45,235.38,298,26,1.3333333333333335,22.5
15964.0,663,1,272.96000000000004,663,272.96000000000004,94,20,0.04524886877828054,663.0
15965.0,17,13,3013.09,737,231.77615384615385,1433,202,0.5291723202170964,56.69230769230769
15966.0,451,1,426.53000000000003,451,426.53000000000003,275,27,0.06651884700665188,451.0
15967.0,23,12,3041.6,738,253.46666666666667,1204,316,0.48780487804878053,61.5
15968.0,388,1,418.05,388,418.05,253,70,0.07731958762886598,388.0
15969.0,3,5,1127.05,522,225.41,223,31,0.28735632183908044,104.4
15970.0,304,2,1017.32,599,508.66,498,19,0.1001669449081803,299.5
15971.0,18,18,5902.83,732,327.935,2251,12,0.7377049180327868,40.666666666666664
15972.0,456,5,1810.27,600,362.054,480,104,0.25,120.0
15973.0,367,3,988.44,429,329.48,301,8,0.2097902097902098,143.0
15974.0,39,7,3442.15,289,491.7357142857143,2262,141,0.726643598615917,41.285714285714285
15975.0,84,1,371.01,84,371.01,243,24,0.3571428571428571,84.0
15976.0,165,6,1746.6399999999999,551,291.1066666666666,1078,265,0.32667876588021777,91.83333333333333
15977.0,17,2,1054.73,39,527.365,1016,48,1.5384615384615383,19.5
15978.0,77,3,3279.42,644,1093.14,2444,107,0.13975155279503107,214.66666666666666
15979.0,603,1,329.22,603,329.22,450,22,0.04975124378109453,603.0
15980.0,89,7,6593.68,556,941.9542857142858,4862,101,0.3776978417266187,79.42857142857143
15981.0,25,21,9362.77,621,445.8461904761905,4827,151,1.0144927536231882,29.571428571428573
15982.0,605,1,324.51,605,324.51,131,45,0.049586776859504134,605.0
15983.0,22,8,3958.8199999999997,733,494.85249999999996,2450,137,0.3274215552523875,91.625
15984.0,3,30,8759.32,738,291.9773333333333,6084,458,1.2195121951219512,24.6
15985.0,123,7,2715.28,561,387.8971428571429,2750,50,0.37433155080213903,80.14285714285714
15986.0,30,2,354.42,382,177.21,368,25,0.15706806282722513,191.0
15987.0,12,8,1682.13,379,210.26625,1715,143,0.6332453825857519,47.375
15988.0,19,3,770.09,657,256.69666666666666,486,114,0.136986301369863,219.0
15989.0,376,2,372.51,737,186.255,171,81,0.08141112618724558,368.5
15990.0,44,7,2010.05,650,287.15,1090,117,0.32307692307692304,92.85714285714286
15991.0,534,1,150.55,534,150.55,41,6,0.056179775280898875,534.0
15992.0,4,3,896.6,454,298.8666666666667,514,53,0.19823788546255508,151.33333333333334
15993.0,9,7,2797.57,44,399.65285714285716,2051,335,4.7727272727272725,6.285714285714286
15994.0,55,3,1202.18,636,400.7266666666667,469,93,0.14150943396226415,212.0
15995.0,414,1,696.19,414,696.19,353,108,0.07246376811594203,414.0
15996.0,88,7,1686.9,397,240.9857142857143,747,140,0.5289672544080605,56.714285714285715
15998.0,37,16,8308.34,739,519.27125,5372,682,0.6495263870094723,46.1875
15999.0,736,1,20.4,736,20.4,24,1,0.04076086956521739,736.0
16000.0,3,3,12393.7,3,4131.233333333334,5110,9,30.0,1.0
16001.0,381,1,583.39,381,583.39,337,29,0.07874015748031496,381.0
16002.0,625,1,169.21,625,169.21,70,42,0.048,625.0
16003.0,30,10,5613.83,736,561.383,2210,146,0.4076086956521739,73.6
16004.0,475,5,2146.39,683,429.27799999999996,1076,63,0.21961932650073207,136.6
16005.0,12,10,2436.22,450,243.62199999999999,1310,315,0.6666666666666667,45.0
16006.0,211,2,347.17,388,173.585,211,75,0.15463917525773196,194.0
16007.0,48,7,3075.14,543,439.30571428571426,2643,337,0.3867403314917127,77.57142857142857
16008.0,24,15,5384.13,631,358.942,3273,63,0.7131537242472267,42.06666666666667
16009.0,22,4,992.71,160,248.1775,378,68,0.75,40.0
16010.0,246,11,1724.06,412,156.73272727272726,931,122,0.8009708737864077,37.45454545454545
16011.0,8,29,5880.46,739,202.77448275862068,3471,181,1.1772665764546686,25.482758620689655
16012.0,35,5,2989.79,530,597.958,1766,207,0.2830188679245283,106.0
16013.0,4,84,57446.44,732,683.8861904761904,25952,54,3.4426229508196724,8.714285714285714
16014.0,38,5,1130.27,678,226.054,478,219,0.22123893805309736,135.6
16015.0,4,3,705.39,49,235.13,909,146,1.836734693877551,16.333333333333332
16016.0,3,11,2533.94,402,230.35818181818183,1059,181,0.8208955223880597,36.54545454545455
16017.0,47,5,1553.83,704,310.76599999999996,640,99,0.21306818181818182,140.8
16018.0,39,4,698.13,732,174.5325,503,48,0.16393442622950818,183.0
16019.0,47,27,17465.85,725,646.8833333333333,6976,256,1.1172413793103448,26.85185185185185
16020.0,17,3,851.01,65,283.67,487,42,1.3846153846153846,21.666666666666668
16021.0,395,2,532.25,545,266.125,297,117,0.11009174311926606,272.5
16022.0,260,1,628.28,260,628.28,261,68,0.11538461538461539,260.0
16023.0,46,3,719.81,266,239.93666666666664,358,90,0.3383458646616541,88.66666666666667
16024.0,12,3,484.2,412,161.4,505,78,0.2184466019417476,137.33333333333334
16025.0,30,1,439.65999999999997,30,439.65999999999997,338,28,1.0,30.0
16026.0,43,1,236.09,43,236.09,243,30,0.6976744186046512,43.0
16027.0,92,15,2048.36,700,136.55733333333333,2099,20,0.6428571428571429,46.666666666666664
16028.0,596,1,82.2,596,82.2,18,5,0.050335570469798654,596.0
16029.0,39,107,122209.14,732,1142.1414953271028,56486,57,4.385245901639344,6.841121495327103
16030.0,310,1,331.24,310,331.24,283,28,0.0967741935483871,310.0
16031.0,92,2,548.94,247,274.47,423,91,0.24291497975708504,123.5
16032.0,456,6,1970.45,523,328.40833333333336,1480,130,0.3441682600382409,87.16666666666667
16033.0,6,27,10836.13,485,401.3381481481481,4288,605,1.6701030927835052,17.962962962962962
16034.0,196,6,928.72,409,154.78666666666666,597,43,0.4400977995110024,68.16666666666667
16035.0,560,1,217.73,560,217.73,33,21,0.05357142857142857,560.0
16036.0,87,4,2556.84,620,639.21,1369,120,0.1935483870967742,155.0
16037.0,270,5,1509.34,649,301.868,766,62,0.23112480739599384,129.8
16038.0,8,3,471.78000000000003,202,157.26000000000002,244,24,0.4455445544554455,67.33333333333333
16039.0,424,2,456.4,628,228.2,409,27,0.09554140127388536,314.0
16040.0,65,7,2416.9,610,345.2714285714286,1185,95,0.3442622950819672,87.14285714285714
16041.0,31,3,3166.4,141,1055.4666666666667,1584,6,0.6382978723404256,47.0
16042.0,22,8,2265.12,454,283.14,1442,88,0.5286343612334802,56.75
16043.0,38,8,1856.5900000000001,482,232.07375000000002,1011,56,0.4979253112033195,60.25
16044.0,435,1,340.84000000000003,435,340.84000000000003,170,19,0.06896551724137931,435.0
16045.0,120,8,3434.9300000000003,499,429.36625000000004,2108,111,0.48096192384769537,62.375
16046.0,562,1,235.78,562,235.78,248,22,0.05338078291814946,562.0
16047.0,682,1,107.14,682,107.14,1,1,0.04398826979472141,682.0
16048.0,373,4,1075.23,550,268.8075,569,30,0.21818181818181817,137.5
16049.0,40,6,1899.68,516,316.61333333333334,1165,383,0.3488372093023256,86.0
16050.0,174,3,300.7,401,100.23333333333333,388,19,0.22443890274314213,133.66666666666666
16051.0,682,1,188.44,682,188.44,80,12,0.04398826979472141,682.0
16052.0,54,1,362.06,54,362.06,282,34,0.5555555555555556,54.0
16053.0,33,6,3634.84,611,605.8066666666667,3067,169,0.2945990180032733,101.83333333333333
16054.0,145,4,2111.88,617,527.97,791,109,0.1944894651539708,154.25
16055.0,221,1,134.8,221,134.8,22,8,0.13574660633484165,221.0
16056.0,45,1,664.85,45,664.85,347,66,0.6666666666666667,45.0
16057.0,16,10,3854.85,701,385.485,1691,175,0.42796005706134094,70.1
16058.0,406,1,62.7,406,62.7,18,2,0.07389162561576355,406.0
16059.0,66,12,3217.77,569,268.1475,1509,233,0.632688927943761,47.416666666666664
16060.0,401,3,541.95,494,180.65,243,22,0.18218623481781376,164.66666666666666
16061.0,431,1,89.65,431,89.65,19,3,0.06960556844547564,431.0
16062.0,10,8,2863.45,536,357.93125,2035,134,0.44776119402985076,67.0
16063.0,260,1,335.32,260,335.32,262,23,0.11538461538461539,260.0
16064.0,725,1,111.0,725,111.0,56,17,0.041379310344827586,725.0
16065.0,365,8,2382.62,463,297.8275,1447,214,0.5183585313174947,57.875
16066.0,17,5,1521.87,124,304.37399999999997,936,77,1.2096774193548387,24.8
16067.0,563,3,3395.29,675,1131.7633333333333,1279,60,0.13333333333333333,225.0
16068.0,594,1,122.93,594,122.93,52,34,0.050505050505050504,594.0
16069.0,418,1,457.7,418,457.7,138,25,0.07177033492822966,418.0
16070.0,22,2,852.15,32,426.075,457,32,1.875,16.0
16071.0,45,4,1076.8,655,269.2,697,62,0.183206106870229,163.75
16072.0,288,4,4328.89,549,1082.2225,1611,414,0.2185792349726776,137.25
16073.0,297,1,122.39999999999999,297,122.39999999999999,48,1,0.10101010101010101,297.0
16074.0,390,1,265.25,390,265.25,39,23,0.07692307692307693,390.0
16075.0,503,2,736.9300000000001,564,368.46500000000003,271,41,0.10638297872340426,282.0
16076.0,3,10,2234.73,209,223.473,1435,71,1.4354066985645932,20.9
16077.0,626,1,2300.4,626,2300.4,840,8,0.04792332268370607,626.0
16078.0,284,2,362.99,669,181.495,200,39,0.08968609865470853,334.5
16079.0,17,3,1352.0,40,450.6666666666667,864,18,2.25,13.333333333333334
16080.0,82,4,602.5600000000001,450,150.64000000000001,298,29,0.26666666666666666,112.5
16081.0,56,8,4460.18,675,557.5225,2244,235,0.3555555555555555,84.375
16082.0,670,1,106.75,670,106.75,39,16,0.04477611940298507,670.0
16083.0,101,4,2351.42,389,587.855,1514,61,0.30848329048843187,97.25
16084.0,299,1,436.18,299,436.18,216,38,0.10033444816053512,299.0
16085.0,23,12,2343.53,688,195.29416666666668,1384,259,0.5232558139534884,57.333333333333336
16086.0,59,10,2864.9900000000002,737,286.499,1526,66,0.407055630936228,73.7
16087.0,389,5,1739.92,690,347.98400000000004,664,6,0.21739130434782608,138.0
16088.0,576,2,1437.43,592,718.715,373,3,0.10135135135135136,296.0
16089.0,386,2,271.44,509,135.72,122,42,0.11787819253438113,254.5
16090.0,624,1,205.91,624,205.91,65,18,0.04807692307692307,624.0
16091.0,155,2,315.06,199,157.53,154,16,0.30150753768844224,99.5
16092.0,115,6,1587.94,579,264.6566666666667,1188,60,0.31088082901554404,96.5
16093.0,107,1,17.0,107,17.0,20,1,0.2803738317757009,107.0
16094.0,12,11,3695.56,602,335.96,2020,101,0.5481727574750831,54.72727272727273
16095.0,456,1,447.05,456,447.05,265,30,0.06578947368421052,456.0
16096.0,264,4,1584.97,645,396.2425,700,58,0.18604651162790697,161.25
16097.0,240,1,185.04999999999998,240,185.04999999999998,87,10,0.125,240.0
16098.0,88,14,4448.1,725,317.7214285714286,2150,83,0.5793103448275863,51.785714285714285
16099.0,50,7,1573.2,647,224.74285714285716,960,44,0.32457496136012365,92.42857142857143
16100.0,463,1,582.64,463,582.64,438,37,0.06479481641468683,463.0
16101.0,71,4,3229.16,562,807.29,1844,153,0.21352313167259784,140.5
16102.0,42,3,1842.14,129,614.0466666666667,942,41,0.6976744186046512,43.0
16103.0,7,22,6191.71,701,281.44136363636363,2639,111,0.94151212553495,31.863636363636363
16104.0,62,9,2778.61,734,308.7344444444445,1048,187,0.3678474114441417,81.55555555555556
16105.0,249,5,2386.19,604,477.238,2125,92,0.24834437086092717,120.8
16106.0,66,1,108.38,66,108.38,74,6,0.4545454545454546,66.0
16107.0,18,7,3204.1600000000003,183,457.7371428571429,1176,16,1.1475409836065573,26.142857142857142
16108.0,85,4,2235.92,631,558.98,1473,124,0.1901743264659271,157.75
16109.0,219,3,939.48,699,313.16,1092,30,0.12875536480686695,233.0
16110.0,45,4,1819.27,522,454.8175,902,343,0.22988505747126436,130.5
16111.0,428,1,562.48,428,562.48,236,72,0.07009345794392523,428.0
16112.0,143,4,195.73999999999998,339,48.934999999999995,574,15,0.35398230088495575,84.75
16113.0,183,1,161.38,183,161.38,176,30,0.16393442622950818,183.0
16114.0,171,1,135.75000000000003,171,135.75000000000003,43,8,0.17543859649122806,171.0
16115.0,10,12,2575.14,575,214.595,1601,230,0.6260869565217392,47.916666666666664
16116.0,212,1,612.78,212,612.78,248,34,0.14150943396226415,212.0
16117.0,190,3,654.4,592,218.13333333333333,321,64,0.15202702702702703,197.33333333333334
16118.0,653,1,4376.25,653,4376.25,2851,41,0.045941807044410414,653.0
16119.0,8,8,1720.81,724,215.10125,811,37,0.3314917127071823,90.5
16120.0,59,6,3056.91,422,509.48499999999996,2205,84,0.42654028436018954,70.33333333333333
16121.0,57,5,1477.09,566,295.418,897,256,0.26501766784452296,113.2
16122.0,73,6,1001.34,425,166.89000000000001,1398,28,0.4235294117647059,70.83333333333333
16123.0,52,1,307.78,52,307.78,170,16,0.576923076923077,52.0
16124.0,317,4,1772.49,733,443.1225,797,63,0.16371077762619374,183.25
16125.0,367,14,4587.65,725,327.6892857142857,1944,168,0.5793103448275863,51.785714285714285
16126.0,29,15,14646.800000000001,737,976.4533333333334,6142,144,0.6105834464043419,49.13333333333333
16127.0,39,2,801.31,727,400.655,391,75,0.08253094910591471,363.5
16128.0,18,11,3801.05,511,345.55,2445,155,0.6457925636007827,46.45454545454545
16129.0,407,3,1396.05,508,465.34999999999997,1261,91,0.17716535433070865,169.33333333333334
16130.0,422,4,987.48,617,246.87,296,53,0.1944894651539708,154.25
16131.0,52,12,9957.42,738,829.785,4768,131,0.48780487804878053,61.5
16132.0,544,2,664.1999999999999,628,332.09999999999997,280,14,0.09554140127388536,314.0
16133.0,4,56,22992.260000000002,619,410.5760714285715,13653,303,2.7140549273021,11.053571428571429
16134.0,22,5,2145.34,541,429.06800000000004,1637,85,0.27726432532347506,108.2
16135.0,263,2,819.45,584,409.725,395,35,0.10273972602739725,292.0
16136.0,60,4,946.8,664,236.7,674,44,0.18072289156626506,166.0
16137.0,680,1,422.7,680,422.7,210,28,0.044117647058823525,680.0
16138.0,379,3,910.35,591,303.45,774,35,0.15228426395939085,197.0
16139.0,19,5,1111.15,736,222.23000000000002,602,47,0.20380434782608695,147.2
16140.0,66,3,1557.6000000000001,442,519.2,1376,50,0.20361990950226244,147.33333333333334
16141.0,88,2,955.94,417,477.97,410,47,0.14388489208633093,208.5
16142.0,250,1,535.34,250,535.34,422,37,0.12,250.0
16143.0,3,12,4910.83,730,409.23583333333335,2011,107,0.4931506849315068,60.833333333333336
16144.0,247,1,175.2,247,175.2,16,1,0.12145748987854252,247.0
16145.0,9,19,6805.4400000000005,584,358.18105263157895,5270,217,0.9760273972602739,30.736842105263158
16146.0,157,4,946.38,449,236.595,544,34,0.26726057906458794,112.25
16147.0,134,5,2398.91,673,479.782,1395,113,0.22288261515601782,134.6
16148.0,296,2,386.62,437,193.31,250,9,0.13729977116704806,218.5
16149.0,5,3,422.22,429,140.74,598,30,0.2097902097902098,143.0
16150.0,43,10,4395.59,722,439.559,2164,143,0.4155124653739612,72.2
16152.0,269,1,1829.04,269,1829.04,642,29,0.11152416356877323,269.0
16153.0,50,11,5133.49,563,466.6809090909091,3693,161,0.5861456483126111,51.18181818181818
16155.0,382,5,796.9,540,159.38,495,45,0.2777777777777778,108.0
16156.0,9,20,6218.18,737,310.909,3240,199,0.814111261872456,36.85
16157.0,16,3,656.69,73,218.89666666666668,347,12,1.2328767123287672,24.333333333333332
16158.0,522,9,628.32,734,69.81333333333333,182,29,0.3678474114441417,81.55555555555556
16159.0,282,4,1232.79,737,308.1975,635,31,0.16282225237449116,184.25
16160.0,65,2,1025.44,86,512.72,1162,20,0.6976744186046512,43.0
16161.0,2,43,12831.8,670,298.4139534883721,6380,458,1.9253731343283582,15.581395348837209
16162.0,252,1,37.4,252,37.4,4,2,0.11904761904761904,252.0
16163.0,232,6,2849.58,738,474.93,768,59,0.24390243902439027,123.0
16164.0,17,3,822.48,43,274.16,433,27,2.0930232558139537,14.333333333333334
16165.0,505,1,79.9,505,79.9,2,1,0.0594059405940594,505.0
16166.0,428,2,435.83,691,217.915,173,18,0.08683068017366136,345.5
16167.0,414,5,1386.1200000000001,739,277.22400000000005,1494,51,0.2029769959404601,147.8
16168.0,11,66,10636.47,737,161.15863636363636,5099,131,2.6865671641791042,11.166666666666666
16169.0,8,4,1822.97,76,455.7425,1325,71,1.5789473684210527,19.0
16170.0,51,20,6869.0,659,343.45,6056,254,0.9104704097116844,32.95
16171.0,59,1,73.2,59,73.2,24,3,0.5084745762711864,59.0
16172.0,95,8,1884.55,513,235.56875,1419,81,0.4678362573099415,64.125
16173.0,16,6,1418.32,98,236.38666666666666,575,70,1.836734693877551,16.333333333333332
16174.0,126,7,2246.75,603,320.9642857142857,1431,28,0.34825870646766166,86.14285714285714
16175.0,94,7,1836.44,564,262.34857142857146,932,59,0.37234042553191493,80.57142857142857
16176.0,421,4,2052.69,620,513.1725,952,53,0.1935483870967742,155.0
16177.0,50,8,2247.31,647,280.91375,1021,79,0.37094281298299847,80.875
16178.0,138,2,612.6,401,306.3,304,24,0.14962593516209477,200.5
16179.0,61,1,215.83,61,215.83,99,11,0.49180327868852464,61.0
16180.0,100,13,16249.87,534,1249.99,9813,171,0.7303370786516854,41.07692307692308
16181.0,73,1,305.54,73,305.54,152,11,0.410958904109589,73.0
16182.0,72,9,9971.65,641,1107.961111111111,5887,20,0.421216848673947,71.22222222222223
16183.0,67,4,1077.81,407,269.4525,351,32,0.29484029484029484,101.75
16184.0,64,6,1158.79,211,193.13166666666666,561,26,0.8530805687203791,35.166666666666664
16185.0,17,3,644.72,565,214.90666666666667,321,39,0.1592920353982301,188.33333333333334
16186.0,23,26,9026.11,730,347.1580769230769,6825,172,1.0684931506849316,28.076923076923077
16187.0,32,15,6911.4400000000005,284,460.7626666666667,5048,160,1.584507042253521,18.933333333333334
16188.0,45,5,1087.66,409,217.532,838,72,0.36674816625916873,81.8
16189.0,16,2,215.48,85,107.74,134,9,0.7058823529411764,42.5
16190.0,40,8,2723.55,726,340.44375,1231,89,0.3305785123966942,90.75
16191.0,3,24,15688.02,729,653.6675,9360,113,0.9876543209876544,30.375
16192.0,736,1,351.3,736,351.3,208,11,0.04076086956521739,736.0
16193.0,237,2,630.43,411,315.215,379,38,0.14598540145985403,205.5
16194.0,375,1,308.59999999999997,375,308.59999999999997,140,8,0.08,375.0
16195.0,723,1,323.25,723,323.25,123,16,0.041493775933609964,723.0
16196.0,489,1,93.3,489,93.3,26,4,0.06134969325153375,489.0
16197.0,469,9,2016.71,724,224.07888888888888,1420,52,0.3729281767955801,80.44444444444444
16198.0,75,2,1030.0410000000002,437,515.0205000000001,384,31,0.13729977116704806,218.5
16199.0,392,7,942.75,631,134.67857142857142,321,2,0.33280507131537246,90.14285714285714
16200.0,4,12,5643.45,737,470.28749999999997,3089,361,0.4884667571234735,61.416666666666664
16201.0,3,5,2112.12,416,422.424,1421,86,0.3605769230769231,83.2
16202.0,361,9,2501.9900000000002,738,277.9988888888889,1307,105,0.36585365853658536,82.0
16203.0,59,6,1114.54,504,185.75666666666666,607,56,0.3571428571428571,84.0
16204.0,23,3,944.24,731,314.74666666666667,686,86,0.12311901504787962,243.66666666666666
16205.0,31,7,1830.61,543,261.5157142857143,1455,147,0.3867403314917127,77.57142857142857
16206.0,55,13,2602.32,684,200.17846153846156,1384,187,0.5701754385964912,52.61538461538461
16207.0,25,1,394.38,25,394.38,140,19,1.2,25.0
16208.0,45,10,3440.45,653,344.04499999999996,1541,180,0.45941807044410415,65.3
16209.0,89,9,4146.78,547,460.75333333333333,1895,51,0.4936014625228519,60.77777777777778
16210.0,2,35,38489.51,737,1099.7002857142859,14263,145,1.4246947082767978,21.057142857142857
16211.0,89,3,1090.59,438,363.53,519,35,0.2054794520547945,146.0
16212.0,19,4,1293.71,670,323.4275,571,71,0.1791044776119403,167.5
16213.0,79,1,159.0,79,159.0,48,6,0.37974683544303794,79.0
16214.0,171,4,2038.25,435,509.5625,1308,84,0.27586206896551724,108.75
16215.0,81,1,242.35,81,242.35,104,14,0.37037037037037035,81.0
16216.0,267,1,914.9300000000001,267,914.9300000000001,254,37,0.11235955056179775,267.0
16217.0,235,2,304.25,282,152.125,91,13,0.2127659574468085,141.0
16218.0,30,13,4439.97,561,341.53615384615387,3237,82,0.6951871657754011,43.15384615384615
16219.0,501,1,40.8,501,40.8,48,1,0.05988023952095808,501.0
16221.0,37,9,2235.5099999999998,486,248.39,1515,177,0.5555555555555556,54.0
16222.0,318,2,1345.22,721,672.61,503,133,0.08321775312066575,360.5
16223.0,375,2,1102.3500000000001,396,551.1750000000001,651,101,0.15151515151515152,198.0
16224.0,57,5,1616.54,387,323.308,1555,107,0.38759689922480617,77.4
16225.0,45,15,2867.4100000000003,671,191.16066666666669,1285,189,0.6706408345752608,44.733333333333334
16226.0,203,5,672.1700000000001,414,134.43400000000003,521,23,0.36231884057971014,82.8
16227.0,225,3,1027.22,535,342.4066666666667,436,28,0.16822429906542055,178.33333333333334
16228.0,385,3,890.8100000000001,400,296.93666666666667,561,45,0.22499999999999998,133.33333333333334
16229.0,87,6,2867.86,564,477.9766666666667,1292,144,0.3191489361702128,94.0
16230.0,190,2,542.03,220,271.015,365,32,0.2727272727272727,110.0
16231.0,379,4,1078.22,598,269.555,564,69,0.20066889632107024,149.5
16232.0,44,7,2712.97,550,387.5671428571428,1849,60,0.38181818181818183,78.57142857142857
16233.0,71,9,1965.71,737,218.41222222222223,689,49,0.36635006784260515,81.88888888888889
16234.0,476,3,333.18,562,111.06,170,13,0.1601423487544484,187.33333333333334
16235.0,41,9,2053.71,471,228.19,788,80,0.5732484076433121,52.333333333333336
16236.0,78,1,432.2,78,432.2,184,20,0.3846153846153846,78.0
16237.0,437,1,136.65,437,136.65,57,7,0.06864988558352403,437.0
16238.0,423,1,63.66,423,63.66,85,6,0.07092198581560283,423.0
16239.0,57,6,1492.2,463,248.70000000000002,692,24,0.38876889848812096,77.16666666666667
16240.0,24,2,3718.8,77,1859.4,1641,126,0.7792207792207793,38.5
16241.0,10,16,4329.31,410,270.581875,2377,500,1.170731707317073,25.625
16242.0,8,14,7474.4,634,533.8857142857142,3955,348,0.662460567823344,45.285714285714285
16243.0,34,2,409.1,55,204.55,110,49,1.0909090909090908,27.5
16244.0,212,2,2579.38,373,1289.69,1474,88,0.16085790884718498,186.5
16245.0,24,3,1413.66,257,471.22,1014,80,0.35019455252918286,85.66666666666667
16246.0,460,2,827.25,670,413.625,338,79,0.08955223880597014,335.0
16247.0,170,1,114.56,170,114.56,182,16,0.1764705882352941,170.0
16248.0,62,1,152.94,62,152.94,78,7,0.4838709677419355,62.0
16249.0,53,5,1800.07,239,360.014,950,67,0.6276150627615062,47.8
16250.0,261,3,791.38,387,263.79333333333335,376,29,0.23255813953488372,129.0
16251.0,512,1,128.31,512,128.31,44,20,0.05859375,512.0
16252.0,383,1,295.09000000000003,383,295.09000000000003,158,21,0.0783289817232376,383.0
16253.0,67,7,7310.15,731,1044.3071428571427,6061,218,0.28727770177838574,104.42857142857143
16254.0,378,3,985.14,632,328.38,549,65,0.14240506329113925,210.66666666666666
16255.0,17,15,4906.8,685,327.12,3050,231,0.6569343065693432,45.666666666666664
16256.0,267,3,1629.37,598,543.1233333333333,1590,27,0.1505016722408027,199.33333333333334
16257.0,177,1,46.95,177,46.95,2,2,0.1694915254237288,177.0
16258.0,45,15,11942.52,639,796.168,7200,253,0.704225352112676,42.6
16259.0,410,3,361.94,605,120.64666666666666,162,75,0.1487603305785124,201.66666666666666
16260.0,51,1,1035.45,51,1035.45,311,18,0.5882352941176471,51.0
16261.0,17,6,1059.45,442,176.57500000000002,459,118,0.4072398190045249,73.66666666666667
16262.0,378,1,755.15,378,755.15,446,46,0.07936507936507936,378.0
16263.0,423,1,351.01,423,351.01,200,19,0.07092198581560283,423.0
16264.0,438,2,837.53,446,418.765,632,62,0.13452914798206278,223.0
16265.0,9,12,6935.17,407,577.9308333333333,3214,192,0.8845208845208845,33.916666666666664
16266.0,74,14,1757.95,673,125.56785714285715,791,73,0.6240713224368499,48.07142857142857
16267.0,591,1,186.66,591,186.66,198,7,0.050761421319796954,591.0
16268.0,71,2,667.65,71,333.825,533,45,0.8450704225352113,35.5
16269.0,438,1,717.57,438,717.57,579,53,0.0684931506849315,438.0
16270.0,353,1,1141.24,353,1141.24,688,54,0.08498583569405099,353.0
16271.0,3,10,3463.02,643,346.302,2399,176,0.46656298600311047,64.3
16272.0,117,1,411.7,117,411.7,224,25,0.25641025641025644,117.0
16273.0,648,2,336.03999999999996,656,168.01999999999998,46,15,0.09146341463414634,328.0
16274.0,373,1,715.9,373,715.9,310,64,0.08042895442359249,373.0
16275.0,197,3,2151.11,641,717.0366666666667,1268,105,0.14040561622464898,213.66666666666666
16276.0,177,3,2629.3900000000003,608,876.4633333333335,1467,20,0.14802631578947367,202.66666666666666
16277.0,734,1,188.69,734,188.69,33,23,0.04087193460490463,734.0
16278.0,100,3,1117.84,499,372.6133333333333,342,50,0.18036072144288576,166.33333333333334
16279.0,21,9,5705.08,596,633.8977777777777,3691,243,0.45302013422818793,66.22222222222223
16280.0,725,1,238.05,725,238.05,101,16,0.041379310344827586,725.0
16281.0,72,3,3424.02,682,1141.34,1570,27,0.13196480938416424,227.33333333333334
16282.0,340,3,1307.58,719,435.85999999999996,790,31,0.12517385257301808,239.66666666666666
16283.0,6,8,4403.82,649,550.4775,2889,385,0.3697996918335901,81.125
16284.0,31,3,1029.77,393,343.25666666666666,683,108,0.22900763358778625,131.0
16285.0,646,1,176.9,646,176.9,60,31,0.04643962848297214,646.0
16286.0,477,2,328.95,624,164.475,101,17,0.09615384615384615,312.0
16287.0,170,5,1006.98,690,201.39600000000002,1426,18,0.21739130434782608,138.0
16288.0,470,1,129.85,470,129.85,19,7,0.06382978723404255,470.0
16289.0,462,1,136.31,462,136.31,97,21,0.06493506493506493,462.0
16290.0,465,4,2069.3,566,517.325,1001,85,0.21201413427561838,141.5
16291.0,682,1,117.72,682,117.72,1,1,0.04398826979472141,682.0
16292.0,122,5,1253.76,604,250.752,688,51,0.24834437086092717,120.8
16293.0,22,15,4657.95,729,310.53,2022,168,0.6172839506172839,48.6
16294.0,477,1,126.05000000000001,477,126.05000000000001,54,8,0.06289308176100629,477.0
16295.0,10,4,1328.55,65,332.1375,841,70,1.8461538461538463,16.25
16296.0,626,4,1313.67,722,328.4175,645,56,0.16620498614958448,180.5
16297.0,269,1,301.9,269,301.9,206,20,0.11152416356877323,269.0
16298.0,23,7,1085.7,442,155.1,308,32,0.4751131221719457,63.142857142857146
16299.0,477,1,193.65,477,193.65,107,12,0.06289308176100629,477.0
16300.0,430,3,1392.43,676,464.1433333333334,658,190,0.13313609467455623,225.33333333333334
16301.0,737,1,107.33,737,107.33,41,6,0.04070556309362279,737.0
16302.0,127,1,233.22,127,233.22,158,11,0.23622047244094488,127.0
16303.0,26,7,7928.27,631,1132.6100000000001,3859,156,0.33280507131537246,90.14285714285714
16304.0,695,1,381.66,695,381.66,228,25,0.04316546762589928,695.0
16305.0,139,1,361.21999999999997,139,361.21999999999997,256,22,0.21582733812949642,139.0
16306.0,214,7,1192.82,435,170.40285714285713,742,55,0.48275862068965514,62.142857142857146
16307.0,429,3,1194.92,577,398.3066666666667,1123,69,0.15597920277296362,192.33333333333334
16308.0,38,7,5120.0,724,731.4285714285714,16000,1,0.2900552486187845,103.42857142857143
16309.0,106,2,706.57,241,353.285,467,39,0.24896265560165975,120.5
16310.0,414,2,460.08,642,230.04,270,26,0.09345794392523364,321.0
16311.0,18,2,616.26,49,308.13,394,35,1.2244897959183672,24.5
16312.0,432,1,171.15,432,171.15,53,10,0.06944444444444445,432.0
16313.0,3,2,274.15000000000003,50,137.07500000000002,165,16,1.2,25.0
16314.0,390,3,1491.4,473,497.1333333333334,636,58,0.19027484143763213,157.66666666666666
16315.0,331,2,402.71,536,201.355,143,21,0.11194029850746269,268.0
16316.0,64,13,5744.91,493,441.91615384615386,3057,193,0.7910750507099391,37.92307692307692
16317.0,120,5,2192.51,585,438.50200000000007,1236,103,0.25641025641025644,117.0
16318.0,35,1,328.15,35,328.15,199,19,0.8571428571428571,35.0
16319.0,218,1,404.40000000000003,218,404.40000000000003,72,3,0.13761467889908258,218.0
16320.0,172,6,5628.99,681,938.165,3319,193,0.2643171806167401,113.5
16321.0,72,7,604.5500000000001,739,86.36428571428573,259,15,0.28416779431664413,105.57142857142857
16322.0,1,2,326.75,36,163.375,231,28,1.6666666666666665,18.0
16323.0,196,2,353.66,578,176.83,146,4,0.10380622837370243,289.0
16324.0,128,3,428.68,177,142.89333333333335,282,100,0.5084745762711864,59.0
16325.0,47,12,3597.5,735,299.7916666666667,2464,104,0.489795918367347,61.25
16326.0,6,24,4826.99,680,201.12458333333333,1120,243,1.0588235294117647,28.333333333333332
16327.0,14,16,10731.34,725,670.70875,8540,289,0.6620689655172414,45.3125
16328.0,563,1,310.83,563,310.83,141,16,0.05328596802841919,563.0
16329.0,428,4,1703.07,739,425.7675,826,83,0.16238159675236807,184.75
16330.0,18,7,634.33,663,90.61857142857143,327,105,0.31674208144796384,94.71428571428571
16331.0,432,6,2037.7,643,339.6166666666667,756,33,0.27993779160186627,107.16666666666667
16332.0,28,11,2010.41,589,182.76454545454547,1132,158,0.5602716468590832,53.54545454545455
16333.0,8,22,26626.8,310,1210.3090909090909,32184,9,2.129032258064516,14.090909090909092
16334.0,492,1,277.48,492,277.48,211,54,0.06097560975609757,492.0
16335.0,552,7,2774.0,736,396.2857142857143,1016,193,0.28532608695652173,105.14285714285714
16336.0,421,4,3517.69,632,879.4225,1473,64,0.18987341772151897,158.0
16337.0,37,1,151.05,37,151.05,87,10,0.8108108108108109,37.0
16338.0,157,1,214.79999999999998,157,214.79999999999998,94,11,0.1910828025477707,157.0
16339.0,284,1,109.95,284,109.95,23,17,0.1056338028169014,284.0
16340.0,107,3,1526.06,551,508.68666666666667,1345,277,0.16333938294010888,183.66666666666666
16341.0,25,7,3850.79,610,550.1128571428571,3022,103,0.3442622950819672,87.14285714285714
16342.0,75,4,322.41,180,80.6025,157,10,0.6666666666666667,45.0
16343.0,16,3,687.0699999999999,407,229.0233333333333,422,54,0.22113022113022113,135.66666666666666
16344.0,158,4,842.42,669,210.605,706,43,0.17937219730941706,167.25
16345.0,44,2,1198.74,483,599.37,620,95,0.12422360248447206,241.5
16346.0,385,1,224.51,385,224.51,289,15,0.07792207792207792,385.0
16347.0,11,11,3509.41,638,319.0372727272727,1750,209,0.5172413793103449,58.0
16348.0,32,8,1798.22,430,224.7775,1178,180,0.5581395348837209,53.75
16349.0,291,1,53.5,291,53.5,9,9,0.10309278350515463,291.0
16350.0,21,9,2253.89,428,250.4322222222222,1077,72,0.6308411214953271,47.55555555555556
16351.0,333,13,3330.0299999999997,735,256.1561538461538,2165,124,0.5306122448979592,56.53846153846154
16352.0,18,2,494.44,38,247.22,300,28,1.5789473684210527,19.0
16353.0,4,38,9999.460000000001,732,263.1436842105263,3531,76,1.557377049180328,19.263157894736842
16354.0,63,5,1129.51,591,225.902,599,116,0.25380710659898476,118.2
16355.0,375,1,416.35,375,416.35,179,47,0.08,375.0
16356.0,198,6,415.87,552,69.31166666666667,190,27,0.32608695652173914,92.0
16357.0,33,4,868.37,381,217.0925,389,43,0.31496062992125984,95.25
16358.0,1,5,2919.65,395,583.9300000000001,2065,118,0.37974683544303794,79.0
16359.0,7,16,2697.75,662,168.609375,1764,78,0.7250755287009063,41.375
16360.0,5,6,3512.53,88,585.4216666666667,2144,365,2.0454545454545454,14.666666666666666
16361.0,10,4,896.66,71,224.165,421,87,1.6901408450704225,17.75
16362.0,32,6,946.94,438,157.82333333333335,478,67,0.410958904109589,73.0
16363.0,53,1,109.36000000000001,53,109.36000000000001,52,5,0.5660377358490566,53.0
16364.0,12,2,707.04,137,353.52,280,48,0.437956204379562,68.5
16365.0,18,15,3307.2,729,220.48,1135,97,0.6172839506172839,48.6
16366.0,19,4,1548.1299999999999,724,387.03249999999997,882,74,0.16574585635359115,181.0
16367.0,37,3,1362.4,383,454.1333333333334,1117,196,0.23498694516971277,127.66666666666667
16368.0,2,3,640.21,436,213.40333333333334,317,74,0.20642201834862386,145.33333333333334
16369.0,18,7,2664.81,611,380.6871428571429,1594,115,0.3436988543371522,87.28571428571429
16370.0,82,4,1320.56,225,330.14,647,143,0.5333333333333333,56.25
16371.0,449,1,157.2,449,157.2,108,11,0.06681514476614699,449.0
16372.0,33,5,1328.61,607,265.722,748,271,0.2471169686985173,121.4
16373.0,382,2,309.49,411,154.745,119,25,0.14598540145985403,205.5
16374.0,66,5,1771.45,588,354.29,800,276,0.25510204081632654,117.6
16375.0,470,2,104.0,470,52.0,74,11,0.1276595744680851,235.0
16376.0,9,2,987.01,17,493.505,694,104,3.5294117647058822,8.5
16377.0,267,2,1308.48,618,654.24,2928,6,0.0970873786407767,309.0
16378.0,247,3,362.95,311,120.98333333333333,267,22,0.28938906752411575,103.66666666666667
16379.0,4,4,2157.4,79,539.35,1410,87,1.5189873417721518,19.75
16380.0,61,1,1780.59,61,1780.59,1524,28,0.49180327868852464,61.0
16381.0,396,2,258.7,418,129.35,112,60,0.14354066985645933,209.0
16382.0,408,2,353.1,551,176.55,167,42,0.1088929219600726,275.5
16383.0,75,7,2974.84,673,424.9771428571429,1620,239,0.31203566121842496,96.14285714285714
16384.0,90,4,1358.95,590,339.7375,861,80,0.20338983050847456,147.5
16385.0,60,5,1030.61,632,206.12199999999999,549,94,0.23734177215189875,126.4
16386.0,29,3,1102.59,388,367.53,723,127,0.23195876288659795,129.33333333333334
16387.0,323,5,918.55,639,183.70999999999998,457,68,0.2347417840375587,127.8
16388.0,654,1,186.05,654,186.05,83,13,0.045871559633027525,654.0
16389.0,53,4,1382.07,283,345.5175,1242,33,0.42402826855123676,70.75
16390.0,537,3,467.5,679,155.83333333333334,122,16,0.1325478645066274,226.33333333333334
16391.0,401,4,1103.61,562,275.9025,748,261,0.21352313167259784,140.5
16392.0,270,3,763.05,562,254.35,609,125,0.1601423487544484,187.33333333333334
16393.0,2,23,5561.66,739,241.81130434782608,3132,313,0.9336941813261164,32.130434782608695
16394.0,57,5,1555.34,290,311.068,2604,61,0.5172413793103449,58.0
16395.0,61,14,3537.85,734,252.70357142857142,2919,416,0.5722070844686649,52.42857142857143
16396.0,476,1,137.8,476,137.8,80,8,0.06302521008403361,476.0
16397.0,628,1,127.88,628,127.88,50,9,0.04777070063694268,628.0
16398.0,154,2,1705.8,254,852.9,758,75,0.23622047244094488,127.0
16399.0,19,3,641.82,389,213.94000000000003,456,97,0.23136246786632392,129.66666666666666
16400.0,95,9,3159.44,732,351.0488888888889,2159,214,0.3688524590163934,81.33333333333333
16401.0,1,23,6849.15,555,297.7891304347826,6035,110,1.2432432432432432,24.130434782608695
16402.0,265,2,511.4,369,255.7,254,55,0.16260162601626016,184.5
16403.0,312,1,177.5,312,177.5,114,10,0.09615384615384615,312.0
16404.0,70,1,443.05,70,443.05,157,23,0.42857142857142855,70.0
16405.0,302,2,167.25,310,83.625,187,3,0.1935483870967742,155.0
16406.0,19,3,552.68,654,184.22666666666666,271,135,0.13761467889908258,218.0
16407.0,13,14,2821.65,432,201.54642857142858,1484,120,0.9722222222222222,30.857142857142858
16408.0,591,1,231.93,591,231.93,227,45,0.050761421319796954,591.0
16409.0,36,12,5709.04,726,475.75333333333333,3706,335,0.49586776859504134,60.5
16410.0,734,1,130.32,734,130.32,348,5,0.04087193460490463,734.0
16411.0,19,4,910.1899999999999,428,227.54749999999999,543,139,0.2803738317757009,107.0
16412.0,54,5,647.23,673,129.446,311,84,0.22288261515601782,134.6
16413.0,57,2,528.98,376,264.49,284,55,0.1595744680851064,188.0
16414.0,22,5,559.71,695,111.94200000000001,202,58,0.21582733812949642,139.0
16415.0,44,3,719.44,677,239.81333333333336,527,120,0.1329394387001477,225.66666666666666
16416.0,27,9,2972.88,655,330.32,2210,146,0.41221374045801523,72.77777777777777
16417.0,493,1,35.7,493,35.7,6,1,0.060851926977687626,493.0
16418.0,45,5,1101.94,423,220.388,580,121,0.3546099290780142,84.6
16419.0,113,8,1487.42,668,185.9275,721,62,0.3592814371257485,83.5
16420.0,396,1,75.0,396,75.0,120,2,0.07575757575757576,396.0
16421.0,376,3,526.27,470,175.42333333333332,123,35,0.19148936170212766,156.66666666666666
16422.0,17,109,63651.47,697,583.9584403669725,66369,111,4.691535150645624,6.394495412844036
16423.0,25,1,346.12,25,346.12,230,18,1.2,25.0
16424.0,191,2,443.06,383,221.53,212,10,0.1566579634464752,191.5
16425.0,302,1,302.7,302,302.7,199,21,0.09933774834437085,302.0
16426.0,2,10,1908.25,276,190.825,1243,211,1.0869565217391304,27.6
16427.0,263,2,241.06,284,120.53,156,8,0.2112676056338028,142.0
16428.0,414,3,660.28,498,220.09333333333333,595,121,0.18072289156626506,166.0
16429.0,106,1,284.55,106,284.55,9,2,0.2830188679245283,106.0
16430.0,57,7,1117.94,682,159.7057142857143,307,19,0.30791788856304986,97.42857142857143
16431.0,213,3,642.81,297,214.26999999999998,453,51,0.30303030303030304,99.0
16432.0,64,1,287.4,64,287.4,276,8,0.46875,64.0
16433.0,28,2,384.52,409,192.26,214,33,0.1466992665036675,204.5
16434.0,29,12,2741.74,691,228.47833333333332,1338,126,0.5209840810419682,57.583333333333336
16435.0,512,3,1011.5699999999999,514,337.19,609,119,0.17509727626459143,171.33333333333334
16436.0,668,3,329.34,733,109.77999999999999,239,37,0.12278308321964529,244.33333333333334
16437.0,381,2,301.25,430,150.625,197,17,0.13953488372093023,215.0
16438.0,6,5,798.35,82,159.67000000000002,463,74,1.8292682926829267,16.4
16439.0,722,1,310.70000000000005,722,310.70000000000005,74,9,0.04155124653739612,722.0
16440.0,8,6,3856.9700000000003,494,642.8283333333334,2108,202,0.3643724696356275,82.33333333333333
16441.0,67,5,1034.43,627,206.88600000000002,484,67,0.23923444976076552,125.4
16442.0,2,5,899.47,727,179.894,583,226,0.2063273727647868,145.4
16443.0,521,1,162.24,521,162.24,96,1,0.05758157389635316,521.0
16444.0,46,17,3656.58,625,215.0929411764706,1959,217,0.816,36.76470588235294
16445.0,34,4,602.73,412,150.6825,299,143,0.2912621359223301,103.0
16446.0,1,2,168472.5,206,84236.25,80997,3,0.2912621359223301,103.0
16447.0,136,3,775.14,660,258.38,323,59,0.13636363636363635,220.0
16448.0,198,2,367.87,471,183.935,179,45,0.12738853503184713,235.5
16449.0,198,2,707.69,281,353.845,367,40,0.21352313167259784,140.5
16450.0,150,3,1505.73,656,501.91,681,36,0.1371951219512195,218.66666666666666
16451.0,88,3,1013.15,735,337.71666666666664,524,61,0.12244897959183675,245.0
16452.0,631,2,332.17,694,166.085,199,14,0.08645533141210374,347.0
16453.0,531,2,251.71,548,125.855,139,15,0.1094890510948905,274.0
16454.0,45,4,30.950000000000003,611,7.737500000000001,9,4,0.19639934533551556,152.75
16455.0,64,11,4384.37,620,398.5790909090909,3103,111,0.532258064516129,56.36363636363637
16456.0,99,13,6862.91,621,527.9161538461539,3725,226,0.6280193236714976,47.76923076923077
16457.0,218,1,208.36,218,208.36,140,9,0.13761467889908258,218.0
16458.0,3,30,5715.34,562,190.51133333333334,3406,91,1.601423487544484,18.733333333333334
16459.0,730,1,71.78999999999999,730,71.78999999999999,59,5,0.0410958904109589,730.0
16460.0,28,3,814.72,82,271.5733333333333,879,128,1.097560975609756,27.333333333333332
16461.0,178,3,1615.22,646,538.4066666666666,1039,223,0.1393188854489164,215.33333333333334
16462.0,74,3,136.0,284,45.333333333333336,16,1,0.31690140845070425,94.66666666666667
16463.0,21,4,1422.4,204,355.6,1163,74,0.5882352941176471,51.0
16464.0,20,3,1314.68,142,438.2266666666667,963,152,0.6338028169014085,47.333333333333336
16465.0,421,2,746.24,445,373.12,504,45,0.13483146067415733,222.5
16466.0,34,15,3838.59,642,255.906,1806,207,0.7009345794392523,42.8
16467.0,509,7,2869.16,738,409.88,7384,14,0.2845528455284553,105.42857142857143
16468.0,74,3,787.52,481,262.50666666666666,371,38,0.18711018711018712,160.33333333333334
16469.0,24,5,828.91,514,165.78199999999998,345,167,0.2918287937743191,102.8
16470.0,52,11,2458.6,729,223.5090909090909,1357,286,0.45267489711934156,66.27272727272727
16471.0,275,4,1189.98,653,297.495,670,48,0.18376722817764166,163.25
16472.0,434,2,789.6,598,394.8,252,39,0.10033444816053512,299.0
16473.0,165,4,470.83,374,117.7075,296,26,0.32085561497326204,93.5
16474.0,7,7,1871.5,145,267.35714285714283,943,237,1.4482758620689655,20.714285714285715
16475.0,88,4,544.3,274,136.075,319,23,0.437956204379562,68.5
16476.0,432,1,350.35,432,350.35,187,24,0.06944444444444445,432.0
16477.0,64,11,4320.02,485,392.7290909090909,2632,177,0.6804123711340206,44.09090909090909
16478.0,25,3,331.0,66,110.33333333333333,224,15,1.3636363636363638,22.0
16479.0,10,2,300.83,10,150.415,102,35,6.0,5.0
16480.0,76,1,769.29,76,769.29,455,51,0.39473684210526316,76.0
16481.0,682,1,453.38,682,453.38,201,16,0.04398826979472141,682.0
16482.0,16,1,220.62,16,220.62,346,18,1.875,16.0
16483.0,192,1,139.35,192,139.35,44,19,0.15625,192.0
16484.0,174,2,404.3,191,202.15,200,25,0.31413612565445026,95.5
16485.0,77,5,2294.68,734,458.936,1154,126,0.20435967302452315,146.8
16486.0,538,1,134.36,538,134.36,24,7,0.055762081784386616,538.0
16487.0,577,2,209.4,659,104.7,163,28,0.09104704097116845,329.5
16488.0,33,3,498.8,149,166.26666666666668,728,28,0.6040268456375839,49.666666666666664
16489.0,380,2,303.7,436,151.85,38,4,0.13761467889908258,218.0
16490.0,436,1,205.41000000000003,436,205.41000000000003,113,13,0.06880733944954129,436.0
16491.0,47,2,1533.16,413,766.58,1060,86,0.14527845036319614,206.5
16492.0,541,1,385.56,541,385.56,235,23,0.05545286506469501,541.0
16493.0,80,7,2132.09,623,304.5842857142857,1988,77,0.33707865168539325,89.0
16494.0,297,1,826.53,297,826.53,675,47,0.10101010101010101,297.0
16495.0,3,3,684.41,276,228.13666666666666,337,78,0.32608695652173914,92.0
16496.0,9,6,2330.77,509,388.46166666666664,1764,120,0.35363457760314343,84.83333333333333
16497.0,50,23,6695.28,736,291.0991304347826,3050,239,0.9375,32.0
16498.0,161,2,100.97,162,50.485,45,15,0.37037037037037035,81.0
16499.0,360,8,2578.34,547,322.2925,1364,104,0.43875685557586835,68.375
16500.0,5,9,843.9100000000001,543,93.76777777777778,386,24,0.49723756906077343,60.333333333333336
16501.0,383,1,1237.23,383,1237.23,642,181,0.0783289817232376,383.0
16502.0,620,2,266.5,620,133.25,251,41,0.0967741935483871,310.0
16503.0,107,11,3614.34,536,328.5763636363636,1535,161,0.6156716417910448,48.72727272727273
16504.0,25,1,484.38,25,484.38,524,76,1.2,25.0
16505.0,32,1,777.6,32,777.6,576,4,0.9375,32.0
16506.0,20,2,90.30000000000001,40,45.150000000000006,42,3,1.5,20.0
16507.0,572,1,152.76,572,152.76,116,37,0.05244755244755245,572.0
16508.0,630,1,248.8,630,248.8,106,42,0.047619047619047616,630.0
16509.0,297,1,363.7,297,363.7,64,13,0.10101010101010101,297.0
16510.0,372,6,2100.0,692,350.0,1076,94,0.26011560693641617,115.33333333333333
16511.0,22,6,1819.02,649,303.17,787,235,0.27734976887519264,108.16666666666667
16513.0,5,4,874.59,43,218.6475,407,33,2.7906976744186047,10.75
16515.0,52,10,3216.3,541,321.63,1601,184,0.5545286506469501,54.1
16516.0,30,1,101.69999999999999,30,101.69999999999999,58,6,1.0,30.0
16517.0,277,1,162.7,277,162.7,96,17,0.10830324909747292,277.0
16518.0,61,4,959.37,556,239.8425,524,61,0.21582733812949642,139.0
16519.0,25,4,556.26,648,139.065,176,32,0.18518518518518517,162.0
16520.0,186,6,2482.62,647,413.77,1266,251,0.2782071097372488,107.83333333333333
16521.0,415,3,1148.01,648,382.67,1016,212,0.1388888888888889,216.0
16522.0,436,2,433.36,450,216.68,212,16,0.13333333333333333,225.0
16523.0,2,28,11916.33,684,425.5832142857143,4979,180,1.2280701754385963,24.428571428571427
16524.0,446,2,308.14,691,154.07,260,50,0.08683068017366136,345.5
16525.0,2,48,24582.64,737,512.1383333333333,14630,115,1.953867028493894,15.354166666666666
16526.0,172,2,717.21,584,358.605,279,30,0.10273972602739725,292.0
16527.0,81,2,1272.44,424,636.22,726,66,0.14150943396226415,212.0
16528.0,4,1,244.41,4,244.41,171,17,7.5,4.0
16529.0,190,4,2012.0,530,503.0,751,87,0.22641509433962265,132.5
16530.0,668,1,48.349999999999994,668,48.349999999999994,17,3,0.04491017964071856,668.0
16531.0,22,11,2298.33,442,208.9390909090909,1863,109,0.7466063348416289,40.18181818181818
16532.0,18,5,8756.64,621,1751.328,2544,2,0.24154589371980675,124.2
16533.0,19,3,1095.56,68,365.18666666666667,612,112,1.323529411764706,22.666666666666668
16534.0,642,1,635.9,642,635.9,168,36,0.04672897196261682,642.0
16535.0,5,3,1001.59,680,333.86333333333334,685,67,0.1323529411764706,226.66666666666666
16536.0,110,1,548.97,110,548.97,251,49,0.2727272727272727,110.0
16537.0,641,1,23.35,641,23.35,59,3,0.046801872074883,641.0
16538.0,541,3,399.62,595,133.20666666666668,257,35,0.1512605042016807,198.33333333333334
16539.0,3,10,3732.01,532,373.201,1315,83,0.5639097744360901,53.2
16540.0,414,1,226.70000000000002,414,226.70000000000002,114,25,0.07246376811594203,414.0
16541.0,735,1,424.03,735,424.03,173,38,0.04081632653061224,735.0
16542.0,54,2,257.32,401,128.66,142,13,0.14962593516209477,200.5
16543.0,592,1,292.21,592,292.21,317,18,0.05067567567567568,592.0
16544.0,520,4,376.70000000000005,662,94.17500000000001,150,8,0.18126888217522658,165.5
16545.0,165,2,689.82,376,344.91,322,6,0.1595744680851064,188.0
16546.0,291,5,5606.47,442,1121.294,4367,75,0.3393665158371041,88.4
16547.0,546,1,111.71,546,111.71,113,25,0.054945054945054944,546.0
16548.0,599,1,30.15,599,30.15,6,6,0.05008347245409015,599.0
16549.0,10,34,13182.19,621,387.71147058823533,7278,836,1.642512077294686,18.264705882352942
16550.0,109,18,9435.13,738,524.1738888888889,5727,274,0.7317073170731707,41.0
16551.0,96,7,2237.12,726,319.5885714285714,2076,67,0.2892561983471075,103.71428571428571
16552.0,243,2,475.02000000000004,374,237.51000000000002,258,17,0.16042780748663102,187.0
16553.0,163,33,16644.01,666,504.36393939393935,16475,195,1.4864864864864864,20.181818181818183
16554.0,42,8,2841.72,725,355.215,1346,108,0.3310344827586207,90.625
16555.0,35,6,1915.68,505,319.28000000000003,1816,59,0.3564356435643564,84.16666666666667
16556.0,67,17,8012.58,733,471.32823529411763,4353,280,0.6957708049113233,43.11764705882353
16557.0,24,2,281.85,137,140.925,111,11,0.437956204379562,68.5
16558.0,1,38,13873.51,736,365.09236842105264,8088,383,1.548913043478261,19.36842105263158
16559.0,397,1,185.20000000000002,397,185.20000000000002,73,17,0.07556675062972291,397.0
16560.0,27,8,3048.38,732,381.0475,1603,140,0.32786885245901637,91.5
16561.0,6,2,511.12,60,255.56,244,29,1.0,30.0
16562.0,477,1,223.85999999999999,477,223.85999999999999,264,34,0.06289308176100629,477.0
16563.0,54,6,4422.76,738,737.1266666666667,2596,55,0.24390243902439027,123.0
16564.0,569,1,87.8,569,87.8,40,5,0.05272407732864674,569.0
16565.0,364,4,773.05,556,193.2625,211,7,0.21582733812949642,139.0
16566.0,15,5,614.66,293,122.93199999999999,362,14,0.5119453924914676,58.6
16567.0,194,2,865.6,337,432.8,996,34,0.17804154302670624,168.5
16568.0,428,2,1020.9000000000001,641,510.45000000000005,366,5,0.093603744149766,320.5
16569.0,3,5,1455.23,723,291.046,988,27,0.20746887966804978,144.6
16570.0,15,20,7434.31,620,371.7155,4292,114,0.967741935483871,31.0
16571.0,27,10,4248.74,632,424.87399999999997,3703,151,0.4746835443037975,63.2
16572.0,127,3,1009.6,276,336.53333333333336,532,40,0.32608695652173914,92.0
16573.0,85,2,663.61,290,331.805,360,40,0.20689655172413793,145.0
16574.0,71,3,1301.78,659,433.9266666666667,1002,86,0.13657056145675267,219.66666666666666
16576.0,420,2,540.87,522,270.435,323,32,0.11494252873563218,261.0
16577.0,667,1,380.0,667,380.0,142,23,0.04497751124437781,667.0
16578.0,626,1,156.6,626,156.6,108,9,0.04792332268370607,626.0
16579.0,426,1,295.05,426,295.05,119,14,0.07042253521126761,426.0
16581.0,183,1,105.84,183,105.84,134,9,0.16393442622950818,183.0
16582.0,113,1,313.62,113,313.62,164,6,0.2654867256637168,113.0
16583.0,374,2,531.4,674,265.7,264,18,0.08902077151335312,337.0
16584.0,80,5,3163.67,662,632.734,1919,61,0.22658610271903323,132.4
16585.0,594,2,341.59,695,170.795,151,16,0.08633093525179857,347.5
16586.0,249,3,1462.78,636,487.5933333333333,348,27,0.14150943396226415,212.0
16587.0,232,1,225.15,232,225.15,71,13,0.12931034482758622,232.0
16588.0,386,4,1361.28,574,340.32,882,64,0.20905923344947736,143.5
16589.0,71,4,612.36,450,153.09,536,39,0.26666666666666666,112.5
16590.0,401,2,605.9,415,302.95,240,26,0.14457831325301207,207.5
16591.0,69,1,213.5,69,213.5,41,10,0.43478260869565216,69.0
16592.0,4,28,7807.91,721,278.8539285714286,5504,221,1.1650485436893203,25.75
16593.0,51,8,1071.1399999999999,735,133.89249999999998,377,57,0.32653061224489793,91.875
16594.0,75,1,181.09,75,181.09,64,53,0.4,75.0
16595.0,61,5,1810.18,692,362.036,1378,337,0.21676300578034682,138.4
16596.0,16,4,579.63,729,144.9075,227,23,0.1646090534979424,182.25
16597.0,4,1,90.04,4,90.04,184,7,7.5,4.0
16598.0,286,1,145.04999999999998,286,145.04999999999998,73,10,0.1048951048951049,286.0
16599.0,386,1,172.8,386,172.8,159,12,0.07772020725388601,386.0
16600.0,4,13,2153.41,721,165.64692307692306,2420,106,0.5409153952843273,55.46153846153846
16601.0,41,3,684.25,623,228.08333333333334,395,60,0.14446227929373995,207.66666666666666
16602.0,36,2,763.33,389,381.665,429,37,0.15424164524421594,194.5
16603.0,75,2,482.47,91,241.235,480,34,0.6593406593406594,45.5
16604.0,563,2,432.45,568,216.225,175,10,0.1056338028169014,284.0
16605.0,724,1,60.48,724,60.48,144,1,0.04143646408839779,724.0
16606.0,404,2,357.66,434,178.83,148,16,0.1382488479262673,217.0
16607.0,18,25,5706.87,589,228.2748,4436,212,1.2733446519524618,23.56
16608.0,454,2,1288.72,664,644.36,613,94,0.09036144578313253,332.0
16609.0,15,7,5493.46,253,784.78,2420,155,0.8300395256916996,36.142857142857146
16610.0,219,1,75.66,219,75.66,66,6,0.136986301369863,219.0
16611.0,186,6,1785.13,639,297.5216666666667,874,86,0.28169014084507044,106.5
16612.0,33,9,3245.43,736,360.6033333333333,1419,105,0.36684782608695654,81.77777777777777
16613.0,70,1,618.59,70,618.59,293,30,0.42857142857142855,70.0
16614.0,183,3,1179.79,578,393.2633333333333,349,37,0.15570934256055363,192.66666666666666
16615.0,626,1,291.5,626,291.5,211,19,0.04792332268370607,626.0
16616.0,15,2,500.42,157,250.21,370,31,0.3821656050955414,78.5
16617.0,236,1,151.85,236,151.85,91,5,0.1271186440677966,236.0
16618.0,31,5,2647.59,323,529.518,1363,79,0.46439628482972134,64.6
16619.0,264,4,1938.33,656,484.5825,1055,103,0.18292682926829268,164.0
16620.0,4,6,1758.93,738,293.15500000000003,1146,78,0.24390243902439027,123.0
16621.0,52,4,813.48,278,203.37,302,22,0.43165467625899284,69.5
16622.0,544,1,225.4,544,225.4,44,12,0.05514705882352941,544.0
16623.0,246,4,1015.24,592,253.81,442,44,0.20270270270270271,148.0
16624.0,81,2,810.5699999999999,197,405.28499999999997,488,44,0.3045685279187817,98.5
16625.0,275,5,1654.03,544,330.806,1057,82,0.2757352941176471,108.8
16626.0,1,17,4413.1,267,259.59411764705885,2690,86,1.9101123595505618,15.705882352941176
16627.0,79,1,322.8,79,322.8,162,20,0.37974683544303794,79.0
16628.0,30,7,2318.1,642,331.15714285714284,1260,84,0.32710280373831774,91.71428571428571
16629.0,74,2,417.73,96,208.865,493,58,0.625,48.0
16630.0,407,1,106.80000000000001,407,106.80000000000001,72,4,0.07371007371007371,407.0
16631.0,482,7,1892.52,652,270.36,775,46,0.3220858895705522,93.14285714285714
16632.0,486,2,406.4,581,203.2,256,22,0.10327022375215146,290.5
16633.0,17,6,2883.1,234,480.51666666666665,1138,115,0.7692307692307692,39.0
16634.0,223,6,1814.61,688,302.435,1321,72,0.2616279069767442,114.66666666666667
16635.0,407,1,473.0,407,473.0,277,25,0.07371007371007371,407.0
16636.0,438,4,3802.04,646,950.51,2186,62,0.18575851393188855,161.5
16637.0,32,4,1154.47,226,288.6175,927,66,0.5309734513274336,56.5
16638.0,23,15,2430.53,478,162.03533333333334,1651,130,0.9414225941422594,31.866666666666667
16639.0,31,4,1747.98,409,436.995,751,76,0.293398533007335,102.25
16640.0,398,1,179.4,398,179.4,146,13,0.07537688442211056,398.0
16641.0,106,2,554.5,702,277.25,454,36,0.08547008547008547,351.0
16642.0,5,3,1077.45,415,359.15000000000003,775,50,0.21686746987951808,138.33333333333334
16643.0,246,2,923.11,423,461.555,553,48,0.14184397163120566,211.5
16644.0,178,2,833.78,212,416.89,826,62,0.2830188679245283,106.0
16645.0,736,1,160.39,736,160.39,117,14,0.04076086956521739,736.0
16646.0,449,1,678.8,449,678.8,1072,29,0.06681514476614699,449.0
16647.0,170,4,541.9,544,135.475,396,28,0.22058823529411764,136.0
16648.0,43,3,672.8,590,224.26666666666665,503,37,0.15254237288135591,196.66666666666666
16649.0,520,1,306.58000000000004,520,306.58000000000004,82,20,0.057692307692307696,520.0
16650.0,72,7,1916.11,519,273.72999999999996,1511,71,0.40462427745664736,74.14285714285714
16651.0,587,1,136.2,587,136.2,60,6,0.05110732538330494,587.0
16652.0,59,16,17550.39,633,1096.899375,7477,124,0.7582938388625592,39.5625
16653.0,16,2,1212.66,71,606.33,733,67,0.8450704225352113,35.5
16654.0,141,8,1711.47,612,213.93375,703,64,0.39215686274509803,76.5
16655.0,18,13,6548.37,677,503.72076923076924,4013,408,0.5760709010339734,52.07692307692308
16656.0,22,30,16833.170000000002,735,561.1056666666667,15433,22,1.2244897959183672,24.5
16657.0,10,4,933.62,255,233.405,1229,158,0.47058823529411764,63.75
16658.0,368,6,814.07,619,135.67833333333334,317,49,0.29079159935379645,103.16666666666667
16659.0,189,1,39.12,189,39.12,72,2,0.15873015873015872,189.0
16660.0,16,7,1879.55,695,268.50714285714287,991,20,0.3021582733812949,99.28571428571429
16661.0,540,4,986.63,722,246.6575,385,50,0.16620498614958448,180.5
16662.0,394,1,163.8,394,163.8,36,28,0.07614213197969542,394.0
16663.0,729,1,165.0,729,165.0,100,1,0.0411522633744856,729.0
16664.0,569,1,109.2,569,109.2,24,8,0.05272407732864674,569.0
16665.0,362,1,135.39999999999998,362,135.39999999999998,59,9,0.08287292817679558,362.0
16666.0,19,2,225.94,621,112.97,367,42,0.0966183574879227,310.5
16667.0,68,2,570.13,284,285.065,237,52,0.2112676056338028,142.0
16668.0,15,13,862.42,631,66.34,773,28,0.618066561014263,48.53846153846154
16669.0,24,3,1374.8700000000001,78,458.29,888,141,1.153846153846154,26.0
16670.0,17,20,8030.150000000001,729,401.50750000000005,4534,258,0.8230452674897119,36.45
16671.0,28,3,1692.27,165,564.09,875,3,0.5454545454545454,55.0
16672.0,2,20,8134.9400000000005,267,406.747,2832,22,2.247191011235955,13.35
16673.0,679,1,188.83,679,188.83,101,19,0.04418262150220913,679.0
16674.0,55,2,319.61,98,159.805,188,89,0.6122448979591836,49.0
16675.0,442,2,608.86,478,304.43,296,21,0.12552301255230125,239.0
16676.0,34,6,2361.9,418,393.65000000000003,927,106,0.430622009569378,69.66666666666667
16677.0,411,2,880.62,652,440.31,457,45,0.09202453987730061,326.0
16678.0,3,12,3109.99,283,259.1658333333333,2397,92,1.2720848056537104,23.583333333333332
16679.0,366,3,793.06,547,264.3533333333333,276,15,0.16453382084095064,182.33333333333334
16680.0,43,3,821.45,535,273.81666666666666,377,24,0.16822429906542055,178.33333333333334
16681.0,73,7,1921.84,641,274.5485714285714,1492,22,0.32761310452418096,91.57142857142857
16682.0,5,5,1028.0,188,205.6,1040,15,0.7978723404255319,37.6
16683.0,534,1,320.25,534,320.25,190,18,0.056179775280898875,534.0
16684.0,4,55,147142.77,732,2675.3230909090908,104810,184,2.2540983606557377,13.309090909090909
16685.0,61,2,324.24,61,162.12,396,60,0.9836065573770493,30.5
16686.0,47,16,5070.92,733,316.9325,3510,549,0.654843110504775,45.8125
16687.0,391,1,157.63,391,157.63,141,8,0.07672634271099744,391.0
16688.0,1,4,1260.86,61,315.215,804,52,1.9672131147540985,15.25
16689.0,76,2,422.59999999999997,82,211.29999999999998,330,12,0.7317073170731707,41.0
16690.0,72,4,353.03,451,88.2575,209,12,0.2660753880266075,112.75
16691.0,418,2,178.83,561,89.415,92,11,0.10695187165775401,280.5
16692.0,256,4,1914.6999999999998,442,478.67499999999995,878,3,0.2714932126696833,110.5
16693.0,69,5,1199.46,657,239.892,688,149,0.228310502283105,131.4
16694.0,723,1,98.30000000000001,723,98.30000000000001,26,3,0.041493775933609964,723.0
16695.0,562,2,193.15,562,96.575,185,30,0.10676156583629892,281.0
16696.0,135,4,657.9000000000001,248,164.47500000000002,146,7,0.4838709677419355,62.0
16697.0,241,1,112.75,241,112.75,27,20,0.12448132780082988,241.0
16698.0,227,2,1998.0,253,999.0,840,4,0.23715415019762845,126.5
16699.0,380,7,994.6,735,142.0857142857143,640,51,0.28571428571428575,105.0
16700.0,9,25,9167.710000000001,738,366.70840000000004,6882,263,1.0162601626016259,29.52
16701.0,9,26,9916.73,738,381.4126923076923,11046,154,1.056910569105691,28.384615384615383
16702.0,415,4,1110.83,732,277.7075,692,84,0.16393442622950818,183.0
16704.0,618,2,695.66,672,347.83,455,50,0.08928571428571427,336.0
16705.0,1,42,43515.051,730,1036.072642857143,22302,400,1.726027397260274,17.38095238095238
16706.0,37,3,531.35,114,177.11666666666667,249,108,0.7894736842105263,38.0
16707.0,400,4,551.11,640,137.7775,402,64,0.1875,160.0
16708.0,46,1,656.63,46,656.63,285,27,0.6521739130434783,46.0
16709.0,85,14,9087.460000000001,730,649.1042857142858,3276,220,0.5753424657534247,52.142857142857146
16710.0,19,22,6349.09,735,288.595,4399,541,0.8979591836734694,33.40909090909091
16711.0,3,9,2868.48,737,318.72,1212,26,0.36635006784260515,81.88888888888889
16712.0,9,13,4266.99,401,328.22999999999996,2093,301,0.972568578553616,30.846153846153847
16713.0,19,32,14560.69,725,455.0215625,8683,541,1.3241379310344827,22.65625
16714.0,219,4,1529.8,671,382.45,849,95,0.17883755588673622,167.75
16715.0,78,2,625.52,563,312.76,1174,27,0.10657193605683837,281.5
16716.0,267,3,2149.6800000000003,631,716.5600000000001,912,7,0.14263074484944532,210.33333333333334
16717.0,24,14,6986.2300000000005,732,499.0164285714286,3226,274,0.5737704918032787,52.285714285714285
16718.0,369,5,3647.53,733,729.5060000000001,2343,123,0.20463847203274216,146.6
16719.0,15,14,3973.3,727,283.8071428571429,2536,204,0.5777166437414031,51.92857142857143
16720.0,26,3,795.48,722,265.16,479,130,0.12465373961218837,240.66666666666666
16721.0,262,1,292.47,262,292.47,172,37,0.11450381679389313,262.0
16722.0,17,22,8989.08,736,408.5945454545454,8580,145,0.8967391304347826,33.45454545454545
16723.0,91,4,1301.63,735,325.4075,1002,108,0.16326530612244897,183.75
16724.0,405,1,147.35,405,147.35,69,17,0.07407407407407407,405.0
16725.0,302,14,1882.11,726,134.43642857142856,784,242,0.578512396694215,51.857142857142854
16726.0,26,7,2088.41,411,298.3442857142857,1356,150,0.5109489051094891,58.714285714285715
16727.0,364,4,1437.42,689,359.355,1109,158,0.1741654571843251,172.25
16728.0,46,4,1054.67,264,263.6675,677,218,0.4545454545454546,66.0
16729.0,38,21,7239.92,241,344.7580952380952,5783,234,2.6141078838174274,11.476190476190476
16730.0,52,3,743.11,319,247.70333333333335,994,75,0.2821316614420063,106.33333333333333
16731.0,648,1,174.05,648,174.05,127,40,0.046296296296296294,648.0
16732.0,32,4,4387.64,731,1096.91,2414,199,0.16415868673050615,182.75
16733.0,530,1,259.68,530,259.68,112,12,0.05660377358490566,530.0
16734.0,52,3,650.51,114,216.83666666666667,346,44,0.7894736842105263,38.0
16735.0,79,14,6270.56,732,447.8971428571429,4281,178,0.5737704918032787,52.285714285714285
16736.0,506,5,2956.56,736,591.312,1050,116,0.20380434782608695,147.2
16737.0,53,2,835.1999999999999,578,417.59999999999997,576,1,0.10380622837370243,289.0
16738.0,298,1,3.75,298,3.75,3,1,0.10067114093959731,298.0
16739.0,177,2,786.43,537,393.215,391,33,0.11173184357541899,268.5
16740.0,395,1,236.81,395,236.81,116,30,0.0759493670886076,395.0
16741.0,625,1,173.06,625,173.06,81,11,0.048,625.0
16742.0,47,14,2852.6099999999997,723,203.75785714285712,2600,51,0.5809128630705395,51.642857142857146
16743.0,29,14,4253.26,596,303.80428571428575,3738,118,0.7046979865771812,42.57142857142857
16744.0,11,7,1304.76,173,186.3942857142857,805,198,1.2138728323699421,24.714285714285715
16745.0,87,17,7194.3,312,423.1941176470588,6735,148,1.6346153846153846,18.352941176470587
16746.0,5,42,18066.4,735,430.152380952381,11906,390,1.7142857142857142,17.5
16747.0,38,2,836.06,68,418.03,583,34,0.8823529411764706,34.0
16748.0,18,14,3637.33,730,259.8092857142857,2127,55,0.5753424657534247,52.142857142857146
16749.0,591,2,4387.08,724,2193.54,2078,53,0.08287292817679558,362.0
16750.0,45,5,623.93,232,124.78599999999999,214,74,0.646551724137931,46.4
16751.0,31,1,1764.72,31,1764.72,1031,24,0.967741935483871,31.0
16752.0,373,1,415.0,373,415.0,108,9,0.08042895442359249,373.0
16753.0,58,1,223.92000000000002,58,223.92000000000002,189,34,0.5172413793103449,58.0
16754.0,372,29,67502.47,642,2327.671379310345,67831,38,1.355140186915888,22.137931034482758
16755.0,114,7,2900.58,730,414.36857142857144,1999,219,0.28767123287671237,104.28571428571429
16756.0,215,7,1312.3700000000001,640,187.48142857142858,707,64,0.328125,91.42857142857143
16757.0,319,2,270.48,409,135.24,180,13,0.1466992665036675,204.5
16758.0,65,1,369.34000000000003,65,369.34000000000003,203,22,0.46153846153846156,65.0
16759.0,8,3,789.79,31,263.2633333333333,609,40,2.903225806451613,10.333333333333334
16760.0,430,1,228.0,430,228.0,168,17,0.06976744186046512,430.0
16761.0,97,1,316.62,97,316.62,341,13,0.30927835051546393,97.0
16762.0,20,3,1501.38,144,500.46000000000004,618,51,0.625,48.0
16763.0,199,2,964.6999999999999,738,482.34999999999997,492,44,0.08130081300813008,369.0
16764.0,4,13,2799.25,143,215.32692307692307,1259,209,2.7272727272727275,11.0
16765.0,294,2,454.75,382,227.375,311,52,0.15706806282722513,191.0
16766.0,273,2,1145.6,273,572.8,536,17,0.21978021978021978,136.5
16767.0,31,15,8073.8,590,538.2533333333333,7121,209,0.7627118644067797,39.333333333333336
16768.0,48,9,1708.12,733,189.7911111111111,777,108,0.3683492496589359,81.44444444444444
16769.0,260,4,1141.75,726,285.4375,301,76,0.1652892561983471,181.5
16770.0,58,9,1932.13,474,214.68111111111114,1120,202,0.569620253164557,52.666666666666664
16771.0,33,10,3967.6,731,396.76,2314,303,0.4103967168262654,73.1
16772.0,423,3,3723.5499999999997,722,1241.1833333333332,689,54,0.12465373961218837,240.66666666666666
16773.0,57,3,421.24,733,140.41333333333333,252,53,0.12278308321964529,244.33333333333334
16774.0,68,8,1594.45,661,199.30625,785,89,0.3630862329803328,82.625
16775.0,10,16,3056.89,442,191.055625,1020,132,1.0859728506787332,27.625
16776.0,60,2,619.85,416,309.925,450,105,0.14423076923076925,208.0
16777.0,80,5,1307.76,633,261.552,475,125,0.23696682464454974,126.6
16778.0,74,2,245.94,274,122.97,194,16,0.218978102189781,137.0
16779.0,2,53,33268.24,736,627.7026415094339,19626,293,2.160326086956522,13.88679245283019
16780.0,100,3,605.55,407,201.85,355,73,0.22113022113022113,135.66666666666666
16781.0,372,2,934.25,669,467.125,305,36,0.08968609865470853,334.5
16782.0,10,38,10438.41,731,274.695,4285,575,1.5595075239398084,19.236842105263158
16783.0,437,1,391.95,437,391.95,163,25,0.06864988558352403,437.0
16784.0,20,5,896.53,621,179.30599999999998,496,138,0.24154589371980675,124.2
16785.0,410,1,533.78,410,533.78,313,35,0.07317073170731707,410.0
16786.0,394,1,51.839999999999996,394,51.839999999999996,72,1,0.07614213197969542,394.0
16787.0,398,4,1035.43,699,258.8575,474,102,0.17167381974248927,174.75
16788.0,123,5,1950.3,671,390.06,985,348,0.22354694485842028,134.2
16789.0,8,1,80.8,8,80.8,32,5,3.75,8.0
16790.0,4,6,1545.6200000000001,38,257.60333333333335,898,88,4.7368421052631575,6.333333333333333
16791.0,29,15,4038.69,736,269.246,1874,393,0.6114130434782609,49.06666666666667
16792.0,282,5,623.46,704,124.69200000000001,324,90,0.21306818181818182,140.8
16793.0,57,1,243.84,57,243.84,146,16,0.5263157894736842,57.0
16794.0,1,15,2090.91,624,139.39399999999998,1602,245,0.7211538461538461,41.6
16795.0,365,3,2492.39,683,830.7966666666666,1459,306,0.13177159590043924,227.66666666666666
16796.0,89,1,305.62,89,305.62,186,18,0.33707865168539325,89.0
16797.0,393,5,1827.77,737,365.554,909,289,0.203527815468114,147.4
16798.0,554,3,848.71,729,282.90333333333336,209,141,0.1234567901234568,243.0
16799.0,432,2,495.98,454,247.99,176,81,0.13215859030837004,227.0
16800.0,11,1,1201.49,11,1201.49,540,148,2.7272727272727275,11.0
16801.0,163,4,1619.73,273,404.9325,499,72,0.43956043956043955,68.25
16802.0,679,2,582.61,730,291.305,369,48,0.0821917808219178,365.0
16803.0,65,1,332.3,65,332.3,245,24,0.46153846153846156,65.0
16804.0,23,3,536.99,270,178.99666666666667,246,59,0.33333333333333337,90.0
16805.0,174,5,1097.24,731,219.448,1122,213,0.2051983584131327,146.2
16806.0,103,4,801.49,239,200.3725,378,68,0.502092050209205,59.75
16807.0,143,6,2123.88,623,353.98,1433,107,0.2889245585874799,103.83333333333333
16808.0,99,2,288.42,274,144.21,196,21,0.218978102189781,137.0
16809.0,23,9,1727.43,605,191.93666666666667,1093,113,0.4462809917355372,67.22222222222223
16810.0,192,2,842.0400000000001,420,421.02000000000004,372,34,0.14285714285714288,210.0
16811.0,5,2,547.07,17,273.535,477,26,3.5294117647058822,8.5
16812.0,361,4,2392.0,382,598.0,1116,98,0.31413612565445026,95.5
16813.0,8,10,1692.98,204,169.298,1525,248,1.4705882352941175,20.4
16814.0,14,36,12499.710000000001,608,347.2141666666667,5066,247,1.776315789473684,16.88888888888889
16815.0,454,2,410.97,537,205.485,238,66,0.11173184357541899,268.5
16816.0,103,4,417.06,358,104.265,274,28,0.335195530726257,89.5
16817.0,3,13,2804.9,432,215.76153846153846,1565,107,0.9027777777777777,33.23076923076923
16818.0,11,11,3349.57,206,304.50636363636363,2164,172,1.6019417475728155,18.727272727272727
16819.0,465,2,182.59,465,91.295,253,17,0.12903225806451613,232.5
16820.0,96,1,497.61,96,497.61,307,26,0.3125,96.0
16821.0,382,1,113.35,382,113.35,13,7,0.07853403141361257,382.0
16822.0,686,1,181.39,686,181.39,171,11,0.043731778425655975,686.0
16823.0,227,7,2260.09,738,322.87,1168,149,0.2845528455284553,105.42857142857143
16824.0,16,3,686.24,394,228.74666666666667,390,34,0.2284263959390863,131.33333333333334
16825.0,39,5,1826.89,534,365.37800000000004,1297,48,0.2808988764044944,106.8
16826.0,51,1,341.7,51,341.7,158,22,0.5882352941176471,51.0
16827.0,393,5,392.13,589,78.426,125,10,0.2546689303904924,117.8
16828.0,93,2,128.5,112,64.25,59,8,0.5357142857142857,56.0
16829.0,157,2,513.32,388,256.66,215,25,0.15463917525773196,194.0
16830.0,39,4,1207.5,727,301.875,699,65,0.16506189821182943,181.75
16831.0,565,1,91.8,565,91.8,48,6,0.05309734513274336,565.0
16832.0,184,5,417.61,459,83.522,179,19,0.32679738562091504,91.8
16833.0,1,6,2409.04,623,401.50666666666666,878,87,0.2889245585874799,103.83333333333333
16834.0,228,2,898.96,674,449.48,760,43,0.08902077151335312,337.0
16835.0,128,6,1538.41,570,256.4016666666667,515,58,0.3157894736842105,95.0
16836.0,40,4,782.37,574,195.5925,539,42,0.20905923344947736,143.5
16837.0,31,11,3170.98,246,288.2709090909091,1563,123,1.3414634146341464,22.363636363636363
16838.0,197,4,1159.61,663,289.9025,509,53,0.18099547511312217,165.75
16839.0,9,44,22310.49,666,507.05659090909097,11527,132,1.981981981981982,15.136363636363637
16840.0,603,2,139.85,675,69.925,117,9,0.08888888888888888,337.5
16841.0,37,12,4006.06,697,333.8383333333333,3478,187,0.5164992826398852,58.083333333333336
16842.0,101,3,1264.19,302,421.3966666666667,693,45,0.2980132450331126,100.66666666666667
16843.0,43,35,19571.43,730,559.1837142857142,18502,317,1.4383561643835616,20.857142857142858
16844.0,563,2,614.34,583,307.17,281,26,0.10291595197255575,291.5
16845.0,618,1,253.88,618,253.88,167,20,0.04854368932038835,618.0
16846.0,50,3,842.41,640,280.80333333333334,517,47,0.140625,213.33333333333334
16847.0,43,2,614.89,618,307.445,255,37,0.0970873786407767,309.0
16848.0,53,4,1411.62,433,352.905,780,75,0.27713625866050806,108.25
16849.0,187,1,124.57,187,124.57,33,8,0.16042780748663102,187.0
16850.0,334,1,332.41,334,332.41,249,19,0.08982035928143713,334.0
16851.0,4,3,342.45,52,114.14999999999999,271,17,1.7307692307692308,17.333333333333332
16852.0,10,2,144.91000000000003,176,72.45500000000001,56,9,0.34090909090909094,88.0
16854.0,417,2,1408.96,640,704.48,997,72,0.09375,320.0
16855.0,24,2,328.4,43,164.2,164,19,1.3953488372093024,21.5
16856.0,15,3,358.49,442,119.49666666666667,171,16,0.20361990950226244,147.33333333333334
16857.0,443,1,352.8,443,352.8,168,11,0.06772009029345372,443.0
16858.0,369,10,4668.28,725,466.828,1514,75,0.41379310344827586,72.5
16859.0,145,7,1932.41,646,276.05857142857144,1899,87,0.32507739938080493,92.28571428571429
16860.0,453,3,1610.62,662,536.8733333333333,625,35,0.13595166163141995,220.66666666666666
16861.0,60,5,946.59,509,189.318,616,39,0.29469548133595286,101.8
16862.0,547,4,662.33,701,165.5825,513,34,0.17118402282453637,175.25
16863.0,31,3,998.52,410,332.84,745,43,0.21951219512195122,136.66666666666666
16864.0,434,2,409.25,599,204.625,283,17,0.1001669449081803,299.5
16865.0,402,1,130.95,402,130.95,157,15,0.07462686567164178,402.0
16866.0,141,3,207.73999999999998,162,69.24666666666666,60,10,0.5555555555555556,54.0
16867.0,690,1,76.74000000000001,690,76.74000000000001,58,6,0.043478260869565216,690.0
16868.0,394,3,393.39,594,131.13,116,47,0.15151515151515152,198.0
16869.0,23,4,825.42,175,206.355,585,113,0.6857142857142857,43.75
16870.0,469,1,450.15999999999997,469,450.15999999999997,278,28,0.06396588486140725,469.0
16871.0,22,6,2812.34,271,468.72333333333336,1253,131,0.6642066420664207,45.166666666666664
16872.0,77,6,1213.13,463,202.18833333333336,1079,12,0.38876889848812096,77.16666666666667
16873.0,5,12,14617.39,668,1218.1158333333333,8601,252,0.5389221556886228,55.666666666666664
16874.0,379,1,217.74,379,217.74,81,31,0.07915567282321899,379.0
16875.0,67,11,4234.53,704,384.9572727272727,2099,161,0.46875,64.0
16876.0,404,1,136.01,404,136.01,181,32,0.07425742574257425,404.0
16877.0,12,6,853.72,208,142.28666666666666,463,111,0.8653846153846154,34.666666666666664
16878.0,84,1,13.3,84,13.3,12,3,0.3571428571428571,84.0
16880.0,31,8,1840.86,493,230.1075,911,130,0.486815415821501,61.625
16881.0,67,1,432.0,67,432.0,600,1,0.44776119402985076,67.0
16882.0,67,3,705.12,317,235.04,424,39,0.28391167192429023,105.66666666666667
16883.0,187,19,2396.59,736,126.1363157894737,1080,159,0.7744565217391305,38.73684210526316
16884.0,38,4,1073.92,571,268.48,521,64,0.21015761821366025,142.75
16885.0,15,4,710.74,385,177.685,376,121,0.3116883116883117,96.25
16886.0,456,1,134.0,456,134.0,48,8,0.06578947368421052,456.0
16887.0,35,3,660.72,738,220.24,424,94,0.12195121951219513,246.0
16888.0,401,3,437.15,701,145.71666666666667,147,44,0.12838801711840228,233.66666666666666
16889.0,195,6,2530.9,566,421.81666666666666,1616,163,0.3180212014134276,94.33333333333333
16890.0,477,3,285.41,582,95.13666666666667,243,17,0.15463917525773196,194.0
16891.0,2,11,2056.82,736,186.98363636363638,774,335,0.4483695652173913,66.9090909090909
16892.0,1,7,762.1,731,108.87142857142858,370,119,0.28727770177838574,104.42857142857143
16893.0,367,2,401.77,376,200.885,182,80,0.1595744680851064,188.0
16894.0,502,3,1324.06,535,441.3533333333333,507,186,0.16822429906542055,178.33333333333334
16895.0,65,5,1121.42,666,224.28400000000002,433,135,0.22522522522522523,133.2
16896.0,555,1,103.95,555,103.95,18,18,0.05405405405405406,555.0
16897.0,299,2,289.78,314,144.89,73,37,0.1910828025477707,157.0
16898.0,26,5,1016.37,577,203.274,805,223,0.2599653379549393,115.4
16899.0,8,8,1721.02,397,215.1275,818,101,0.6045340050377833,49.625
16900.0,17,3,887.11,63,295.7033333333333,833,78,1.4285714285714284,21.0
16901.0,729,1,204.26,729,204.26,42,23,0.0411522633744856,729.0
16902.0,116,1,1706.88,116,1706.88,629,43,0.25862068965517243,116.0
16903.0,29,3,1062.28,415,354.0933333333333,747,148,0.21686746987951808,138.33333333333334
16904.0,4,21,5132.37,411,244.39857142857142,2809,484,1.532846715328467,19.571428571428573
16905.0,5,17,5034.15,729,296.1264705882353,2059,171,0.6995884773662552,42.88235294117647
16906.0,82,7,1448.8,575,206.97142857142856,613,180,0.3652173913043478,82.14285714285714
16907.0,29,9,1707.9,526,189.76666666666668,532,109,0.5133079847908746,58.44444444444444
16908.0,722,1,252.59,722,252.59,61,20,0.04155124653739612,722.0
16909.0,72,1,379.14,72,379.14,436,18,0.41666666666666663,72.0
16910.0,4,8,1510.06,91,188.7575,886,318,2.6373626373626378,11.375
16911.0,636,2,255.25,661,127.625,161,30,0.0907715582450832,330.5
16912.0,29,15,4480.31,731,298.68733333333336,1693,130,0.615595075239398,48.733333333333334
16913.0,290,3,423.90999999999997,652,141.3033333333333,229,18,0.13803680981595093,217.33333333333334
16914.0,36,1,208.46,36,208.46,121,25,0.8333333333333333,36.0
16915.0,9,11,1543.18,569,140.2890909090909,190,54,0.5799648506151143,51.72727272727273
16916.0,24,4,1123.4,415,280.85,764,180,0.28915662650602414,103.75
16917.0,277,2,1857.83,632,928.915,793,45,0.09493670886075949,316.0
16918.0,50,16,3213.29,737,200.830625,2069,280,0.6512890094979646,46.0625
16919.0,156,24,5125.91,477,213.57958333333332,2425,230,1.509433962264151,19.875
16920.0,411,1,355.45,411,355.45,81,23,0.07299270072992702,411.0
16921.0,61,3,446.67,600,148.89000000000001,299,78,0.15,200.0
16922.0,573,1,611.08,573,611.08,281,122,0.05235602094240838,573.0
16923.0,12,32,13378.36,678,418.07375,6269,431,1.415929203539823,21.1875
16924.0,21,3,846.75,84,282.25,493,69,1.0714285714285714,28.0
16925.0,540,1,125.65,540,125.65,123,18,0.05555555555555556,540.0
16926.0,371,5,1421.35,526,284.27,237,63,0.28517110266159695,105.2
16927.0,116,3,543.05,362,181.01666666666665,993,5,0.24861878453038672,120.66666666666667
16928.0,80,29,4113.23,675,141.8355172413793,2755,135,1.2888888888888888,23.275862068965516
16929.0,4,7,1295.39,156,185.0557142857143,929,51,1.3461538461538463,22.285714285714285
16930.0,26,3,380.55,68,126.85000000000001,341,47,1.323529411764706,22.666666666666668
16931.0,5,23,5233.62,397,227.5486956521739,3463,466,1.7380352644836272,17.26086956521739
16932.0,53,3,440.71,571,146.90333333333334,229,116,0.1576182136602452,190.33333333333334
16933.0,1,9,3181.25,730,353.47222222222223,1547,213,0.3698630136986301,81.11111111111111
16934.0,55,6,2110.9900000000002,622,351.8316666666667,939,128,0.28938906752411575,103.66666666666667
16935.0,382,3,535.1,421,178.36666666666667,278,55,0.2137767220902613,140.33333333333334
16936.0,26,2,551.17,386,275.585,342,122,0.15544041450777202,193.0
16937.0,499,1,202.1,499,202.1,126,49,0.06012024048096192,499.0
16938.0,9,9,7043.18,660,782.5755555555556,5084,547,0.40909090909090906,73.33333333333333
16939.0,489,3,449.0,649,149.66666666666666,232,38,0.13867488443759632,216.33333333333334
16940.0,52,8,6427.66,731,803.4575,4503,360,0.3283173734610123,91.375
16941.0,612,1,33.0,612,33.0,12,2,0.049019607843137254,612.0
16942.0,13,9,1920.59,228,213.39888888888888,811,159,1.1842105263157894,25.333333333333332
16943.0,212,5,1299.49,624,259.898,147,24,0.24038461538461536,124.8
16944.0,610,1,101.36,610,101.36,27,7,0.04918032786885246,610.0
16945.0,22,33,8548.16,731,259.0351515151515,5889,231,1.3543091655266757,22.151515151515152
16946.0,383,5,1222.04,648,244.408,509,69,0.23148148148148145,129.6
16947.0,236,5,955.21,647,191.042,655,50,0.23183925811437403,129.4
16948.0,139,7,868.77,656,124.11,2091,20,0.3201219512195122,93.71428571428571
16949.0,4,6,1286.27,317,214.37833333333333,791,57,0.5678233438485805,52.833333333333336
16950.0,57,10,3784.37,685,378.437,2492,111,0.437956204379562,68.5
16951.0,135,3,1277.75,304,425.9166666666667,1318,73,0.29605263157894735,101.33333333333333
16952.0,109,5,798.78,728,159.756,344,76,0.20604395604395603,145.6
16953.0,30,1,20.8,30,20.8,10,1,1.0,30.0
16954.0,1,20,6081.88,690,304.094,4086,83,0.8695652173913043,34.5
16955.0,185,6,1309.41,678,218.235,823,33,0.2654867256637168,113.0
16956.0,18,1,308.74,18,308.74,114,16,1.6666666666666665,18.0
16957.0,239,2,416.64,282,208.32,172,15,0.2127659574468085,141.0
16958.0,435,1,809.44,435,809.44,561,69,0.06896551724137931,435.0
16959.0,87,1,117.35000000000001,87,117.35000000000001,49,7,0.3448275862068966,87.0
16960.0,39,8,2043.43,647,255.42875,1515,334,0.37094281298299847,80.875
16961.0,116,3,794.56,532,264.8533333333333,482,52,0.16917293233082706,177.33333333333334
16962.0,410,1,251.04,410,251.04,158,15,0.07317073170731707,410.0
16963.0,187,1,110.55000000000001,187,110.55000000000001,35,7,0.16042780748663102,187.0
16964.0,733,2,207.85,733,103.925,49,6,0.08185538881309687,366.5
16965.0,227,1,201.19,227,201.19,291,26,0.13215859030837004,227.0
16966.0,8,7,2154.97,240,307.8528571428571,1981,8,0.875,34.285714285714285
16967.0,189,1,319.02,189,319.02,333,21,0.15873015873015872,189.0
16968.0,4,2,439.43,108,219.715,326,31,0.5555555555555556,54.0
16969.0,39,3,650.41,192,216.8033333333333,816,42,0.46875,64.0
16970.0,626,1,71.4,626,71.4,12,2,0.04792332268370607,626.0
16971.0,38,1,357.21,38,357.21,72,40,0.7894736842105263,38.0
16972.0,383,2,786.25,457,393.125,190,54,0.13129102844638948,228.5
16973.0,386,1,127.0,386,127.0,60,6,0.07772020725388601,386.0
16974.0,523,2,365.5,565,182.75,70,5,0.10619469026548672,282.5
16975.0,423,3,926.12,506,308.70666666666665,586,44,0.17786561264822134,168.66666666666666
16976.0,267,1,251.51999999999998,267,251.51999999999998,88,2,0.11235955056179775,267.0
16977.0,395,4,496.0,632,124.0,142,25,0.18987341772151897,158.0
16978.0,78,3,768.88,666,256.29333333333335,285,65,0.13513513513513514,222.0
16979.0,4,9,2859.74,450,317.74888888888887,1451,82,0.6,50.0
16980.0,255,3,1473.3300000000002,428,491.11000000000007,1039,91,0.2102803738317757,142.66666666666666
16982.0,61,1,384.06,61,384.06,182,22,0.49180327868852464,61.0
16983.0,13,11,3710.22,447,337.29272727272723,2508,151,0.738255033557047,40.63636363636363
16984.0,88,9,10754.8,642,1194.9777777777776,5330,669,0.4205607476635514,71.33333333333333
16985.0,17,23,10923.16,729,474.92,3103,130,0.9465020576131686,31.695652173913043
16986.0,30,11,4888.75,673,444.4318181818182,2539,65,0.49034175334323926,61.18181818181818
16987.0,3,11,2535.9,737,230.53636363636363,679,155,0.44776119402985076,67.0
16988.0,5,2,382.67,380,191.335,158,20,0.15789473684210525,190.0
16989.0,7,6,1133.25,151,188.875,1233,7,1.1920529801324504,25.166666666666668
16990.0,219,2,344.0,423,172.0,200,1,0.14184397163120566,211.5
16991.0,421,1,1041.21,421,1041.21,793,74,0.07125890736342043,421.0
16992.0,11,13,5476.5,667,421.2692307692308,2061,212,0.5847076461769115,51.30769230769231
16993.0,464,2,1950.9499999999998,576,975.4749999999999,285,19,0.10416666666666666,288.0
16996.0,30,9,2123.61,418,235.95666666666668,919,32,0.645933014354067,46.44444444444444
16997.0,288,3,702.0,326,234.0,360,7,0.27607361963190186,108.66666666666667
16998.0,150,5,402.0,444,80.4,104,2,0.33783783783783783,88.8
16999.0,23,2,484.82,74,242.41,294,21,0.8108108108108109,37.0
17000.0,396,2,406.3,408,203.15,305,26,0.14705882352941177,204.0
17001.0,1,19,6640.8,625,349.5157894736842,3782,108,0.912,32.89473684210526
17002.0,86,7,2571.55,641,367.36428571428576,1265,64,0.32761310452418096,91.57142857142857
17003.0,402,4,830.16,579,207.54,495,90,0.20725388601036268,144.75
17004.0,46,4,2425.16,424,606.29,1281,48,0.2830188679245283,106.0
17005.0,471,2,742.36,589,371.18,787,14,0.10186757215619695,294.5
17006.0,5,8,1636.32,644,204.54,573,103,0.37267080745341613,80.5
17007.0,51,7,1120.1,437,160.0142857142857,717,63,0.4805491990846682,62.42857142857143
17008.0,429,1,81.36,429,81.36,24,1,0.06993006993006994,429.0
17009.0,551,1,242.06,551,242.06,336,10,0.0544464609800363,551.0
17010.0,18,1,195.36,18,195.36,118,11,1.6666666666666665,18.0
17011.0,30,3,671.7,652,223.9,792,27,0.13803680981595093,217.33333333333334
17012.0,725,1,384.16,725,384.16,268,34,0.041379310344827586,725.0
17014.0,8,3,586.33,67,195.44333333333336,245,63,1.3432835820895521,22.333333333333332
17015.0,29,3,1842.56,185,614.1866666666666,1981,182,0.4864864864864865,61.666666666666664
17016.0,577,1,552.4,577,552.4,309,41,0.05199306759098787,577.0
17017.0,3,29,14110.61,736,486.5727586206897,10591,120,1.1820652173913044,25.379310344827587
17018.0,41,6,2287.7,735,381.2833333333333,456,26,0.2448979591836735,122.5
17019.0,11,11,4012.2,738,364.74545454545455,2643,344,0.44715447154471544,67.0909090909091
17020.0,542,2,935.62,647,467.81,860,64,0.09273570324574962,323.5
17021.0,442,6,1182.22,589,197.03666666666666,992,35,0.30560271646859083,98.16666666666667
17022.0,31,2,260.0,433,130.0,180,16,0.13856812933025403,216.5
17023.0,417,3,800.18,697,266.72666666666663,530,48,0.1291248206599713,232.33333333333334
17024.0,45,3,95.85,158,31.95,69,2,0.569620253164557,52.666666666666664
17025.0,61,5,1510.6399999999999,641,302.128,1024,31,0.234009360374415,128.2
17026.0,185,3,208.98,417,69.66,132,4,0.21582733812949642,139.0
17027.0,79,9,1327.1100000000001,730,147.45666666666668,653,126,0.3698630136986301,81.11111111111111
17028.0,581,3,1593.83,721,531.2766666666666,856,85,0.12482662968099861,240.33333333333334
17029.0,111,7,2137.3,664,305.3285714285715,1265,19,0.31626506024096385,94.85714285714286
17030.0,64,1,146.87,64,146.87,146,11,0.46875,64.0
17031.0,12,6,2773.85,581,462.30833333333334,1595,34,0.3098106712564544,96.83333333333333
17032.0,548,8,3004.6,729,375.575,1695,183,0.3292181069958848,91.125
17033.0,86,4,1332.79,397,333.1975,871,33,0.30226700251889166,99.25
17034.0,16,5,1283.92,513,256.784,700,49,0.29239766081871343,102.6
17035.0,246,4,613.59,737,153.3975,327,29,0.16282225237449116,184.25
17036.0,383,1,176.9,383,176.9,76,12,0.0783289817232376,383.0
17037.0,88,1,1267.32,88,1267.32,656,75,0.34090909090909094,88.0
17038.0,30,2,743.17,415,371.585,535,61,0.14457831325301207,207.5
17039.0,604,1,1954.99,604,1954.99,689,44,0.04966887417218543,604.0
17040.0,138,2,463.25,550,231.625,189,15,0.10909090909090909,275.0
17041.0,27,6,1686.28,600,281.0466666666667,1337,93,0.3,100.0
17042.0,3,5,1044.3799999999999,247,208.87599999999998,994,74,0.6072874493927125,49.4
17043.0,32,8,2616.55,730,327.06875,1624,175,0.3287671232876712,91.25
17044.0,25,12,11962.3,733,996.8583333333332,5722,92,0.49113233287858116,61.083333333333336
17045.0,113,5,827.6800000000001,429,165.536,294,44,0.3496503496503497,85.8
17046.0,157,5,1906.07,620,381.214,1636,76,0.24193548387096775,124.0
17047.0,85,6,2289.23,732,381.53833333333336,1184,114,0.24590163934426232,122.0
17048.0,118,7,2071.68,690,295.9542857142857,1068,88,0.3043478260869565,98.57142857142857
17049.0,3,19,9947.48,646,523.5515789473684,4276,316,0.8823529411764706,34.0
17050.0,96,11,4691.79,682,426.5263636363636,2451,193,0.4838709677419355,62.0
17051.0,194,4,714.39,628,178.5975,513,107,0.1910828025477707,157.0
17052.0,28,1,413.75,28,413.75,261,72,1.0714285714285714,28.0
17053.0,131,1,498.48,131,498.48,122,13,0.22900763358778625,131.0
17054.0,28,5,1356.33,245,271.26599999999996,804,64,0.6122448979591836,49.0
17055.0,446,1,239.55,446,239.55,87,24,0.06726457399103139,446.0
17056.0,738,1,128.60000000000002,738,128.60000000000002,26,8,0.04065040650406504,738.0
17057.0,596,1,294.74,596,294.74,129,48,0.050335570469798654,596.0
17058.0,82,3,1179.89,240,393.2966666666667,592,51,0.375,80.0
17059.0,30,9,5602.53,682,622.5033333333333,3584,349,0.3958944281524927,75.77777777777777
17060.0,266,1,234.24,266,234.24,216,5,0.11278195488721804,266.0
17061.0,74,11,5232.2300000000005,232,475.65727272727275,1526,57,1.4224137931034482,21.09090909090909
17062.0,314,6,1208.22,440,201.37,922,82,0.40909090909090906,73.33333333333333
17063.0,21,13,3638.53,739,279.8869230769231,1899,150,0.5277401894451962,56.84615384615385
17064.0,59,3,859.35,327,286.45,318,53,0.27522935779816515,109.0
17065.0,638,2,194.7,638,97.35,82,6,0.09404388714733541,319.0
17066.0,726,1,228.34,726,228.34,93,17,0.04132231404958678,726.0
17067.0,725,3,454.54,732,151.51333333333335,322,8,0.12295081967213116,244.0
17068.0,12,47,9161.08,621,194.91659574468085,4435,250,2.270531400966184,13.212765957446809
17069.0,28,14,5794.28,737,413.8771428571428,3333,202,0.5698778833107191,52.642857142857146
17070.0,114,2,445.32,410,222.66,234,102,0.14634146341463414,205.0
17071.0,28,13,3801.2000000000003,684,292.40000000000003,1935,141,0.5701754385964912,52.61538461538461
17072.0,625,1,282.05,625,282.05,218,20,0.048,625.0
17073.0,18,4,1446.09,109,361.5225,759,142,1.1009174311926606,27.25
17074.0,563,1,203.05,563,203.05,19,4,0.05328596802841919,563.0
17075.0,18,10,2241.73,726,224.173,787,153,0.4132231404958678,72.6
17076.0,36,6,1242.75,736,207.125,514,31,0.24456521739130435,122.66666666666667
17077.0,578,1,306.0,578,306.0,36,1,0.051903114186851215,578.0
17078.0,36,2,378.2,36,189.1,788,28,1.6666666666666665,18.0
17079.0,78,1,118.80000000000001,78,118.80000000000001,24,2,0.3846153846153846,78.0
17080.0,22,7,957.53,526,136.79,569,26,0.3992395437262357,75.14285714285714
17081.0,25,6,964.39,655,160.73166666666665,389,166,0.2748091603053435,109.16666666666667
17082.0,33,6,4732.03,725,788.6716666666666,2526,117,0.2482758620689655,120.83333333333333
17083.0,109,9,4049.79,669,449.9766666666667,1955,30,0.40358744394618834,74.33333333333333
17084.0,35,3,5202.97,396,1734.3233333333335,3292,263,0.2272727272727273,132.0
17085.0,123,28,7891.41,734,281.8360714285714,3603,411,1.1444141689373297,26.214285714285715
17086.0,7,6,2050.08,64,341.68,1859,76,2.8125,10.666666666666666
17087.0,738,1,221.53,738,221.53,113,12,0.04065040650406504,738.0
17088.0,28,4,1991.01,254,497.7525,868,96,0.47244094488188976,63.5
17089.0,386,1,128.45,386,128.45,35,4,0.07772020725388601,386.0
17090.0,4,13,3149.48,508,242.2676923076923,1362,54,0.7677165354330708,39.07692307692308
17091.0,3,19,7811.1,723,411.1105263157895,3845,242,0.7883817427385892,38.05263157894737
17092.0,50,11,5594.96,675,508.63272727272727,3801,273,0.4888888888888888,61.36363636363637
17093.0,593,1,235.88,593,235.88,114,13,0.050590219224283306,593.0
17094.0,322,2,402.20000000000005,424,201.10000000000002,212,18,0.14150943396226415,212.0
17095.0,23,7,2572.25,725,367.4642857142857,1695,110,0.2896551724137931,103.57142857142857
17096.0,15,11,3759.18,555,341.74363636363637,1571,162,0.5945945945945945,50.45454545454545
17097.0,2,9,1340.45,430,148.9388888888889,660,182,0.627906976744186,47.77777777777778
17098.0,382,3,591.0699999999999,541,197.0233333333333,125,10,0.16635859519408502,180.33333333333334
17099.0,533,1,582.17,533,582.17,317,40,0.05628517823639775,533.0
17100.0,18,2,971.74,18,485.87,800,65,3.333333333333333,9.0
17101.0,10,7,2507.05,550,358.15000000000003,1175,54,0.38181818181818183,78.57142857142857
17102.0,262,1,25.5,262,25.5,2,1,0.11450381679389313,262.0
17103.0,722,1,424.3,722,424.3,471,32,0.04155124653739612,722.0
17104.0,424,1,474.03,424,474.03,149,19,0.07075471698113207,424.0
17105.0,159,2,665.78,306,332.89,693,80,0.19607843137254902,153.0
17106.0,389,1,491.23,389,491.23,156,51,0.07712082262210797,389.0
17107.0,33,10,16075.42,677,1607.542,7544,377,0.44313146233382567,67.7
17108.0,664,1,174.95,664,174.95,31,9,0.045180722891566265,664.0
17109.0,29,8,1295.46,498,161.9325,789,124,0.48192771084337344,62.25
17110.0,165,3,510.7,610,170.23333333333332,142,38,0.1475409836065574,203.33333333333334
17111.0,47,2,476.58,425,238.29,601,44,0.1411764705882353,212.5
17112.0,503,1,205.17,503,205.17,134,44,0.059642147117296214,503.0
17113.0,574,6,2322.59,698,387.09833333333336,915,122,0.25787965616045844,116.33333333333333
17114.0,6,8,808.62,335,101.0775,219,85,0.7164179104477612,41.875
17115.0,8,7,2761.4900000000002,735,394.49857142857144,885,102,0.28571428571428575,105.0
17116.0,648,1,389.78,648,389.78,392,47,0.046296296296296294,648.0
17117.0,288,1,116.19999999999999,288,116.19999999999999,68,9,0.10416666666666666,288.0
17118.0,318,1,157.02,318,157.02,154,10,0.09433962264150944,318.0
17119.0,3,2,606.91,60,303.455,334,35,1.0,30.0
17120.0,233,1,307.46,233,307.46,120,18,0.12875536480686695,233.0
17121.0,403,1,314.74,403,314.74,106,12,0.07444168734491315,403.0
17122.0,119,4,570.5,500,142.625,368,23,0.24,125.0
17123.0,162,3,977.17,573,325.7233333333333,676,37,0.15706806282722513,191.0
17124.0,185,1,298.89,185,298.89,130,31,0.16216216216216217,185.0
17125.0,50,1,259.35,50,259.35,291,34,0.6,50.0
17126.0,152,9,2070.44,465,230.04888888888888,1468,295,0.5806451612903226,51.666666666666664
17127.0,429,5,1155.0300000000002,735,231.00600000000003,340,27,0.20408163265306123,147.0
17128.0,335,1,157.09,335,157.09,76,14,0.08955223880597014,335.0
17129.0,520,1,31.85,520,31.85,5,2,0.057692307692307696,520.0
17131.0,5,5,2463.17,76,492.634,983,78,1.9736842105263157,15.2
17132.0,452,2,1272.8,488,636.4,980,62,0.12295081967213116,244.0
17133.0,16,12,14622.33,629,1218.5275,10107,22,0.5723370429252782,52.416666666666664
17134.0,107,3,637.1,442,212.36666666666667,148,31,0.20361990950226244,147.33333333333334
17135.0,16,10,1954.16,579,195.416,1922,98,0.5181347150259067,57.9
17136.0,662,1,231.68,662,231.68,256,14,0.045317220543806644,662.0
17137.0,416,6,1133.63,678,188.93833333333336,697,125,0.2654867256637168,113.0
17138.0,276,7,4417.27,673,631.0385714285715,2024,234,0.31203566121842496,96.14285714285714
17139.0,16,25,19584.46,698,783.3783999999999,9859,447,1.0744985673352434,27.92
17140.0,247,1,465.32,247,465.32,302,16,0.12145748987854252,247.0
17141.0,418,4,754.33,684,188.5825,436,138,0.17543859649122806,171.0
17142.0,239,4,1283.75,684,320.9375,323,78,0.17543859649122806,171.0
17143.0,417,2,924.11,515,462.055,330,82,0.11650485436893203,257.5
17144.0,1,2,984.57,85,492.285,483,42,0.7058823529411764,42.5
17145.0,513,4,3120.91,659,780.2275,2591,168,0.1820940819423369,164.75
17146.0,106,13,5860.24,676,450.7876923076923,2192,164,0.576923076923077,52.0
17147.0,23,9,3199.95,698,355.54999999999995,1308,99,0.3868194842406877,77.55555555555556
17148.0,52,1,124.88,52,124.88,82,9,0.576923076923077,52.0
17149.0,451,1,143.10000000000002,451,143.10000000000002,18,6,0.06651884700665188,451.0
17150.0,377,6,1375.65,734,229.275,403,64,0.24523160762942778,122.33333333333333
17151.0,735,1,231.90000000000003,735,231.90000000000003,42,4,0.04081632653061224,735.0
17152.0,195,4,2016.5,426,504.125,577,9,0.28169014084507044,106.5
17153.0,24,1,213.78,24,213.78,104,14,1.25,24.0
17154.0,75,1,329.34,75,329.34,490,23,0.4,75.0
17155.0,18,7,892.46,737,127.49428571428572,987,43,0.28493894165535955,105.28571428571429
17156.0,492,1,591.87,492,591.87,391,39,0.06097560975609757,492.0
17157.0,8,19,5151.9,735,271.15263157894736,2092,78,0.7755102040816326,38.68421052631579
17158.0,32,5,1980.0,642,396.0,1147,74,0.2336448598130841,128.4
17159.0,22,5,2099.59,645,419.918,1348,115,0.23255813953488372,129.0
17160.0,31,17,10209.16,736,600.5388235294117,8390,215,0.6929347826086956,43.294117647058826
17161.0,444,1,856.01,444,856.01,537,52,0.06756756756756757,444.0
17162.0,29,10,1715.46,306,171.546,1001,81,0.9803921568627452,30.6
17163.0,22,4,699.78,676,174.945,531,27,0.17751479289940827,169.0
17164.0,33,7,2467.35,273,352.4785714285714,1501,92,0.7692307692307692,39.0
17165.0,284,6,1794.32,729,299.05333333333334,788,77,0.2469135802469136,121.5
17166.0,39,2,206.34,204,103.17,78,11,0.29411764705882354,102.0
17167.0,380,3,867.11,445,289.0366666666667,429,64,0.20224719101123595,148.33333333333334
17168.0,499,1,400.2,499,400.2,220,21,0.06012024048096192,499.0
17169.0,58,3,1156.73,578,385.57666666666665,671,64,0.15570934256055363,192.66666666666666
17170.0,374,2,178.68,389,89.34,152,8,0.15424164524421594,194.5
17171.0,289,2,384.59,662,192.295,225,25,0.09063444108761329,331.0
17172.0,79,3,956.5699999999999,727,318.8566666666666,1215,39,0.12379642365887207,242.33333333333334
17173.0,5,8,3766.6,131,470.825,1122,36,1.83206106870229,16.375
17174.0,218,1,59.9,218,59.9,41,4,0.13761467889908258,218.0
17175.0,44,4,1443.69,296,360.9225,866,42,0.40540540540540543,74.0
17176.0,202,3,902.3199999999999,677,300.7733333333333,576,37,0.1329394387001477,225.66666666666666
17177.0,505,1,119.5,505,119.5,40,29,0.0594059405940594,505.0
17178.0,731,1,436.71,731,436.71,101,31,0.04103967168262654,731.0
17179.0,178,6,1507.26,563,251.21,625,75,0.3197158081705151,93.83333333333333
17180.0,56,11,2256.98,687,205.18,1828,189,0.48034934497816595,62.45454545454545
17181.0,57,3,465.37,596,155.12333333333333,484,28,0.15100671140939598,198.66666666666666
17182.0,423,2,321.3,718,160.65,54,4,0.08356545961002786,359.0
17183.0,8,6,3347.31,105,557.885,1296,42,1.7142857142857142,17.5
17184.0,569,2,198.41000000000003,730,99.20500000000001,73,14,0.0821917808219178,365.0
17185.0,592,3,229.46,598,76.48666666666666,119,38,0.1505016722408027,199.33333333333334
17186.0,47,2,144.0,60,72.0,200,1,1.0,30.0
17187.0,227,2,467.71,526,233.855,426,21,0.11406844106463879,263.0
17188.0,11,13,4592.93,731,353.3023076923077,2569,136,0.533515731874145,56.23076923076923
17189.0,106,5,957.63,738,191.526,604,101,0.20325203252032523,147.6
17190.0,59,7,1743.04,644,249.00571428571428,2225,160,0.32608695652173914,92.0
17191.0,28,15,4836.05,738,322.40333333333336,2536,269,0.6097560975609756,49.2
17192.0,536,1,77.83,536,77.83,46,20,0.055970149253731345,536.0
17193.0,36,9,2310.04,738,256.6711111111111,1668,28,0.36585365853658536,82.0
17194.0,274,3,812.5,530,270.8333333333333,420,57,0.16981132075471697,176.66666666666666
17195.0,655,1,562.98,655,562.98,486,31,0.04580152671755725,655.0
17196.0,428,1,352.9,428,352.9,168,84,0.07009345794392523,428.0
17197.0,30,1,1013.01,30,1013.01,191,29,1.0,30.0
17198.0,24,3,1213.88,371,404.6266666666667,599,89,0.24258760107816713,123.66666666666667
17199.0,582,1,145.12,582,145.12,304,8,0.05154639175257732,582.0
17200.0,387,4,356.71,652,89.1775,367,25,0.18404907975460122,163.0
17201.0,54,4,1242.04,668,310.51,1075,154,0.17964071856287425,167.0
17202.0,421,1,160.65,421,160.65,55,8,0.07125890736342043,421.0
17203.0,36,10,5575.88,388,557.588,4606,195,0.7731958762886597,38.8
17204.0,175,9,5504.6900000000005,548,611.6322222222223,2651,110,0.4927007299270073,60.888888888888886
17205.0,54,3,999.35,564,333.1166666666667,2214,27,0.1595744680851064,188.0
17206.0,53,1,204.24,53,204.24,76,7,0.5660377358490566,53.0
17207.0,652,1,303.21999999999997,652,303.21999999999997,241,55,0.046012269938650305,652.0
17208.0,396,1,115.35,396,115.35,103,21,0.07575757575757576,396.0
17209.0,649,3,611.6,737,203.86666666666667,731,36,0.12211668928086837,245.66666666666666
17210.0,393,1,253.37,393,253.37,243,47,0.07633587786259542,393.0
17211.0,27,13,4046.65,726,311.28076923076924,2345,217,0.5371900826446281,55.84615384615385
17212.0,253,3,794.41,487,264.80333333333334,727,29,0.18480492813141686,162.33333333333334
17213.0,40,13,5182.3,725,398.63846153846157,2179,130,0.5379310344827586,55.76923076923077
17214.0,60,6,1069.1200000000001,359,178.1866666666667,276,79,0.5013927576601671,59.833333333333336
17215.0,464,1,186.15,464,186.15,104,11,0.06465517241379311,464.0
17216.0,554,1,65.05,554,65.05,22,13,0.05415162454873646,554.0
17217.0,234,2,218.0,619,109.0,95,27,0.09693053311793215,309.5
17218.0,4,18,4192.68,683,232.92666666666668,2200,248,0.7906295754026355,37.94444444444444
17219.0,32,2,259.13,417,129.565,188,43,0.14388489208633093,208.5
17220.0,24,21,4481.75,689,213.41666666666666,2699,408,0.9143686502177069,32.80952380952381
17221.0,7,5,978.52,607,195.704,715,115,0.2471169686985173,121.4
17222.0,65,6,1605.01,698,267.50166666666667,863,94,0.25787965616045844,116.33333333333333
17223.0,310,3,873.53,375,291.1766666666667,222,62,0.24,125.0
17224.0,501,1,100.86,501,100.86,65,8,0.05988023952095808,501.0
17225.0,582,1,131.15,582,131.15,36,5,0.05154639175257732,582.0
17226.0,309,3,900.12,665,300.04,855,51,0.13533834586466167,221.66666666666666
17227.0,19,12,2022.03,693,168.5025,1774,58,0.5194805194805194,57.75
17228.0,16,13,3177.24,638,244.4030769230769,2568,199,0.6112852664576802,49.07692307692308
17229.0,96,2,318.76,143,159.38,185,39,0.4195804195804196,71.5
17230.0,264,18,9924.95,731,551.3861111111112,3903,141,0.7387140902872777,40.611111111111114
17231.0,12,25,7197.04,732,287.8816,3738,509,1.0245901639344264,29.28
17232.0,3,2,421.52,15,210.76,203,30,4.0,7.5
17233.0,35,3,560.86,725,186.95333333333335,298,56,0.12413793103448276,241.66666666666666
17234.0,183,1,149.89000000000001,183,149.89000000000001,55,14,0.16393442622950818,183.0
17235.0,25,8,1904.8799999999999,553,238.10999999999999,971,52,0.43399638336347196,69.125
17236.0,13,12,1929.26,642,160.77166666666668,804,123,0.5607476635514018,53.5
17237.0,11,4,1002.08,382,250.52,415,76,0.31413612565445026,95.5
17238.0,3,32,7783.1,739,243.221875,3720,486,1.2990527740189446,23.09375
17239.0,313,4,1189.45,527,297.3625,515,18,0.22770398481973436,131.75
17240.0,596,1,130.6,596,130.6,108,7,0.050335570469798654,596.0
17241.0,385,12,2744.14,662,228.6783333333333,865,116,0.5438066465256798,55.166666666666664
17242.0,108,5,2889.28,685,577.856,1459,44,0.218978102189781,137.0
17243.0,1,69,20889.86,738,302.75159420289856,8198,359,2.8048780487804876,10.695652173913043
17244.0,53,5,1826.04,734,365.20799999999997,1419,109,0.20435967302452315,146.8
17245.0,205,2,371.63,689,185.815,307,24,0.08708272859216255,344.5
17246.0,547,2,38.92,738,19.46,36,6,0.08130081300813008,369.0
17247.0,15,1,282.19,15,282.19,106,53,2.0,15.0
17248.0,120,2,546.16,482,273.08,292,85,0.12448132780082988,241.0
17249.0,429,1,68.03,429,68.03,79,27,0.06993006993006994,429.0
17250.0,4,2,384.52,261,192.26,168,55,0.22988505747126436,130.5
17251.0,363,3,812.4300000000001,725,270.81,379,65,0.12413793103448276,241.66666666666666
17252.0,117,2,353.86,186,176.93,193,86,0.32258064516129037,93.0
17253.0,18,1,178.26,18,178.26,43,18,1.6666666666666665,18.0
17254.0,5,3,470.73,401,156.91,398,129,0.22443890274314213,133.66666666666666
17255.0,41,4,799.13,446,199.7825,594,163,0.26905829596412556,111.5
17256.0,107,5,498.93,600,99.786,299,20,0.25,120.0
17257.0,436,2,192.73,437,96.365,188,14,0.13729977116704806,218.5
17258.0,397,2,417.3,665,208.65,188,46,0.09022556390977444,332.5
17259.0,148,6,1889.34,655,314.89,1158,179,0.2748091603053435,109.16666666666667
17260.0,411,1,120.95,411,120.95,23,6,0.07299270072992702,411.0
17261.0,510,1,230.44,510,230.44,98,43,0.058823529411764705,510.0
17262.0,52,11,2757.62,725,250.69272727272727,709,12,0.45517241379310347,65.9090909090909
17263.0,208,1,63.440000000000005,208,63.440000000000005,36,23,0.14423076923076925,208.0
17264.0,424,1,279.59,424,279.59,227,70,0.07075471698113207,424.0
17265.0,139,2,562.9,181,281.45,394,106,0.3314917127071823,90.5
17266.0,2,5,517.73,641,103.546,252,95,0.234009360374415,128.2
17267.0,127,2,317.62,127,158.81,159,37,0.47244094488188976,63.5
17268.0,108,11,1733.8899999999999,732,157.62636363636364,1395,26,0.45081967213114754,66.54545454545455
17269.0,386,1,537.46,386,537.46,336,110,0.07772020725388601,386.0
17270.0,469,2,604.4,732,302.2,421,45,0.08196721311475409,366.0
17271.0,736,1,210.39,736,210.39,117,46,0.04076086956521739,736.0
17272.0,42,4,2148.63,263,537.1575,1778,70,0.45627376425855515,65.75
17273.0,424,1,141.12,424,141.12,133,12,0.07075471698113207,424.0
17274.0,35,2,577.38,396,288.69,273,76,0.15151515151515152,198.0
17275.0,383,1,114.52,383,114.52,72,23,0.0783289817232376,383.0
17276.0,402,1,508.39,402,508.39,189,50,0.07462686567164178,402.0
17277.0,228,2,1065.3500000000001,323,532.6750000000001,430,67,0.18575851393188855,161.5
17278.0,241,2,271.24,565,135.62,195,17,0.10619469026548672,282.5
17279.0,58,1,187.82999999999998,58,187.82999999999998,48,8,0.5172413793103449,58.0
17280.0,438,1,118.85999999999999,438,118.85999999999999,74,6,0.0684931506849315,438.0
17281.0,374,6,797.8499999999999,673,132.975,295,2,0.2674591381872214,112.16666666666667
17282.0,130,5,2339.66,549,467.93199999999996,2351,168,0.273224043715847,109.8
17283.0,379,1,188.46,379,188.46,179,15,0.07915567282321899,379.0
17284.0,60,8,2793.16,445,349.145,2071,285,0.5393258426966293,55.625
17285.0,628,2,428.34,663,214.17,140,41,0.09049773755656108,331.5
17286.0,22,3,395.48,400,131.82666666666668,371,89,0.22499999999999998,133.33333333333334
17287.0,26,21,4111.96,737,195.80761904761906,2101,279,0.8548168249660787,35.095238095238095
17288.0,9,11,2499.98,394,227.2709090909091,1706,233,0.8375634517766497,35.81818181818182
17289.0,32,9,2079.39,641,231.04333333333332,1260,202,0.421216848673947,71.22222222222223
17290.0,4,8,1501.44,726,187.68,1147,184,0.3305785123966942,90.75
17291.0,308,1,550.8000000000001,308,550.8000000000001,72,1,0.09740259740259741,308.0
17292.0,472,2,271.75,579,135.875,131,14,0.10362694300518134,289.5
17293.0,8,17,3774.23,736,222.0135294117647,2234,148,0.6929347826086956,43.294117647058826
17294.0,669,2,467.78999999999996,669,233.89499999999998,297,17,0.08968609865470853,334.5
17295.0,29,3,556.95,65,185.65,294,53,1.3846153846153846,21.666666666666668
17296.0,730,1,338.13,730,338.13,216,32,0.0410958904109589,730.0
17297.0,17,1,131.78,17,131.78,67,49,1.7647058823529411,17.0
17298.0,101,5,957.5600000000001,642,191.512,854,61,0.2336448598130841,128.4
17299.0,12,6,1016.08,481,169.34666666666666,934,96,0.37422037422037424,80.16666666666667
17300.0,391,2,393.64,482,196.82,467,37,0.12448132780082988,241.0
17301.0,21,2,330.43,624,165.215,229,107,0.09615384615384615,312.0
17302.0,15,5,1135.63,306,227.12600000000003,575,68,0.4901960784313726,61.2
17303.0,361,1,250.04,361,250.04,144,53,0.08310249307479224,361.0
17304.0,534,1,111.5,534,111.5,73,5,0.056179775280898875,534.0
17305.0,649,1,2135.46,649,2135.46,1006,9,0.046224961479198766,649.0
17306.0,11,21,9782.35,404,465.8261904761905,13747,17,1.5594059405940592,19.238095238095237
17307.0,395,11,3999.8900000000003,689,363.6263636363637,3667,22,0.478955007256894,62.63636363636363
17308.0,393,2,4511.76,453,2255.88,5148,5,0.13245033112582782,226.5
17309.0,95,3,330.59000000000003,673,110.19666666666667,193,33,0.1337295690936107,224.33333333333334
17310.0,387,2,1025.1,535,512.55,402,1,0.11214953271028037,267.5
17311.0,78,6,3566.56,675,594.4266666666666,2755,124,0.26666666666666666,112.5
17312.0,139,3,644.3,159,214.76666666666665,372,11,0.5660377358490566,53.0
17313.0,31,1,2328.84,31,2328.84,1402,24,0.967741935483871,31.0
17314.0,25,17,4904.43,737,288.4958823529412,3663,200,0.6919945725915875,43.35294117647059
17315.0,2,43,9650.6,439,224.4325581395349,5124,385,2.938496583143508,10.209302325581396
17316.0,420,1,124.45,420,124.45,44,35,0.07142857142857144,420.0
17317.0,46,3,2600.34,90,866.7800000000001,1146,8,1.0,30.0
17318.0,725,1,164.28,725,164.28,60,17,0.041379310344827586,725.0
17319.0,669,1,29.1,669,29.1,14,3,0.044843049327354265,669.0
17320.0,100,6,2895.77,687,482.62833333333333,1392,86,0.26200873362445415,114.5
17321.0,8,6,1741.18,578,290.19666666666666,817,241,0.31141868512110726,96.33333333333333
17322.0,376,5,922.59,737,184.518,631,115,0.203527815468114,147.4
17323.0,15,12,1565.59,699,130.46583333333334,1442,168,0.5150214592274678,58.25
17324.0,18,12,2301.87,721,191.8225,1537,111,0.49930651872399445,60.083333333333336
17325.0,280,3,609.5699999999999,642,203.18999999999997,465,39,0.14018691588785046,214.0
17326.0,408,2,321.95,529,160.975,140,82,0.11342155009451796,264.5
17327.0,410,2,152.35,563,76.175,59,3,0.10657193605683837,281.5
17328.0,673,1,104.7,673,104.7,86,6,0.04457652303120356,673.0
17329.0,14,5,1004.4300000000001,736,200.88600000000002,432,80,0.20380434782608695,147.2
17330.0,23,4,423.8,648,105.95,122,7,0.18518518518518517,162.0
17331.0,124,1,175.2,124,175.2,16,1,0.24193548387096775,124.0
17332.0,528,5,838.27,656,167.654,794,82,0.22865853658536583,131.2
17333.0,86,1,494.25,86,494.25,375,28,0.3488372093023256,86.0
17334.0,302,3,635.15,407,211.71666666666667,566,20,0.22113022113022113,135.66666666666666
17335.0,384,2,508.0,685,254.0,216,34,0.0875912408759124,342.5
17336.0,472,1,81.12,472,81.12,48,1,0.0635593220338983,472.0
17337.0,151,4,2027.8700000000001,310,506.96750000000003,1269,421,0.3870967741935484,77.5
17338.0,17,17,12142.57,639,714.2688235294117,5879,590,0.7981220657276995,37.588235294117645
17339.0,94,3,362.36,509,120.78666666666668,188,10,0.17681728880157171,169.66666666666666
17340.0,30,18,22404.82,663,1244.7122222222222,11210,322,0.8144796380090498,36.833333333333336
17341.0,157,5,1889.83,540,377.966,1169,200,0.2777777777777778,108.0
17342.0,380,4,1227.54,670,306.885,521,31,0.1791044776119403,167.5
17343.0,355,6,1259.94,736,209.99,454,61,0.24456521739130435,122.66666666666667
17344.0,46,2,468.11,729,234.055,213,64,0.0823045267489712,364.5
17345.0,15,10,1604.68,738,160.46800000000002,2013,174,0.40650406504065045,73.8
17346.0,4,26,5323.0,601,204.73076923076923,3653,517,1.2978369384359403,23.115384615384617
17347.0,86,1,228.96,86,228.96,216,1,0.3488372093023256,86.0
17348.0,15,9,2476.41,640,275.15666666666664,2793,326,0.421875,71.11111111111111
17349.0,179,5,852.25,631,170.45,840,74,0.2377179080824089,126.2
17350.0,8,7,1906.041,676,272.29157142857144,1216,124,0.31065088757396453,96.57142857142857
17351.0,36,12,1988.23,729,165.68583333333333,383,45,0.4938271604938272,60.75
17352.0,696,1,36.25,696,36.25,15,5,0.04310344827586207,696.0
17353.0,129,4,3242.0,624,810.5,2168,7,0.1923076923076923,156.0
17354.0,51,4,3143.46,428,785.865,2535,85,0.2803738317757009,107.0
17355.0,386,1,285.11,386,285.11,257,28,0.07772020725388601,386.0
17356.0,312,5,946.47,689,189.294,925,73,0.2177068214804064,137.8
17357.0,24,2,388.14,24,194.07,153,41,2.5,12.0
17358.0,303,5,866.05,653,173.20999999999998,442,126,0.22970903522205208,130.6
17359.0,11,2,284.46,648,142.23,237,36,0.09259259259259259,324.0
17360.0,17,6,1231.3799999999999,435,205.23,636,189,0.41379310344827586,72.5
17361.0,49,5,880.64,676,176.128,383,51,0.22189349112426035,135.2
17362.0,239,7,1024.04,703,146.29142857142855,549,99,0.29871977240398295,100.42857142857143
17363.0,395,3,940.86,402,313.62,523,34,0.22388059701492538,134.0
17364.0,1,28,12070.42,732,431.0864285714286,7513,513,1.1475409836065573,26.142857142857142
17365.0,13,15,8224.98,677,548.332,8056,395,0.6646971935007385,45.13333333333333
17366.0,432,2,1096.24,456,548.12,510,120,0.13157894736842105,228.0
17367.0,238,1,168.4,238,168.4,150,33,0.12605042016806722,238.0
17368.0,23,14,2826.14,724,201.86714285714285,2343,195,0.580110497237569,51.714285714285715
17369.0,456,1,979.1999999999999,456,979.1999999999999,1152,1,0.06578947368421052,456.0
17370.0,73,4,446.18,170,111.545,540,31,0.7058823529411764,42.5
17371.0,17,6,662.55,732,110.425,283,135,0.24590163934426232,122.0
17372.0,41,28,4377.56,736,156.3414285714286,1876,412,1.141304347826087,26.285714285714285
17373.0,40,7,1167.5,649,166.78571428571428,738,65,0.3235747303543914,92.71428571428571
17374.0,219,3,727.11,395,242.37,155,34,0.22784810126582278,131.66666666666666
17375.0,199,4,660.55,432,165.1375,480,77,0.2777777777777778,108.0
17376.0,71,4,453.64,523,113.41,244,41,0.2294455066921606,130.75
17377.0,24,78,18319.41,738,234.86423076923077,7589,505,3.1707317073170733,9.461538461538462
17378.0,374,1,10.95,374,10.95,1,1,0.08021390374331551,374.0
17379.0,11,1,404.66,11,404.66,663,71,2.7272727272727275,11.0
17380.0,434,3,645.0,535,215.0,252,5,0.16822429906542055,178.33333333333334
17381.0,9,38,40002.37,548,1052.693947368421,45767,50,2.0802919708029197,14.421052631578947
17382.0,65,8,902.28,570,112.785,457,16,0.4210526315789474,71.25
17383.0,4,2,309.99,453,154.995,162,51,0.13245033112582782,226.5
17384.0,19,3,507.55,467,169.18333333333334,121,15,0.19271948608137046,155.66666666666666
17385.0,15,1,261.11,15,261.11,201,42,2.0,15.0
17386.0,8,7,2812.77,385,401.82428571428574,1955,32,0.5454545454545454,55.0
17387.0,20,2,784.11,34,392.055,542,71,1.7647058823529411,17.0
17388.0,78,11,2691.57,730,244.68818181818185,2567,41,0.452054794520548,66.36363636363636
17389.0,1,61,57224.68,736,938.1095081967213,17882,63,2.4864130434782608,12.065573770491802
17390.0,421,1,149.3,421,149.3,49,12,0.07125890736342043,421.0
17391.0,164,2,508.8,165,254.4,480,2,0.36363636363636365,82.5
17392.0,307,3,626.56,450,208.85333333333332,493,66,0.2,150.0
17393.0,411,2,381.15,488,190.575,238,45,0.12295081967213116,244.0
17394.0,219,1,203.86999999999998,219,203.86999999999998,241,4,0.136986301369863,219.0
17395.0,508,1,97.5,508,97.5,66,3,0.05905511811023622,508.0
17396.0,39,14,8807.1,441,629.0785714285714,2419,29,0.9523809523809523,31.5
17397.0,22,3,1233.18,416,411.06,697,132,0.21634615384615385,138.66666666666666
17398.0,115,3,653.38,255,217.79333333333332,310,30,0.3529411764705882,85.0
17400.0,126,8,4677.05,722,584.63125,2199,345,0.33240997229916897,90.25
17401.0,541,1,114.85,541,114.85,34,11,0.05545286506469501,541.0
17402.0,5,23,5096.18,723,221.57304347826087,1571,105,0.954356846473029,31.434782608695652
17403.0,36,2,400.57,451,200.285,194,45,0.13303769401330376,225.5
17404.0,4,23,47781.12,702,2077.44,50679,126,0.9829059829059829,30.52173913043478
17405.0,1,3,1031.41,150,343.80333333333334,726,77,0.6,50.0
17406.0,333,13,4905.05,733,377.3115384615385,2124,155,0.5320600272851297,56.38461538461539
17407.0,412,1,552.9,412,552.9,426,23,0.07281553398058252,412.0
17408.0,163,3,316.09000000000003,514,105.36333333333334,163,7,0.17509727626459143,171.33333333333334
17409.0,185,10,7793.51,729,779.351,4089,50,0.4115226337448559,72.9
17410.0,16,5,1214.72,215,242.94400000000002,616,57,0.6976744186046512,43.0
17411.0,12,5,1425.38,737,285.076,608,69,0.203527815468114,147.4
17412.0,3,16,4417.52,737,276.095,2604,161,0.6512890094979646,46.0625
17413.0,405,2,560.14,570,280.07,302,10,0.10526315789473685,285.0
17414.0,44,6,2249.52,736,374.92,6256,6,0.24456521739130435,122.66666666666667
17415.0,80,1,507.84,80,507.84,114,14,0.375,80.0
17416.0,30,22,17298.45,725,786.2931818181819,8769,324,0.9103448275862069,32.95454545454545
17417.0,549,1,164.18,549,164.18,76,16,0.0546448087431694,549.0
17418.0,42,3,670.0600000000001,387,223.35333333333335,521,40,0.23255813953488372,129.0
17419.0,11,18,6500.52,683,361.14000000000004,3087,203,0.7906295754026355,37.94444444444444
17420.0,50,6,1084.43,401,180.73833333333334,499,43,0.44887780548628425,66.83333333333333
17421.0,386,3,1059.41,735,353.1366666666667,807,46,0.12244897959183675,245.0
17422.0,16,11,3594.76,535,326.79636363636365,3538,149,0.616822429906542,48.63636363636363
17423.0,46,3,1118.95,394,372.98333333333335,790,39,0.2284263959390863,131.33333333333334
17425.0,19,2,759.17,61,379.585,407,42,0.9836065573770493,30.5
17426.0,8,13,8077.77,660,621.3669230769231,5187,248,0.5909090909090908,50.76923076923077
17427.0,72,1,100.8,72,100.8,34,2,0.41666666666666663,72.0
17428.0,1,45,31819.760000000002,738,707.1057777777778,17504,422,1.8292682926829267,16.4
17429.0,128,5,1357.46,430,271.492,1286,80,0.3488372093023256,86.0
17430.0,33,4,735.17,480,183.7925,515,30,0.25,120.0
17431.0,313,1,403.3,313,403.3,292,41,0.09584664536741214,313.0
17432.0,18,9,1751.39,736,194.5988888888889,1016,213,0.36684782608695654,81.77777777777777
17433.0,88,2,569.96,385,284.98,305,81,0.15584415584415584,192.5
17434.0,2,7,2373.82,85,339.1171428571429,1693,100,2.4705882352941178,12.142857142857142
17435.0,411,1,331.35,411,331.35,195,15,0.07299270072992702,411.0
17436.0,2,5,534.06,733,106.81199999999998,178,8,0.20463847203274216,146.6
17437.0,530,1,373.17,530,373.17,284,52,0.05660377358490566,530.0
17438.0,254,5,1422.77,641,284.554,553,49,0.234009360374415,128.2
17439.0,656,1,325.74,656,325.74,370,8,0.04573170731707317,656.0
17440.0,157,4,323.58,549,80.895,282,4,0.2185792349726776,137.25
17441.0,732,1,293.35,732,293.35,245,21,0.040983606557377046,732.0
17442.0,37,15,4620.3,662,308.02000000000004,3134,188,0.6797583081570997,44.13333333333333
17443.0,220,1,534.24,220,534.24,504,1,0.13636363636363635,220.0
17444.0,148,3,2940.04,173,980.0133333333333,2119,132,0.5202312138728323,57.666666666666664
17446.0,177,2,120.9,310,60.45,198,6,0.1935483870967742,155.0
17447.0,40,2,541.53,72,270.765,443,33,0.8333333333333333,36.0
17448.0,497,46,14556.97,645,316.45586956521737,11548,569,2.13953488372093,14.021739130434783
17449.0,2,13,4951.15,730,380.8576923076923,2535,292,0.5342465753424658,56.15384615384615
17450.0,8,51,246973.09,438,4842.609607843137,84720,144,3.4931506849315066,8.588235294117647
17451.0,1,7,1721.4,106,245.91428571428574,1203,83,1.9811320754716981,15.142857142857142
17453.0,18,2,486.71999999999997,64,243.35999999999999,219,19,0.9375,32.0
17454.0,192,10,1547.94,693,154.794,727,98,0.4329004329004329,69.3
17455.0,204,1,131.7,204,131.7,66,8,0.14705882352941177,204.0
17456.0,365,2,1225.42,456,612.71,730,59,0.13157894736842105,228.0
17457.0,127,14,5984.8099999999995,732,427.4864285714285,2695,30,0.5737704918032787,52.285714285714285
17458.0,15,2,529.58,382,264.79,282,81,0.15706806282722513,191.0
17459.0,43,2,657.3,60,328.65,537,88,1.0,30.0
17460.0,94,16,2228.27,686,139.266875,980,93,0.6997084548104956,42.875
17461.0,23,3,757.46,30,252.48666666666668,799,104,3.0,10.0
17462.0,60,2,675.69,284,337.845,227,25,0.2112676056338028,142.0
17463.0,16,7,2557.91,589,365.4157142857143,1490,234,0.3565365025466893,84.14285714285714
17464.0,158,3,1000.94,619,333.6466666666667,652,35,0.14539579967689822,206.33333333333334
17465.0,426,7,2542.79,736,363.2557142857143,1477,103,0.28532608695652173,105.14285714285714
17466.0,10,2,763.28,79,381.64,306,41,0.7594936708860759,39.5
17467.0,395,1,102.6,395,102.6,20,4,0.0759493670886076,395.0
17468.0,10,3,194.8,375,64.93333333333334,184,8,0.24,125.0
17469.0,16,17,5051.25,723,297.13235294117646,2304,165,0.7053941908713692,42.529411764705884
17470.0,45,11,2804.87,508,254.9881818181818,2843,111,0.6496062992125984,46.18181818181818
17471.0,475,1,321.65000000000003,475,321.65000000000003,153,19,0.06315789473684211,475.0
17472.0,191,4,935.1,628,233.775,558,183,0.1910828025477707,157.0
17473.0,409,2,607.0,456,303.5,270,33,0.13157894736842105,228.0
17474.0,600,1,1047.0,600,1047.0,200,6,0.05,600.0
17475.0,79,1,194.37,79,194.37,178,14,0.37974683544303794,79.0
17476.0,396,2,489.86,738,244.93,224,29,0.08130081300813008,369.0
17477.0,613,2,1144.3,648,572.15,225,44,0.09259259259259259,324.0
17478.0,408,2,1272.8,633,636.4,516,40,0.0947867298578199,316.5
17479.0,633,1,389.26000000000005,633,389.26000000000005,266,18,0.04739336492890995,633.0
17480.0,78,2,902.03,445,451.015,593,50,0.13483146067415733,222.5
17481.0,4,4,1255.59,94,313.8975,1061,69,1.2765957446808511,23.5
17482.0,487,2,778.19,578,389.095,241,50,0.10380622837370243,289.0
17483.0,65,4,591.73,415,147.9325,265,23,0.28915662650602414,103.75
17484.0,576,2,209.57,624,104.785,339,14,0.09615384615384615,312.0
17486.0,261,1,396.87,261,396.87,191,24,0.11494252873563218,261.0
17487.0,728,1,160.55,728,160.55,37,8,0.041208791208791215,728.0
17488.0,641,1,336.5,641,336.5,136,18,0.046801872074883,641.0
17489.0,59,2,376.64,213,188.32,428,28,0.28169014084507044,106.5
17490.0,1,9,2750.5,570,305.6111111111111,1531,93,0.4736842105263158,63.333333333333336
17491.0,1,17,5981.07,591,351.8276470588235,3630,105,0.8629441624365481,34.76470588235294
17492.0,248,3,1122.42,518,374.14000000000004,450,32,0.17374517374517373,172.66666666666666
17493.0,385,1,100.91000000000001,385,100.91000000000001,62,8,0.07792207792207792,385.0
17494.0,502,1,54.699999999999996,502,54.699999999999996,26,3,0.05976095617529881,502.0
17495.0,8,3,806.72,391,268.9066666666667,367,38,0.23017902813299235,130.33333333333334
17496.0,359,4,1412.89,694,353.2225,675,54,0.17291066282420747,173.5
17497.0,390,2,287.25,611,143.625,59,7,0.09819967266775778,305.5
17498.0,76,1,272.22,76,272.22,394,17,0.39473684210526316,76.0
17499.0,290,2,1341.39,562,670.695,1086,66,0.10676156583629892,281.0
17500.0,17,3,1138.0,30,379.3333333333333,17,3,3.0,10.0
17501.0,221,2,288.6,221,144.3,160,18,0.2714932126696833,110.5
17502.0,9,4,689.1,29,172.275,376,25,4.137931034482759,7.25
17503.0,3,2,558.96,39,279.48,486,36,1.5384615384615383,19.5
17504.0,206,18,9565.12,670,531.3955555555556,5517,244,0.8059701492537313,37.22222222222222
17505.0,162,5,2435.48,605,487.096,1242,83,0.24793388429752067,121.0
17506.0,76,1,302.2,76,302.2,139,14,0.39473684210526316,76.0
17507.0,262,2,605.58,309,302.79,359,79,0.1941747572815534,154.5
17508.0,281,8,4579.23,733,572.40375,2891,199,0.3274215552523875,91.625
17509.0,58,8,6115.14,63,764.3925,3534,75,3.8095238095238093,7.875
17510.0,25,2,514.56,421,257.28,422,28,0.14251781472684086,210.5
17511.0,3,60,175603.55,738,2926.725833333333,119656,657,2.4390243902439024,12.3
17512.0,29,18,5467.820000000001,729,303.76777777777784,5434,102,0.7407407407407407,40.5
17513.0,72,3,1158.8,479,386.26666666666665,440,18,0.18789144050104384,159.66666666666666
17514.0,128,2,542.83,669,271.415,295,72,0.08968609865470853,334.5
17515.0,31,9,1617.46,550,179.71777777777777,528,91,0.49090909090909096,61.111111111111114
17516.0,15,6,957.55,379,159.59166666666667,527,150,0.474934036939314,63.166666666666664
17517.0,309,1,153.94,309,153.94,102,11,0.0970873786407767,309.0
17518.0,426,2,329.42,621,164.71,267,71,0.0966183574879227,310.5
17519.0,17,15,5109.47,739,340.6313333333334,3414,142,0.6089309878213802,49.266666666666666
17520.0,54,1,546.81,54,546.81,365,30,0.5555555555555556,54.0
17521.0,30,5,1278.06,435,255.612,806,65,0.3448275862068966,87.0
17522.0,2,5,1070.71,218,214.142,1034,59,0.6880733944954129,43.6
17523.0,11,4,652.74,19,163.185,872,25,6.315789473684211,4.75
17524.0,361,3,539.14,438,179.71333333333334,362,37,0.2054794520547945,146.0
17525.0,360,3,1161.9,429,387.3,338,19,0.2097902097902098,143.0
17526.0,5,12,4166.04,722,347.17,1482,67,0.4986149584487535,60.166666666666664
17527.0,54,4,939.37,218,234.8425,488,45,0.5504587155963303,54.5
17528.0,1,8,3628.5,71,453.5625,2138,183,3.380281690140845,8.875
17529.0,610,2,1240.25,698,620.125,790,78,0.08595988538681948,349.0
17530.0,1,12,3141.51,733,261.7925,1965,359,0.49113233287858116,61.083333333333336
17531.0,190,3,1266.82,618,422.2733333333333,472,54,0.14563106796116504,206.0
17532.0,386,1,65.34,386,65.34,30,4,0.07772020725388601,386.0
17533.0,435,1,34.8,435,34.8,24,1,0.06896551724137931,435.0
17534.0,54,5,1668.83,652,333.76599999999996,860,76,0.23006134969325154,130.4
17535.0,280,1,164.4,280,164.4,136,13,0.10714285714285714,280.0
17536.0,177,3,364.83,683,121.61,201,16,0.13177159590043924,227.66666666666666
17537.0,30,2,897.62,303,448.81,700,74,0.19801980198019803,151.5
17538.0,26,1,98.42,26,98.42,134,9,1.153846153846154,26.0
17539.0,618,4,1226.57,727,306.6425,747,132,0.16506189821182943,181.75
17540.0,25,6,1590.6000000000001,600,265.1,588,41,0.3,100.0
17541.0,510,1,124.46,510,124.46,46,31,0.058823529411764705,510.0
17542.0,270,3,341.7,642,113.89999999999999,324,57,0.14018691588785046,214.0
17543.0,550,1,120.05,550,120.05,62,13,0.05454545454545454,550.0
17544.0,390,3,960.69,390,320.23,439,80,0.23076923076923078,130.0
17545.0,43,6,1448.54,578,241.42333333333332,733,204,0.31141868512110726,96.33333333333333
17547.0,376,2,727.85,665,363.925,223,22,0.09022556390977444,332.5
17548.0,234,4,731.26,396,182.815,494,22,0.30303030303030304,99.0
17549.0,24,2,148.86,52,74.43,210,5,1.153846153846154,26.0
17550.0,197,9,2547.64,670,283.0711111111111,989,250,0.40298507462686567,74.44444444444444
17551.0,359,1,306.84,359,306.84,150,39,0.08356545961002786,359.0
17552.0,60,12,3085.29,628,257.1075,2095,78,0.5732484076433121,52.333333333333336
17553.0,130,4,3757.6,611,939.4,2288,2,0.19639934533551556,152.75
17554.0,1,5,1952.45,148,390.49,1763,58,1.0135135135135136,29.6
17555.0,20,5,1057.74,586,211.548,747,220,0.2559726962457338,117.2
17556.0,206,2,300.67,379,150.335,184,13,0.15831134564643798,189.5
17557.0,14,4,575.46,733,143.865,310,28,0.16371077762619374,183.25
17558.0,393,1,259.17,393,259.17,54,28,0.07633587786259542,393.0
17559.0,513,1,167.62,513,167.62,270,12,0.05847953216374269,513.0
17560.0,95,8,1895.8,661,236.975,1588,37,0.3630862329803328,82.625
17561.0,19,4,722.34,733,180.585,396,163,0.16371077762619374,183.25
17562.0,14,7,1122.38,173,160.34,817,48,1.2138728323699421,24.714285714285715
17563.0,578,2,392.38,612,196.19,256,27,0.09803921568627451,306.0
17564.0,24,3,454.01,80,151.33666666666667,146,38,1.125,26.666666666666668
17565.0,587,1,131.83,587,131.83,67,30,0.05110732538330494,587.0
17566.0,8,2,901.21,25,450.605,518,113,2.4,12.5
17567.0,7,9,5356.03,442,595.1144444444444,3152,128,0.6108597285067874,49.111111111111114
17568.0,633,1,382.79,633,382.79,283,61,0.04739336492890995,633.0
17569.0,332,1,344.14,332,344.14,159,29,0.09036144578313253,332.0
17570.0,382,1,100.0,382,100.0,1,1,0.07853403141361257,382.0
17571.0,50,5,1703.75,543,340.75,1020,290,0.27624309392265195,108.6
17572.0,71,10,723.01,725,72.301,351,14,0.41379310344827586,72.5
17573.0,29,3,380.6,94,126.86666666666667,308,24,0.9574468085106382,31.333333333333332
17574.0,243,1,185.65,243,185.65,77,8,0.1234567901234568,243.0
17575.0,667,1,171.7,667,171.7,72,5,0.04497751124437781,667.0
17576.0,8,41,9056.81,736,220.89780487804876,4740,417,1.671195652173913,17.951219512195124
17577.0,645,2,348.75,669,174.375,179,20,0.08968609865470853,334.5
17578.0,218,7,1047.33,530,149.6185714285714,529,57,0.39622641509433965,75.71428571428571
17579.0,5,4,753.28,578,188.32,375,89,0.20761245674740486,144.5
17580.0,253,5,545.27,422,109.054,224,78,0.3554502369668246,84.4
17581.0,1,43,18757.75,737,436.2267441860465,9972,387,1.7503392130257802,17.13953488372093
17582.0,236,5,1450.7,624,290.14,606,92,0.24038461538461536,124.8
17583.0,560,1,135.95,560,135.95,55,7,0.05357142857142857,560.0
17584.0,7,6,5309.42,684,884.9033333333333,2464,85,0.2631578947368421,114.0
17585.0,109,7,2093.3,478,299.04285714285714,2539,295,0.4393305439330544,68.28571428571429
17586.0,619,1,167.4,619,167.4,68,8,0.048465266558966075,619.0
17587.0,628,1,181.66,628,181.66,68,42,0.04777070063694268,628.0
17588.0,100,7,2939.55,638,419.9357142857143,1379,35,0.329153605015674,91.14285714285714
17589.0,60,18,14049.87,642,780.5483333333334,8788,601,0.8411214953271028,35.666666666666664
17590.0,2,3,1479.22,40,493.0733333333333,828,162,2.25,13.333333333333334
17591.0,73,8,2776.67,691,347.08375,1173,93,0.3473227206946454,86.375
17592.0,739,1,148.3,739,148.3,38,13,0.04059539918809202,739.0
17593.0,4,11,8095.8,735,735.9818181818182,5607,311,0.4489795918367347,66.81818181818181
17594.0,85,4,2497.88,605,624.47,1368,70,0.19834710743801653,151.25
17595.0,12,2,388.79,37,194.395,229,68,1.6216216216216217,18.5
17596.0,23,13,4920.67,724,378.51307692307694,7619,274,0.5386740331491713,55.69230769230769
17597.0,214,5,3484.09,583,696.818,2215,109,0.25728987993138935,116.6
17598.0,381,1,409.98,381,409.98,126,10,0.07874015748031496,381.0
17599.0,478,1,52.05,478,52.05,11,3,0.06276150627615062,478.0
17600.0,18,1,161.67000000000002,18,161.67000000000002,144,13,1.6666666666666665,18.0
17601.0,239,2,421.48,380,210.74,299,69,0.15789473684210525,190.0
17602.0,2,14,7451.13,619,532.2235714285714,5936,450,0.678513731825525,44.214285714285715
17603.0,78,4,1793.48,730,448.37,640,104,0.1643835616438356,182.5
17604.0,217,6,945.9300000000001,682,157.655,616,142,0.2639296187683285,113.66666666666667
17605.0,590,1,160.75,590,160.75,71,13,0.05084745762711864,590.0
17606.0,737,1,87.30000000000001,737,87.30000000000001,42,6,0.04070556309362279,737.0
17607.0,376,1,333.81,376,333.81,269,22,0.0797872340425532,376.0
17608.0,33,4,498.53,607,124.6325,539,134,0.19769357495881384,151.75
17609.0,41,11,1894.34,609,172.21272727272728,1325,317,0.541871921182266,55.36363636363637
17610.0,540,5,1529.49,733,305.898,902,114,0.20463847203274216,146.6
17611.0,7,28,8371.98,738,298.9992857142857,5356,722,1.1382113821138211,26.357142857142858
17612.0,53,18,5394.86,723,299.71444444444444,3521,213,0.7468879668049792,40.166666666666664
17613.0,23,14,4559.150000000001,306,325.65357142857147,2496,211,1.3725490196078431,21.857142857142858
17614.0,57,1,390.07,57,390.07,238,97,0.5263157894736842,57.0
17615.0,130,6,733.2,485,122.2,386,47,0.37113402061855666,80.83333333333333
17616.0,174,4,1060.8,452,265.2,416,1,0.2654867256637168,113.0
17617.0,559,1,395.33,559,395.33,255,18,0.05366726296958855,559.0
17618.0,6,11,4073.2400000000002,685,370.29454545454547,1820,202,0.48175182481751827,62.27272727272727
17619.0,312,1,218.52,312,218.52,127,71,0.09615384615384615,312.0
17620.0,60,1,81.44,60,81.44,60,4,0.5,60.0
17621.0,21,6,3175.12,432,529.1866666666666,1110,61,0.41666666666666663,72.0
17622.0,598,2,1130.21,598,565.105,379,19,0.10033444816053512,299.0
17623.0,33,7,2383.67,725,340.5242857142857,801,130,0.2896551724137931,103.57142857142857
17624.0,15,4,1568.63,720,392.1575,958,91,0.16666666666666669,180.0
17625.0,18,8,6067.8,725,758.475,3551,429,0.3310344827586207,90.625
17626.0,603,1,254.0,603,254.0,202,18,0.04975124378109453,603.0
17627.0,479,1,296.36,479,296.36,676,10,0.06263048016701461,479.0
17628.0,81,1,75.75,81,75.75,79,5,0.37037037037037035,81.0
17629.0,6,10,2455.52,421,245.552,1903,129,0.7125890736342042,42.1
17630.0,170,2,503.59999999999997,232,251.79999999999998,158,24,0.25862068965517243,116.0
17631.0,2,7,998.49,730,142.64142857142858,591,66,0.28767123287671237,104.28571428571429
17633.0,31,7,2057.39,389,293.91285714285715,899,84,0.5398457583547558,55.57142857142857
17634.0,36,9,2361.9700000000003,338,262.4411111111111,840,209,0.7988165680473372,37.55555555555556
17635.0,424,3,1265.58,591,421.85999999999996,770,60,0.15228426395939085,197.0
17636.0,19,1,285.56,19,285.56,182,20,1.5789473684210527,19.0
17637.0,31,2,547.0600000000001,115,273.53000000000003,280,35,0.5217391304347826,57.5
17638.0,647,2,842.4,722,421.2,432,2,0.08310249307479224,361.0
17639.0,276,6,615.17,484,102.52833333333332,576,59,0.371900826446281,80.66666666666667
17640.0,87,6,3168.94,627,528.1566666666666,1692,48,0.28708133971291866,104.5
17642.0,120,5,1824.49,734,364.898,1475,88,0.20435967302452315,146.8
17643.0,373,2,541.25,505,270.625,297,30,0.1188118811881188,252.5
17644.0,1,20,6028.6,662,301.43,3469,160,0.9063444108761329,33.1
17646.0,219,12,4149.79,724,345.81583333333333,1418,124,0.49723756906077343,60.333333333333336
17647.0,65,3,331.65999999999997,669,110.55333333333333,82,12,0.13452914798206278,223.0
17648.0,61,5,2216.37,385,443.274,954,114,0.38961038961038963,77.0
17649.0,138,3,1578.89,472,526.2966666666667,723,88,0.19067796610169493,157.33333333333334
17650.0,21,1,166.08,21,166.08,150,8,1.4285714285714284,21.0
17651.0,12,16,5703.52,527,356.47,4086,198,0.9108159392789374,32.9375
17652.0,25,12,4867.72,281,405.6433333333334,2509,118,1.2811387900355873,23.416666666666668
17653.0,37,4,1207.56,120,301.89,1409,44,1.0,30.0
17654.0,277,1,117.55,277,117.55,41,22,0.10830324909747292,277.0
17655.0,11,9,3652.48,417,405.8311111111111,1542,75,0.6474820143884893,46.333333333333336
17656.0,73,5,1674.69,129,334.938,1399,67,1.1627906976744187,25.8
17657.0,430,1,126.0,430,126.0,60,7,0.06976744186046512,430.0
17658.0,26,2,595.42,211,297.71,616,17,0.28436018957345977,105.5
17659.0,17,14,3834.79,386,273.9135714285714,1816,150,1.088082901554404,27.571428571428573
17660.0,141,2,359.47,737,179.735,268,75,0.08141112618724558,368.5
17662.0,662,2,412.92,723,206.46,184,14,0.08298755186721993,361.5
17663.0,26,17,5175.83,646,304.4605882352941,2297,153,0.7894736842105263,38.0
17664.0,19,4,1166.23,620,291.5575,1058,68,0.1935483870967742,155.0
17665.0,493,1,563.1,493,563.1,690,19,0.060851926977687626,493.0
17666.0,4,5,2047.8,528,409.56,1552,30,0.2840909090909091,105.6
17667.0,66,9,3950.7,655,438.96666666666664,2192,140,0.41221374045801523,72.77777777777777
17668.0,1,2,347.75,38,173.875,93,14,1.5789473684210527,19.0
17669.0,43,10,6142.35,617,614.235,3505,85,0.4862236628849271,61.7
17670.0,228,1,205.7,228,205.7,110,11,0.13157894736842105,228.0
17671.0,16,5,2403.34,376,480.668,1177,54,0.39893617021276595,75.2
17672.0,50,7,5778.63,682,825.5185714285715,2758,179,0.30791788856304986,97.42857142857143
17673.0,2,13,4233.58,630,325.65999999999997,3338,195,0.6190476190476191,48.46153846153846
17674.0,74,2,851.7,369,425.85,1021,19,0.16260162601626016,184.5
17675.0,1,70,38259.6,729,546.5657142857143,16416,345,2.8806584362139915,10.414285714285715
17676.0,4,10,2765.84,620,276.584,1932,85,0.4838709677419355,62.0
17677.0,2,54,36692.91,724,679.4983333333334,21936,346,2.2375690607734806,13.407407407407407
17678.0,264,2,599.76,603,299.88,368,27,0.09950248756218906,301.5
17679.0,53,7,3577.61,736,511.08714285714285,1755,70,0.28532608695652173,105.14285714285714
17680.0,24,3,497.45,511,165.81666666666666,155,20,0.1761252446183953,170.33333333333334
17681.0,597,5,731.2,694,146.24,450,12,0.21613832853025935,138.8
17682.0,10,11,4456.78,642,405.16181818181815,2491,85,0.514018691588785,58.36363636363637
17683.0,386,3,819.01,554,273.00333333333333,781,41,0.1624548736462094,184.66666666666666
17684.0,44,1,239.41,44,239.41,145,15,0.6818181818181819,44.0
17685.0,17,12,5943.17,666,495.26416666666665,3854,124,0.5405405405405406,55.5
17686.0,7,9,8296.81,534,921.8677777777777,3583,283,0.5056179775280899,59.333333333333336
17687.0,421,1,432.68,421,432.68,210,26,0.07125890736342043,421.0
17688.0,394,1,304.2,394,304.2,114,19,0.07614213197969542,394.0
17689.0,388,2,317.08,474,158.54,300,17,0.12658227848101264,237.0
17690.0,30,20,7448.1,674,372.40500000000003,3126,237,0.8902077151335311,33.7
17691.0,358,4,780.0500000000001,547,195.01250000000002,373,37,0.21937842778793418,136.75
17692.0,127,12,2975.8,541,247.98333333333335,2338,90,0.6654343807763401,45.083333333333336
17693.0,137,1,200.47,137,200.47,231,16,0.218978102189781,137.0
17694.0,142,3,1695.97,563,565.3233333333334,1493,54,0.15985790408525755,187.66666666666666
17695.0,132,5,1746.04,681,349.20799999999997,1809,46,0.22026431718061673,136.2
17696.0,38,27,7679.59,729,284.42925925925925,5891,191,1.1111111111111112,27.0
17697.0,236,1,338.95,236,338.95,93,19,0.1271186440677966,236.0
17698.0,261,1,154.95,261,154.95,93,8,0.11494252873563218,261.0
17699.0,477,2,442.0,562,221.0,208,17,0.10676156583629892,281.0
17700.0,17,14,6679.97,739,477.1407142857143,3469,259,0.5683355886332883,52.785714285714285
17701.0,253,1,417.95,253,417.95,109,24,0.11857707509881422,253.0
17702.0,30,6,3144.04,401,524.0066666666667,2153,120,0.44887780548628425,66.83333333333333
17703.0,35,4,1094.84,418,273.71,897,63,0.28708133971291866,104.5
17704.0,169,2,885.19,240,442.595,343,27,0.25,120.0
17705.0,3,11,2083.9,577,189.44545454545457,1301,74,0.5719237435008665,52.45454545454545
17706.0,4,31,20749.98,690,669.3541935483871,8049,408,1.3478260869565217,22.258064516129032
17707.0,185,8,609.3000000000001,733,76.16250000000001,546,9,0.3274215552523875,91.625
17708.0,188,4,887.9300000000001,424,221.98250000000002,388,57,0.2830188679245283,106.0
17709.0,170,5,671.01,603,134.202,295,37,0.24875621890547264,120.6
17710.0,424,1,293.5,424,293.5,158,20,0.07075471698113207,424.0
17711.0,11,2,385.1,290,192.55,246,22,0.20689655172413793,145.0
17712.0,45,1,522.91,45,522.91,215,29,0.6666666666666667,45.0
17713.0,382,4,1198.09,549,299.5225,989,55,0.2185792349726776,137.25
17714.0,321,5,1410.18,514,282.036,608,69,0.2918287937743191,102.8
17715.0,201,2,489.59999999999997,593,244.79999999999998,576,1,0.10118043844856661,296.5
17716.0,23,24,15956.97,737,664.87375,8819,334,0.976933514246947,30.708333333333332
17717.0,421,1,376.92,421,376.92,344,26,0.07125890736342043,421.0
17718.0,232,2,439.18,645,219.59,274,22,0.09302325581395349,322.5
17719.0,38,15,5396.04,256,359.736,2466,111,1.7578125,17.066666666666666
17720.0,26,10,2768.91,579,276.89099999999996,1613,81,0.5181347150259067,57.9
17721.0,659,1,307.21000000000004,659,307.21000000000004,107,11,0.045523520485584223,659.0
17722.0,96,5,4430.36,376,886.0719999999999,2937,163,0.39893617021276595,75.2
17723.0,127,7,3378.4000000000005,376,482.6285714285715,912,6,0.5585106382978723,53.714285714285715
17724.0,71,3,1033.0,138,344.3333333333333,300,38,0.6521739130434783,46.0
17725.0,16,11,3439.08,267,312.64363636363635,2162,115,1.2359550561797752,24.272727272727273
17726.0,395,7,1092.06,682,156.00857142857143,444,52,0.30791788856304986,97.42857142857143
17727.0,15,1,1060.25,15,1060.25,645,66,2.0,15.0
17728.0,4,5,4238.76,453,847.7520000000001,2146,196,0.33112582781456956,90.6
17729.0,596,1,438.65000000000003,596,438.65000000000003,247,23,0.050335570469798654,596.0
17730.0,3,20,7773.8,590,388.69,5300,177,1.0169491525423728,29.5
17731.0,79,6,1708.99,669,284.83166666666665,707,82,0.26905829596412556,111.5
17732.0,373,8,2470.39,488,308.79875,1151,90,0.49180327868852464,61.0
17733.0,39,2,692.19,262,346.095,463,33,0.22900763358778625,131.0
17734.0,54,6,1442.32,642,240.38666666666666,741,76,0.2803738317757009,107.0
17735.0,2,26,17244.93,497,663.2665384615385,10901,391,1.5694164989939638,19.115384615384617
17736.0,9,3,377.44,113,125.81333333333333,238,24,0.7964601769911505,37.666666666666664
17737.0,9,2,168.24,58,84.12,108,8,1.0344827586206897,29.0
17738.0,19,13,4183.56,631,321.81230769230774,2776,173,0.618066561014263,48.53846153846154
17739.0,12,18,7730.59,733,429.4772222222222,2335,56,0.7366984993178718,40.72222222222222
17740.0,389,6,426.9,697,71.14999999999999,222,5,0.2582496413199426,116.16666666666667
17741.0,407,2,101.1,561,50.55,114,6,0.10695187165775401,280.5
17742.0,113,11,2098.48,738,190.7709090909091,653,52,0.44715447154471544,67.0909090909091
17743.0,448,1,229.2,448,229.2,96,3,0.06696428571428571,448.0
17744.0,4,7,2649.14,381,378.4485714285714,3826,121,0.5511811023622047,54.42857142857143
17745.0,478,2,600.34,556,300.17,164,27,0.10791366906474821,278.0
17746.0,240,4,904.1800000000001,610,226.04500000000002,688,32,0.19672131147540983,152.5
17747.0,113,1,71.4,113,71.4,12,1,0.2654867256637168,113.0
17748.0,527,1,358.15,527,358.15,111,17,0.05692599620493359,527.0
17749.0,178,3,1026.18,546,342.06,446,52,0.16483516483516486,182.0
17750.0,5,9,1797.57,164,199.73,3957,101,1.646341463414634,18.22222222222222
17751.0,421,1,157.85999999999999,421,157.85999999999999,147,31,0.07125890736342043,421.0
17752.0,359,1,80.64,359,80.64,192,1,0.08356545961002786,359.0
17753.0,464,4,390.56,702,97.64,128,63,0.17094017094017094,175.5
17754.0,1,13,4577.53,728,352.11769230769227,4441,185,0.5357142857142857,56.0
17756.0,376,3,733.7,394,244.5666666666667,400,54,0.2284263959390863,131.33333333333334
17757.0,1,56,9422.45,695,168.25803571428574,5163,362,2.4172661870503593,12.410714285714286
17758.0,19,12,5012.53,568,417.7108333333333,3236,403,0.6338028169014085,47.333333333333336
17759.0,17,5,1276.91,584,255.382,976,114,0.2568493150684931,116.8
17760.0,22,6,918.93,650,153.155,696,58,0.27692307692307694,108.33333333333333
17761.0,33,1,712.78,33,712.78,398,19,0.9090909090909092,33.0
17762.0,456,1,129.75,456,129.75,129,16,0.06578947368421052,456.0
17763.0,263,4,86.15,659,21.5375,41,11,0.1820940819423369,164.75
17764.0,51,5,1623.64,736,324.728,729,126,0.20380434782608695,147.2
17765.0,159,4,530.8,449,132.7,197,71,0.26726057906458794,112.25
17766.0,381,2,299.61,381,149.805,155,21,0.15748031496062992,190.5
17767.0,15,2,413.05,410,206.525,198,35,0.14634146341463414,205.0
17768.0,8,7,3509.51,738,501.35857142857145,2433,134,0.2845528455284553,105.42857142857143
17769.0,13,17,7103.08,690,417.82823529411763,3176,330,0.7391304347826088,40.588235294117645
17770.0,199,5,1143.27,282,228.654,365,33,0.5319148936170213,56.4
17771.0,57,4,387.41,589,96.8525,373,63,0.2037351443123939,147.25
17772.0,11,3,384.77,393,128.25666666666666,122,94,0.22900763358778625,131.0
17773.0,514,2,585.27,690,292.635,260,48,0.08695652173913043,345.0
17774.0,97,9,3328.05,669,369.78333333333336,1609,286,0.40358744394618834,74.33333333333333
17775.0,255,1,56.4,255,56.4,72,3,0.11764705882352941,255.0
17776.0,387,2,338.56,723,169.28,277,74,0.08298755186721993,361.5
17777.0,25,3,665.86,100,221.95333333333335,507,141,0.8999999999999999,33.333333333333336
17778.0,662,1,197.70000000000002,662,197.70000000000002,214,10,0.045317220543806644,662.0
17779.0,21,3,658.57,144,219.52333333333334,397,73,0.625,48.0
17780.0,667,3,352.91,685,117.63666666666667,158,76,0.13138686131386862,228.33333333333334
17781.0,159,2,188.02,253,94.01,34,12,0.23715415019762845,126.5
17782.0,383,2,679.02,383,339.51,538,29,0.1566579634464752,191.5
17783.0,72,3,379.91,513,126.63666666666667,439,91,0.17543859649122806,171.0
17784.0,550,1,112.86,550,112.86,72,19,0.05454545454545454,550.0
17785.0,53,3,403.38,565,134.46,227,48,0.1592920353982301,188.33333333333334
17786.0,85,2,278.74,317,139.37,200,57,0.1892744479495268,158.5
17787.0,153,4,2601.4700000000003,371,650.3675000000001,1266,94,0.3234501347708895,92.75
17788.0,74,2,1117.9,130,558.95,211,3,0.46153846153846156,65.0
17789.0,281,2,397.15,661,198.575,199,27,0.0907715582450832,330.5
17790.0,27,20,2783.61,544,139.1805,1389,188,1.1029411764705883,27.2
17791.0,30,1,106.1,30,106.1,46,10,1.0,30.0
17792.0,467,2,370.05,478,185.025,151,45,0.12552301255230125,239.0
17793.0,25,1,323.04,25,323.04,232,49,1.2,25.0
17794.0,687,2,147.3,689,73.65,46,7,0.08708272859216255,344.5
17795.0,180,2,350.39,265,175.195,341,43,0.22641509433962265,132.5
17796.0,40,7,1361.99,421,194.57,379,149,0.498812351543943,60.142857142857146
17797.0,22,8,1985.87,724,248.23375,1090,222,0.3314917127071823,90.5
17798.0,582,1,183.09,582,183.09,142,43,0.05154639175257732,582.0
17799.0,22,20,6341.89,726,317.09450000000004,3707,478,0.8264462809917356,36.3
17800.0,37,9,1199.01,334,133.22333333333333,736,51,0.8083832335329342,37.111111111111114
17801.0,451,3,798.3299999999999,692,266.10999999999996,838,66,0.13005780346820808,230.66666666666666
17802.0,82,10,5053.12,726,505.312,2786,283,0.4132231404958678,72.6
17803.0,392,1,184.66,392,184.66,98,27,0.07653061224489795,392.0
17804.0,376,3,385.23,739,128.41,195,82,0.12178619756427604,246.33333333333334
17805.0,74,2,927.03,610,463.515,1126,10,0.09836065573770492,305.0
17806.0,11,1,546.04,11,546.04,727,43,2.7272727272727275,11.0
17807.0,395,3,437.87,704,145.95666666666668,262,88,0.1278409090909091,234.66666666666666
17808.0,549,4,262.64,581,65.66,143,29,0.20654044750430292,145.25
17809.0,16,20,11337.39,737,566.8695,3353,59,0.814111261872456,36.85
17810.0,669,2,374.81,684,187.405,119,51,0.08771929824561403,342.0
17811.0,4,47,9609.8,446,204.46382978723403,5327,538,3.1614349775784754,9.48936170212766
17812.0,13,7,1165.8899999999999,530,166.55571428571426,612,162,0.39622641509433965,75.71428571428571
17813.0,14,5,1770.8799999999999,71,354.176,790,297,2.1126760563380285,14.2
17814.0,375,2,1617.32,422,808.66,1440,112,0.14218009478672988,211.0
17815.0,393,1,591.96,393,591.96,612,13,0.07633587786259542,393.0
17816.0,37,6,112.32,724,18.72,96,41,0.24861878453038672,120.66666666666667
17817.0,4,6,807.85,422,134.64166666666668,365,115,0.42654028436018954,70.33333333333333
17818.0,738,1,130.18,738,130.18,90,42,0.04065040650406504,738.0
17819.0,72,12,6612.5199999999995,726,551.0433333333333,1849,66,0.49586776859504134,60.5
17820.0,374,1,183.56,374,183.56,112,39,0.08021390374331551,374.0
17821.0,406,1,334.62,406,334.62,162,6,0.07389162561576355,406.0
17822.0,420,5,2188.5,561,437.7,1389,152,0.26737967914438504,112.2
17823.0,421,2,494.25,421,247.125,262,88,0.14251781472684086,210.5
17824.0,51,1,298.4,51,298.4,408,13,0.5882352941176471,51.0
17825.0,599,4,731.96,726,182.99,540,24,0.1652892561983471,181.5
17826.0,374,1,134.59,374,134.59,85,33,0.08021390374331551,374.0
17827.0,5,6,2388.05,622,398.0083333333334,1592,240,0.28938906752411575,103.66666666666667
17828.0,23,4,1820.09,185,455.0225,667,54,0.6486486486486487,46.25
17829.0,299,5,4756.74,655,951.348,3009,121,0.22900763358778625,131.0
17830.0,2,3,398.7,289,132.9,92,18,0.31141868512110726,96.33333333333333
17831.0,33,1,35.400000000000006,33,35.400000000000006,12,2,0.9090909090909092,33.0
17832.0,50,1,155.37,50,155.37,208,61,0.6,50.0
17833.0,723,1,342.36,723,342.36,145,28,0.041493775933609964,723.0
17834.0,415,2,730.47,445,365.235,687,54,0.13483146067415733,222.5
17835.0,3,3,350.64,23,116.88,348,45,3.9130434782608696,7.666666666666667
17836.0,47,1,110.21000000000001,47,110.21000000000001,88,23,0.6382978723404256,47.0
17837.0,42,8,1593.38,163,199.1725,518,110,1.4723926380368098,20.375
17838.0,27,13,6722.900000000001,631,517.1461538461539,4149,141,0.618066561014263,48.53846153846154
17839.0,42,1,338.8,42,338.8,285,50,0.7142857142857142,42.0
17840.0,444,1,185.72,444,185.72,138,44,0.06756756756756757,444.0
17841.0,2,211,70884.07,737,335.94345971563985,37558,2116,8.588873812754409,3.4928909952606637
17842.0,602,1,430.69,602,430.69,89,18,0.04983388704318937,602.0
17843.0,303,2,326.23,412,163.115,276,58,0.14563106796116504,206.0
17844.0,107,1,51.559999999999995,107,51.559999999999995,52,5,0.2803738317757009,107.0
17845.0,555,4,598.19,576,149.5475,196,42,0.20833333333333331,144.0
17846.0,85,1,2033.1,85,2033.1,1,1,0.3529411764705882,85.0
17847.0,516,2,129.69,645,64.845,29,9,0.09302325581395349,322.5
17848.0,81,30,3650.9,733,121.69666666666667,1438,105,1.227830832196453,24.433333333333334
17849.0,218,8,1063.76,635,132.97,224,24,0.3779527559055118,79.375
17850.0,372,155,56600.08,735,365.1618064516129,22785,100,6.326530612244898,4.741935483870968
17851.0,422,6,1563.34,736,260.5566666666667,938,185,0.24456521739130435,122.66666666666667
17852.0,12,5,663.21,731,132.642,376,82,0.2051983584131327,146.2
17853.0,407,3,1608.19,736,536.0633333333334,627,84,0.12228260869565218,245.33333333333334
17854.0,185,6,1071.45,732,178.57500000000002,610,113,0.24590163934426232,122.0
17855.0,373,1,417.94,373,417.94,394,17,0.08042895442359249,373.0
17856.0,2,4,1418.03,282,354.5075,842,12,0.425531914893617,70.5
17857.0,4,24,28682.24,642,1195.0933333333335,22060,21,1.1214953271028036,26.75
17858.0,6,30,12797.65,733,426.5883333333333,5483,173,1.227830832196453,24.433333333333334
17859.0,305,1,148.21,305,148.21,127,23,0.09836065573770492,305.0
17860.0,369,4,1015.54,728,253.885,817,127,0.16483516483516486,182.0
17861.0,3,18,5127.69,730,284.87166666666667,4574,329,0.7397260273972602,40.55555555555556
17862.0,324,4,1279.09,563,319.7725,443,90,0.21314387211367675,140.75
17863.0,59,12,5745.2,653,478.76666666666665,4952,154,0.551301684532925,54.416666666666664
17864.0,13,5,924.32,428,184.864,1121,93,0.35046728971962615,85.6
17865.0,31,46,26374.39,739,573.356304347826,12985,391,1.8673883626522327,16.065217391304348
17866.0,143,3,1134.95,725,378.31666666666666,535,20,0.12413793103448276,241.66666666666666
17867.0,30,15,1621.2800000000002,737,108.08533333333335,672,119,0.6105834464043419,49.13333333333333
17868.0,386,1,234.65,386,234.65,91,18,0.07772020725388601,386.0
17869.0,107,7,1036.16,547,148.02285714285716,560,72,0.38391224862888484,78.14285714285714
17870.0,2,13,3108.15,382,239.08846153846156,1877,215,1.0209424083769634,29.384615384615383
17871.0,205,5,1118.99,693,223.798,713,64,0.21645021645021645,138.6
17872.0,382,1,235.87,382,235.87,176,15,0.07853403141361257,382.0
17873.0,80,18,6515.88,723,361.99333333333334,4312,65,0.7468879668049792,40.166666666666664
17874.0,185,6,683.46,256,113.91000000000001,221,37,0.703125,42.666666666666664
17875.0,688,1,167.1,688,167.1,98,25,0.0436046511627907,688.0
17876.0,400,3,3424.02,675,1141.34,1958,3,0.13333333333333333,225.0
17877.0,170,1,237.61,170,237.61,98,12,0.1764705882352941,170.0
17878.0,44,3,1412.33,395,470.77666666666664,1038,82,0.22784810126582278,131.66666666666666
17879.0,174,1,178.51999999999998,174,178.51999999999998,45,6,0.1724137931034483,174.0
17880.0,365,3,824.9200000000001,730,274.97333333333336,466,43,0.1232876712328767,243.33333333333334
17881.0,304,1,133.35000000000002,304,133.35000000000002,32,8,0.09868421052631579,304.0
17882.0,379,2,313.46,379,156.73,134,47,0.15831134564643798,189.5
17883.0,3,7,995.85,652,142.2642857142857,481,155,0.3220858895705522,93.14285714285714
17884.0,4,20,3072.89,735,153.6445,3088,305,0.8163265306122449,36.75
17885.0,12,1,190.19,12,190.19,167,50,2.5,12.0
17886.0,32,6,1608.38,590,268.06333333333333,725,138,0.30508474576271183,98.33333333333333
17887.0,129,1,111.35,129,111.35,30,10,0.23255813953488372,129.0
17888.0,21,25,1820.44,718,72.8176,1544,145,1.0445682451253482,28.72
17889.0,212,7,774.87,619,110.69571428571429,417,97,0.3392568659127625,88.42857142857143
17890.0,323,2,602.09,361,301.045,416,88,0.16620498614958448,180.5
17891.0,162,1,203.85999999999999,162,203.85999999999999,393,34,0.18518518518518517,162.0
17892.0,56,3,244.1,155,81.36666666666666,109,27,0.5806451612903226,51.666666666666664
17893.0,225,1,112.25,225,112.25,161,15,0.13333333333333333,225.0
17894.0,72,18,2453.38,469,136.29888888888888,1020,215,1.1513859275053306,26.055555555555557
17895.0,44,1,98.0,44,98.0,130,15,0.6818181818181819,44.0
17896.0,23,1,256.32,23,256.32,288,2,1.3043478260869565,23.0
17897.0,173,9,2585.0,576,287.22222222222223,1043,211,0.46875,64.0
17898.0,85,4,299.18,567,74.795,251,48,0.21164021164021163,141.75
17899.0,159,1,155.8,159,155.8,171,29,0.18867924528301888,159.0
17900.0,190,2,112.19999999999999,190,56.099999999999994,73,4,0.3157894736842105,95.0
17901.0,29,3,260.08,522,86.69333333333333,38,22,0.1724137931034483,174.0
17902.0,547,1,216.39999999999998,547,216.39999999999998,526,24,0.054844606946983544,547.0
17903.0,394,1,381.09000000000003,394,381.09000000000003,142,44,0.07614213197969542,394.0
17904.0,21,1,191.67,21,191.67,63,33,1.4285714285714284,21.0
17905.0,71,13,2383.52,680,183.3476923076923,1373,129,0.573529411764706,52.30769230769231
17906.0,247,1,72.9,247,72.9,26,12,0.12145748987854252,247.0
17907.0,641,1,291.76,641,291.76,1046,13,0.046801872074883,641.0
17908.0,374,5,1411.54,726,282.308,856,178,0.2066115702479339,145.2
17909.0,737,1,132.55,737,132.55,41,8,0.04070556309362279,737.0
17910.0,726,1,261.7,726,261.7,121,25,0.04132231404958678,726.0
17911.0,9,1,366.23,9,366.23,223,39,3.333333333333333,9.0
17912.0,310,6,375.5,375,62.583333333333336,216,48,0.48,62.5
17913.0,59,14,3479.64,736,248.54571428571427,1745,224,0.5706521739130435,52.57142857142857
17914.0,4,1,336.43,4,336.43,473,72,7.5,4.0
17915.0,551,1,242.13,551,242.13,191,27,0.0544464609800363,551.0
17916.0,629,2,43.87,733,21.935,90,15,0.08185538881309687,366.5
17917.0,45,3,341.28,363,113.75999999999999,187,77,0.24793388429752067,121.0
17918.0,501,3,396.39,505,132.13,352,34,0.1782178217821782,168.33333333333334
17919.0,88,2,1840.32,439,920.16,1452,37,0.1366742596810934,219.5
17920.0,4,54,24516.46,734,454.0085185185185,12666,715,2.20708446866485,13.592592592592593
17921.0,64,10,2423.5,512,242.35,1002,230,0.5859375,51.2
17922.0,543,1,170.4,543,170.4,49,8,0.05524861878453039,543.0
17923.0,282,3,497.0,544,165.66666666666666,140,2,0.16544117647058826,181.33333333333334
17924.0,12,8,3536.7000000000003,415,442.08750000000003,1268,27,0.5783132530120483,51.875
17925.0,373,1,488.16,373,488.16,144,1,0.08042895442359249,373.0
17926.0,133,5,1035.49,579,207.098,572,27,0.25906735751295334,115.8
17927.0,722,1,294.0,722,294.0,108,10,0.04155124653739612,722.0
17928.0,45,3,341.24,571,113.74666666666667,222,27,0.1576182136602452,190.33333333333334
17929.0,11,12,3082.1,731,256.84166666666664,434,6,0.49247606019151846,60.916666666666664
17930.0,36,13,4275.22,646,328.86307692307696,3795,39,0.6037151702786377,49.69230769230769
17931.0,134,14,3437.29,661,245.5207142857143,1937,274,0.6354009077155824,47.214285714285715
17932.0,29,3,1331.57,211,443.8566666666666,789,84,0.42654028436018954,70.33333333333333
17933.0,632,1,114.69,632,114.69,63,12,0.04746835443037974,632.0
17934.0,52,3,1049.15,407,349.7166666666667,628,36,0.22113022113022113,135.66666666666666
17935.0,138,7,686.14,735,98.02,244,60,0.28571428571428575,105.0
17936.0,5,1,389.84,5,389.84,262,68,6.0,5.0
17937.0,9,7,4301.22,362,614.46,1754,19,0.580110497237569,51.714285714285715
17938.0,420,1,144.29,420,144.29,53,29,0.07142857142857144,420.0
17939.0,160,1,99.14,160,99.14,40,12,0.1875,160.0
17940.0,49,16,30393.19,737,1899.574375,85580,11,0.6512890094979646,46.0625
17941.0,131,4,1433.28,702,358.32,1108,5,0.17094017094017094,175.5
17942.0,8,1,77.50000000000001,8,77.50000000000001,38,2,3.75,8.0
17944.0,423,1,75.41,423,75.41,85,24,0.07092198581560283,423.0
17945.0,697,3,360.35,697,120.11666666666667,244,66,0.1291248206599713,232.33333333333334
17946.0,233,2,149.57999999999998,259,74.78999999999999,75,18,0.23166023166023167,129.5
17947.0,37,1,176.68,37,176.68,168,9,0.8108108108108109,37.0
17948.0,147,1,358.56000000000006,147,358.56000000000006,144,1,0.20408163265306123,147.0
17949.0,1,118,118628.08,738,1005.3227118644068,60658,58,4.796747967479675,6.254237288135593
17950.0,72,7,1432.81,704,204.68714285714285,847,133,0.29829545454545453,100.57142857142857
17951.0,40,4,1636.0800000000002,404,409.02000000000004,898,24,0.297029702970297,101.0
17952.0,378,4,819.61,542,204.9025,504,85,0.22140221402214022,135.5
17953.0,540,1,160.82,540,160.82,99,20,0.05555555555555556,540.0
17954.0,5,19,3966.05,730,208.73947368421054,3265,479,0.7808219178082192,38.421052631578945
17955.0,199,6,949.9,665,158.31666666666666,681,16,0.27067669172932335,110.83333333333333
17956.0,249,1,12.75,249,12.75,1,1,0.12048192771084336,249.0
17957.0,66,1,111.68,66,111.68,287,31,0.4545454545454546,66.0
17958.0,117,2,973.88,728,486.94,284,35,0.08241758241758243,364.0
17959.0,592,1,140.75,592,140.75,49,2,0.05067567567567568,592.0
17960.0,171,3,135.08,642,45.02666666666667,60,37,0.14018691588785046,214.0
17961.0,21,100,2995.54,738,29.9554,1537,486,4.0650406504065035,7.38
17962.0,142,4,687.42,695,171.855,651,146,0.17266187050359713,173.75
17963.0,471,4,651.51,689,162.8775,344,98,0.1741654571843251,172.25
17964.0,32,2,733.46,372,366.73,496,84,0.16129032258064518,186.0
17965.0,38,29,7240.9800000000005,725,249.6889655172414,4525,588,1.2,25.0
17966.0,38,10,1974.42,690,197.442,3943,82,0.43478260869565216,69.0
17967.0,372,2,357.28999999999996,416,178.64499999999998,198,59,0.14423076923076925,208.0
17968.0,374,4,888.04,512,222.01,525,106,0.234375,128.0
17969.0,166,20,2369.94,733,118.497,1017,113,0.8185538881309686,36.65
17970.0,211,1,582.59,211,582.59,525,27,0.14218009478672988,211.0
17971.0,548,1,161.94,548,161.94,62,21,0.05474452554744525,548.0
17972.0,242,1,136.04,242,136.04,37,30,0.12396694214876033,242.0
17973.0,52,1,337.04,52,337.04,176,15,0.576923076923077,52.0
17974.0,25,6,1858.06,407,309.6766666666667,1243,279,0.44226044226044225,67.83333333333333
17975.0,15,24,7028.83,491,292.86791666666664,2271,243,1.4663951120162932,20.458333333333332
17976.0,372,1,706.38,372,706.38,212,56,0.08064516129032259,372.0
17977.0,29,2,1565.6299999999999,400,782.8149999999999,2062,94,0.15,200.0
17978.0,365,4,1461.76,731,365.44,1797,62,0.16415868673050615,182.75
17979.0,36,4,757.71,260,189.4275,397,116,0.46153846153846156,65.0
17980.0,166,4,1033.42,393,258.355,782,41,0.3053435114503817,98.25
17981.0,411,1,239.12,411,239.12,260,17,0.07299270072992702,411.0
17982.0,681,1,138.18,681,138.18,117,13,0.04405286343612334,681.0
17983.0,395,1,171.71,395,171.71,108,23,0.0759493670886076,395.0
17984.0,145,5,1191.27,739,238.254,973,209,0.2029769959404601,147.8
17985.0,22,1,634.95,22,634.95,183,20,1.3636363636363638,22.0
17986.0,56,1,20.8,56,20.8,10,1,0.5357142857142857,56.0
17987.0,185,5,1003.64,551,200.728,1015,139,0.2722323049001815,110.2
17988.0,12,14,489.54,732,34.96714285714286,186,115,0.5737704918032787,52.285714285714285
17989.0,379,1,228.82999999999998,379,228.82999999999998,329,26,0.07915567282321899,379.0
17990.0,237,6,1527.6100000000001,732,254.6016666666667,777,40,0.24590163934426232,122.0
17991.0,225,3,320.55,592,106.85000000000001,100,37,0.15202702702702703,197.33333333333334
17992.0,389,1,254.13,389,254.13,131,49,0.07712082262210797,389.0
17993.0,617,1,235.19,617,235.19,112,60,0.0486223662884927,617.0
17994.0,122,11,2313.32,621,210.3018181818182,2194,227,0.5314009661835748,56.45454545454545
17995.0,282,3,495.48,387,165.16,263,28,0.23255813953488372,129.0
17996.0,380,3,482.33,547,160.77666666666667,587,63,0.16453382084095064,182.33333333333334
17997.0,74,8,1970.6699999999998,164,246.33374999999998,2298,133,1.4634146341463414,20.5
17998.0,380,3,639.24,738,213.08,561,57,0.12195121951219513,246.0
17999.0,37,3,730.9,378,243.63333333333333,395,125,0.23809523809523808,126.0
18000.0,564,1,124.25,564,124.25,109,6,0.05319148936170213,564.0
18001.0,12,6,953.84,737,158.97333333333333,893,120,0.24423337856173674,122.83333333333333
18002.0,376,4,249.92,732,62.48,72,52,0.16393442622950818,183.0
18003.0,376,1,358.61,376,358.61,299,23,0.0797872340425532,376.0
18004.0,362,1,169.47,362,169.47,78,32,0.08287292817679558,362.0
18005.0,4,2,249.72,47,124.86,93,52,1.2765957446808511,23.5
18006.0,23,4,997.86,723,249.465,403,57,0.16597510373443985,180.75
18007.0,393,1,220.32,393,220.32,252,46,0.07633587786259542,393.0
18008.0,70,23,19787.13,703,860.3100000000001,7830,77,0.9815078236130867,30.565217391304348
18009.0,235,8,2155.83,653,269.47875,653,145,0.3675344563552833,81.625
18010.0,257,1,174.8,257,174.8,60,14,0.11673151750972763,257.0
18011.0,373,2,527.03,567,263.515,198,63,0.10582010582010581,283.5
18012.0,723,1,115.3,723,115.3,63,13,0.041493775933609964,723.0
18013.0,155,2,187.29,155,93.645,285,31,0.3870967741935484,77.5
18014.0,28,1,166.42,28,166.42,68,29,1.0714285714285714,28.0
18015.0,4,1,120.03,4,120.03,157,46,7.5,4.0
18016.0,32,7,1960.46,681,280.0657142857143,1209,115,0.30837004405286345,97.28571428571429
18017.0,81,4,688.0,431,172.0,400,1,0.27842227378190254,107.75
18018.0,108,4,297.99,421,74.4975,186,43,0.2850356294536817,105.25
18019.0,52,1,38.45,52,38.45,7,5,0.576923076923077,52.0
18020.0,544,1,190.48000000000002,544,190.48000000000002,67,12,0.05514705882352941,544.0
18021.0,510,2,227.06,512,113.53,169,32,0.1171875,256.0
18022.0,36,5,1651.79,546,330.358,1390,306,0.27472527472527475,109.2
18024.0,153,2,389.78,153,194.89,184,21,0.39215686274509803,76.5
18025.0,380,6,1177.72,619,196.28666666666666,1053,83,0.29079159935379645,103.16666666666667
18026.0,501,2,2074.07,505,1037.035,530,12,0.1188118811881188,252.5
18027.0,99,1,115.31,99,115.31,78,21,0.30303030303030304,99.0
18028.0,583,1,192.05,583,192.05,133,4,0.051457975986277875,583.0
18029.0,642,1,433.77,642,433.77,253,18,0.04672897196261682,642.0
18030.0,4,2,230.64999999999998,42,115.32499999999999,67,8,1.4285714285714284,21.0
18031.0,379,1,462.09999999999997,379,462.09999999999997,300,49,0.07915567282321899,379.0
18032.0,334,1,73.5,334,73.5,42,5,0.08982035928143713,334.0
18033.0,65,1,97.97,65,97.97,253,32,0.46153846153846156,65.0
18034.0,22,3,793.7,376,264.56666666666666,992,182,0.23936170212765956,125.33333333333333
18035.0,36,5,1276.74,385,255.348,1161,52,0.38961038961038963,77.0
18036.0,32,11,1563.6399999999999,722,142.1490909090909,748,221,0.45706371191135736,65.63636363636364
18037.0,154,15,167.42,738,11.161333333333333,37,31,0.6097560975609756,49.2
18038.0,556,1,149.41,556,149.41,85,25,0.053956834532374105,556.0
18039.0,374,4,579.17,641,144.7925,570,137,0.187207488299532,160.25
18040.0,19,2,357.20000000000005,246,178.60000000000002,148,18,0.24390243902439027,123.0
18041.0,12,38,8752.38,695,230.32578947368418,7859,464,1.6402877697841727,18.289473684210527
18042.0,54,2,281.15,542,140.575,69,13,0.11070110701107011,271.0
18043.0,25,3,875.97,367,291.99,454,106,0.24523160762942778,122.33333333333333
18044.0,4,18,3505.61,560,194.75611111111112,1598,128,0.9642857142857142,31.11111111111111
18045.0,45,1,189.4,45,189.4,142,43,0.6666666666666667,45.0
18046.0,650,1,189.63,650,189.63,44,26,0.046153846153846156,650.0
18047.0,381,2,342.69,381,171.345,138,74,0.15748031496062992,190.5
18048.0,203,3,401.73,493,133.91,258,56,0.18255578093306288,164.33333333333334
18049.0,437,2,556.52,590,278.26,425,82,0.10169491525423728,295.0
18050.0,359,2,412.06,393,206.03,250,22,0.15267175572519084,196.5
18051.0,634,7,2282.28,731,326.04,1661,41,0.28727770177838574,104.42857142857143
18052.0,565,1,10877.18,565,10877.18,17766,16,0.05309734513274336,565.0
18053.0,71,3,571.07,528,190.35666666666668,409,29,0.17045454545454547,176.0
18054.0,393,1,176.5,393,176.5,96,11,0.07633587786259542,393.0
18055.0,7,14,11195.57,413,799.6835714285714,3839,320,1.0169491525423728,29.5
18056.0,288,2,554.6,619,277.3,334,28,0.09693053311793215,309.5
18057.0,393,3,1203.56,691,401.18666666666667,978,121,0.13024602026049206,230.33333333333334
18058.0,10,3,774.06,668,258.02,394,12,0.1347305389221557,222.66666666666666
18059.0,23,3,306.46,68,102.15333333333332,258,17,1.323529411764706,22.666666666666668
18060.0,408,2,1185.46,565,592.73,902,74,0.10619469026548672,282.5
18061.0,22,28,6488.97,736,231.7489285714286,3607,30,1.141304347826087,26.285714285714285
18062.0,173,6,1632.67,598,272.1116666666667,831,46,0.3010033444816054,99.66666666666667
18063.0,391,2,186.60000000000002,633,93.30000000000001,48,2,0.0947867298578199,316.5
18064.0,133,11,4495.03,676,408.6390909090909,2709,53,0.4881656804733728,61.45454545454545
18065.0,6,29,5866.63,730,202.29758620689657,2265,193,1.1917808219178083,25.17241379310345
18066.0,75,3,1440.4,416,480.1333333333334,535,37,0.21634615384615385,138.66666666666666
18067.0,40,1,396.33,40,396.33,189,36,0.75,40.0
18068.0,289,1,101.69999999999999,289,101.69999999999999,6,1,0.10380622837370243,289.0
18069.0,26,11,4540.56,649,412.77818181818185,3227,602,0.5084745762711864,59.0
18070.0,669,1,314.1,669,314.1,86,9,0.044843049327354265,669.0
18071.0,258,6,1428.63,735,238.10500000000002,835,52,0.2448979591836735,122.5
18072.0,186,1,247.44,186,247.44,288,18,0.16129032258064518,186.0
18073.0,114,12,3877.5200000000004,197,323.1266666666667,3108,23,1.8274111675126905,16.416666666666668
18074.0,374,2,1509.04,506,754.52,551,37,0.11857707509881422,253.0
18075.0,23,20,5783.29,499,289.1645,3281,180,1.2024048096192383,24.95
18076.0,380,1,151.49,380,151.49,164,8,0.07894736842105263,380.0
18077.0,8,18,4338.56,733,241.03111111111113,3233,141,0.7366984993178718,40.72222222222222
18078.0,217,4,844.6,628,211.15,431,65,0.1910828025477707,157.0
18079.0,45,5,4242.75,492,848.55,8815,107,0.3048780487804878,98.4
18080.0,19,2,1231.5,243,615.75,642,2,0.2469135802469136,121.5
18081.0,36,3,343.45,134,114.48333333333333,195,14,0.6716417910447761,44.666666666666664
18082.0,26,1,703.37,26,703.37,621,62,1.153846153846154,26.0
18083.0,398,1,470.72999999999996,398,470.72999999999996,270,36,0.07537688442211056,398.0
18084.0,16,3,812.93,389,270.97666666666663,761,7,0.23136246786632392,129.66666666666666
18085.0,330,4,1645.75,629,411.4375,585,42,0.1907790143084261,157.25
18086.0,274,1,101.34,274,101.34,106,7,0.1094890510948905,274.0
18087.0,98,17,14761.519999999999,739,868.3247058823529,7775,44,0.6901217861975643,43.470588235294116
18088.0,61,1,167.67000000000002,61,167.67000000000002,109,35,0.49180327868852464,61.0
18089.0,447,1,428.45,447,428.45,95,9,0.06711409395973154,447.0
18090.0,422,1,349.4,422,349.4,321,47,0.07109004739336494,422.0
18091.0,593,1,360.85,593,360.85,539,25,0.050590219224283306,593.0
18092.0,2,18,16179.44,736,898.8577777777778,8830,42,0.7336956521739131,40.888888888888886
18093.0,93,8,4452.71,619,556.58875,3429,43,0.3877221324717286,77.375
18094.0,82,13,6391.52,702,491.65538461538466,4164,55,0.5555555555555556,54.0
18095.0,313,5,2303.09,599,460.61800000000005,1623,37,0.25041736227045075,119.8
18096.0,12,6,1805.28,513,300.88,1483,299,0.3508771929824561,85.5
18097.0,8,11,4663.32,723,423.9381818181818,2740,86,0.45643153526970953,65.72727272727273
18098.0,396,1,550.84,396,550.84,217,85,0.07575757575757576,396.0
18099.0,127,1,168.31,127,168.31,149,19,0.23622047244094488,127.0
18100.0,550,1,451.56,550,451.56,440,30,0.05454545454545454,550.0
18101.0,11,5,629.16,674,125.832,250,89,0.22255192878338279,134.8
18102.0,1,145,608821.65,739,4198.77,188340,382,5.886332882273343,5.096551724137931
18103.0,549,1,105.8,549,105.8,23,10,0.0546448087431694,549.0
18104.0,37,1,754.64,37,754.64,362,38,0.8108108108108109,37.0
18105.0,38,1,113.48000000000002,38,113.48000000000002,46,18,0.7894736842105263,38.0
18106.0,330,6,1461.46,694,243.57666666666668,512,126,0.25936599423631124,115.66666666666667
18107.0,442,1,167.13,442,167.13,66,38,0.06787330316742082,442.0
18108.0,254,3,848.8100000000001,738,282.93666666666667,261,43,0.12195121951219513,246.0
18109.0,2,38,9893.96,527,260.3673684210526,4885,203,2.1631878557874766,13.868421052631579
18110.0,20,2,435.43,411,217.715,186,58,0.14598540145985403,205.5
18111.0,589,1,405.85,589,405.85,232,27,0.050933786078098474,589.0
18112.0,12,4,775.96,552,193.99,447,59,0.21739130434782608,138.0
18113.0,369,1,152.64000000000001,369,152.64000000000001,144,1,0.08130081300813008,369.0
18114.0,290,1,220.1,290,220.1,55,28,0.10344827586206896,290.0
18115.0,698,1,9.700000000000001,698,9.700000000000001,3,3,0.04297994269340974,698.0
18116.0,68,13,2154.3,411,165.71538461538464,1281,311,0.9489051094890512,31.615384615384617
18117.0,26,1,320.72,26,320.72,618,68,1.153846153846154,26.0
18118.0,11,29,6733.22,381,232.18,3417,444,2.283464566929134,13.137931034482758
18119.0,368,1,362.24,368,362.24,250,29,0.08152173913043478,368.0
18120.0,214,1,111.15,214,111.15,31,17,0.14018691588785046,214.0
18121.0,149,2,673.1,155,336.55,450,28,0.3870967741935484,77.5
18122.0,8,6,1826.21,151,304.36833333333334,1234,239,1.1920529801324504,25.166666666666668
18123.0,24,3,684.59,514,228.1966666666667,629,53,0.17509727626459143,171.33333333333334
18124.0,472,1,111.53,472,111.53,51,20,0.0635593220338983,472.0
18125.0,30,4,1142.99,316,285.7475,804,164,0.37974683544303794,79.0
18126.0,61,1,206.82999999999998,61,206.82999999999998,144,52,0.49180327868852464,61.0
18127.0,19,4,561.53,403,140.3825,252,56,0.2977667493796526,100.75
18128.0,537,1,420.04,537,420.04,221,42,0.055865921787709494,537.0
18129.0,243,1,112.55000000000001,243,112.55000000000001,48,13,0.1234567901234568,243.0
18130.0,15,3,1059.39,57,353.13000000000005,824,58,1.5789473684210527,19.0
18131.0,632,1,222.95999999999998,632,222.95999999999998,552,4,0.04746835443037974,632.0
18132.0,504,1,226.9,504,226.9,216,60,0.05952380952380952,504.0
18133.0,212,1,931.4999999999999,212,931.4999999999999,1350,1,0.14150943396226415,212.0
18134.0,598,2,445.0,695,222.5,128,27,0.08633093525179857,347.5
18135.0,29,10,1249.6200000000001,634,124.96200000000002,753,23,0.473186119873817,63.4
18136.0,63,5,1631.3600000000001,451,326.27200000000005,860,77,0.33259423503325947,90.2
18137.0,551,2,145.99,551,72.995,59,26,0.1088929219600726,275.5
18138.0,295,1,152.65,295,152.65,38,8,0.10169491525423728,295.0
18139.0,18,6,8438.34,18,1406.39,5557,35,10.0,3.0
18140.0,474,1,536.41,474,536.41,395,49,0.06329113924050632,474.0
18141.0,402,2,882.47,589,441.235,433,38,0.10186757215619695,294.5
18142.0,157,2,1019.52,216,509.76,1276,9,0.2777777777777778,108.0
18143.0,117,2,1000.16,142,500.08,570,59,0.4225352112676056,71.0
18144.0,8,19,5058.0,723,266.2105263157895,2239,51,0.7883817427385892,38.05263157894737
18145.0,13,11,5617.79,732,510.7081818181818,5107,250,0.45081967213114754,66.54545454545455
18146.0,141,2,160.35000000000002,220,80.17500000000001,153,10,0.2727272727272727,110.0
18147.0,46,2,179.33999999999997,109,89.66999999999999,203,7,0.5504587155963303,54.5
18148.0,647,1,114.10000000000001,647,114.10000000000001,64,9,0.04636785162287481,647.0
18149.0,51,7,1624.71,636,232.10142857142858,918,54,0.330188679245283,90.85714285714286
18150.0,32,3,566.58,202,188.86,332,29,0.4455445544554455,67.33333333333333
18151.0,135,6,1879.44,646,313.24,986,99,0.2786377708978328,107.66666666666667
18152.0,646,1,426.69,646,426.69,75,10,0.04643962848297214,646.0
18153.0,659,1,246.22,659,246.22,200,17,0.045523520485584223,659.0
18154.0,3,5,932.6,491,186.52,626,34,0.3054989816700611,98.2
18155.0,75,3,371.62,292,123.87333333333333,266,19,0.3082191780821918,97.33333333333333
18156.0,13,2,941.1700000000001,370,470.58500000000004,374,100,0.16216216216216217,185.0
18157.0,571,1,215.35,571,215.35,146,25,0.05253940455341506,571.0
18158.0,9,2,453.4,89,226.7,354,24,0.6741573033707865,44.5
18159.0,301,1,530.15,301,530.15,139,23,0.09966777408637874,301.0
18160.0,57,3,1003.88,386,334.62666666666667,519,56,0.23316062176165803,128.66666666666666
18161.0,15,6,1803.1000000000001,379,300.5166666666667,965,57,0.474934036939314,63.166666666666664
18162.0,732,1,379.16,732,379.16,335,45,0.040983606557377046,732.0
18163.0,584,1,728.84,584,728.84,452,33,0.05136986301369863,584.0
18164.0,37,1,399.65000000000003,37,399.65000000000003,184,24,0.8108108108108109,37.0
18165.0,177,1,302.46000000000004,177,302.46000000000004,254,10,0.1694915254237288,177.0
18166.0,624,1,175.5,624,175.5,90,10,0.04807692307692307,624.0
18167.0,23,3,1384.8600000000001,106,461.62000000000006,382,24,0.8490566037735849,35.333333333333336
18168.0,176,16,3770.27,736,235.641875,2177,209,0.6521739130434783,46.0
18169.0,61,1,202.65,61,202.65,61,9,0.49180327868852464,61.0
18170.0,33,9,2878.0,700,319.77777777777777,1184,59,0.38571428571428573,77.77777777777777
18171.0,59,9,2437.31,704,270.8122222222222,991,76,0.3835227272727273,78.22222222222223
18172.0,15,52,17479.84,729,336.15076923076924,7413,176,2.139917695473251,14.01923076923077
18173.0,87,5,2696.36,613,539.272,1730,34,0.24469820554649263,122.6
18174.0,7,2,162.5,604,81.25,80,1,0.09933774834437085,302.0
18175.0,676,1,176.1,676,176.1,70,7,0.04437869822485207,676.0
18176.0,358,1,476.35,358,476.35,283,30,0.08379888268156425,358.0
18177.0,31,9,2216.87,724,246.31888888888886,1239,66,0.3729281767955801,80.44444444444444
18178.0,129,11,6103.74,659,554.8854545454545,3850,204,0.5007587253414264,59.90909090909091
18179.0,9,8,2547.55,663,318.44375,1811,101,0.36199095022624433,82.875
18180.0,5,6,1843.75,143,307.2916666666667,1721,108,1.2587412587412588,23.833333333333332
18181.0,24,5,1205.94,735,241.18800000000002,524,139,0.20408163265306123,147.0
18182.0,463,1,291.13,463,291.13,167,10,0.06479481641468683,463.0
18183.0,227,2,632.07,275,316.035,371,36,0.21818181818181817,137.5
18184.0,15,1,49.8,15,49.8,60,1,2.0,15.0
18185.0,249,1,304.25,249,304.25,183,17,0.12048192771084336,249.0
18186.0,723,1,329.58,723,329.58,338,11,0.041493775933609964,723.0
18187.0,632,1,724.89,632,724.89,310,48,0.04746835443037974,632.0
18188.0,15,6,3280.59,624,546.765,1888,95,0.2884615384615385,104.0
18189.0,78,3,1403.73,626,467.91,836,79,0.1437699680511182,208.66666666666666
18190.0,192,5,745.62,718,149.124,490,34,0.20891364902506962,143.6
18191.0,262,2,529.4,477,264.7,332,15,0.12578616352201258,238.5
18192.0,72,1,957.97,72,957.97,339,45,0.41666666666666663,72.0
18193.0,165,3,1207.35,442,402.45,926,66,0.20361990950226244,147.33333333333334
18194.0,82,6,4162.04,680,693.6733333333333,1774,23,0.2647058823529412,113.33333333333333
18195.0,387,1,101.16,387,101.16,60,5,0.07751937984496124,387.0
18196.0,95,4,1464.31,632,366.0775,1047,210,0.18987341772151897,158.0
18197.0,576,1,230.1,576,230.1,166,9,0.05208333333333333,576.0
18198.0,4,17,5425.56,336,319.15058823529415,4074,81,1.5178571428571428,19.764705882352942
18199.0,684,1,344.75,684,344.75,99,20,0.043859649122807015,684.0
18200.0,106,1,163.8,106,163.8,111,29,0.2830188679245283,106.0
18201.0,723,1,447.53000000000003,723,447.53000000000003,191,27,0.041493775933609964,723.0
18202.0,200,3,1396.99,311,465.66333333333336,581,55,0.28938906752411575,103.66666666666667
18203.0,157,4,504.42,731,126.105,113,40,0.16415868673050615,182.75
18204.0,71,3,1993.7,192,664.5666666666667,1200,159,0.46875,64.0
18205.0,36,2,517.36,75,258.68,192,30,0.8,37.5
18206.0,553,1,314.65999999999997,553,314.65999999999997,246,19,0.054249547920433995,553.0
18207.0,499,1,544.47,499,544.47,325,31,0.06012024048096192,499.0
18208.0,566,1,360.08,566,360.08,82,17,0.053003533568904596,566.0
18209.0,29,1,139.10000000000002,29,139.10000000000002,58,8,1.0344827586206897,29.0
18210.0,2,7,2768.83,383,395.54714285714283,1499,116,0.5483028720626633,54.714285714285715
18211.0,26,5,600.07,279,120.01400000000001,359,37,0.5376344086021505,55.8
18212.0,326,2,546.72,677,273.36,167,40,0.08862629246676515,338.5
18213.0,237,1,232.48000000000002,237,232.48000000000002,232,15,0.12658227848101264,237.0
18214.0,531,4,1780.34,554,445.085,989,38,0.21660649819494585,138.5
18215.0,89,5,2247.4900000000002,623,449.49800000000005,1143,53,0.2407704654895666,124.6
18216.0,31,1,481.75,31,481.75,200,26,0.967741935483871,31.0
18217.0,29,4,945.04,526,236.26,740,33,0.22813688212927757,131.5
18218.0,211,4,1142.0,660,285.5,1076,25,0.18181818181818182,165.0
18219.0,3,17,3562.89,732,209.58176470588234,1653,87,0.6967213114754098,43.05882352941177
18220.0,227,6,1921.76,725,320.29333333333335,1352,17,0.2482758620689655,120.83333333333333
18221.0,22,6,1424.94,390,237.49,1000,71,0.46153846153846156,65.0
18222.0,93,1,443.0,93,443.0,335,19,0.32258064516129037,93.0
18223.0,5,26,14000.85,736,538.4942307692307,6644,192,1.059782608695652,28.307692307692307
18224.0,264,1,158.95000000000002,264,158.95000000000002,69,10,0.11363636363636365,264.0
18225.0,3,26,13054.26,735,502.0869230769231,7304,266,1.0612244897959184,28.26923076923077
18226.0,44,26,11878.88,645,456.88,7883,299,1.2093023255813953,24.807692307692307
18227.0,218,2,388.75,484,194.375,22,6,0.12396694214876033,242.0
18228.0,57,2,779.9,80,389.95,238,23,0.75,40.0
18229.0,12,28,10803.710000000001,736,385.8467857142858,3183,73,1.141304347826087,26.285714285714285
18230.0,9,9,4291.06,526,476.7844444444445,1996,42,0.5133079847908746,58.44444444444444
18231.0,192,28,6880.97,699,245.7489285714286,2923,218,1.201716738197425,24.964285714285715
18232.0,82,4,592.97,197,148.2425,302,31,0.6091370558375634,49.25
18233.0,326,1,440.0,326,440.0,4,1,0.09202453987730061,326.0
18234.0,552,1,179.6,552,179.6,80,30,0.05434782608695652,552.0
18235.0,72,3,1796.48,217,598.8266666666667,1578,100,0.4147465437788019,72.33333333333333
18236.0,30,12,1795.3500000000001,603,149.6125,696,80,0.5970149253731343,50.25
18237.0,3,5,987.1,134,197.42000000000002,622,40,1.1194029850746268,26.8
18238.0,515,1,270.92,515,270.92,114,14,0.058252427184466014,515.0
18239.0,219,6,2150.36,423,358.3933333333334,1052,85,0.425531914893617,70.5
18240.0,46,1,422.58,46,422.58,126,6,0.6521739130434783,46.0
18241.0,10,21,2986.9900000000002,618,142.23761904761906,1471,101,1.0194174757281553,29.428571428571427
18242.0,72,8,3605.21,698,450.65125,2021,113,0.3438395415472779,87.25
18243.0,414,1,515.78,414,515.78,221,26,0.07246376811594203,414.0
18244.0,431,2,568.64,503,284.32,856,19,0.11928429423459243,251.5
18245.0,7,20,6324.9800000000005,641,316.249,5098,336,0.93603744149766,32.05
18246.0,24,3,758.8199999999999,610,252.93999999999997,214,3,0.1475409836065574,203.33333333333334
18247.0,415,3,839.73,631,279.91,335,28,0.14263074484944532,210.33333333333334
18248.0,123,2,804.02,186,402.01,511,39,0.32258064516129037,93.0
18249.0,17,1,95.34,17,95.34,128,8,1.7647058823529411,17.0
18250.0,310,1,349.27,310,349.27,199,21,0.0967741935483871,310.0
18251.0,87,9,26278.86,718,2919.8733333333334,39639,87,0.37604456824512533,79.77777777777777
18252.0,51,7,1542.09,721,220.29857142857142,937,125,0.2912621359223301,103.0
18253.0,643,1,317.88,643,317.88,128,7,0.04665629860031104,643.0
18254.0,581,1,267.9,581,267.9,188,16,0.05163511187607573,581.0
18255.0,89,2,303.15,456,151.575,201,16,0.13157894736842105,228.0
18256.0,388,1,110.7,388,110.7,180,10,0.07731958762886598,388.0
18257.0,39,12,4600.15,659,383.3458333333333,2369,219,0.5462822458270107,54.916666666666664
18258.0,464,6,2059.67,573,343.27833333333336,1981,30,0.31413612565445026,95.5
18259.0,25,7,4318.200000000001,732,616.8857142857144,1390,51,0.28688524590163933,104.57142857142857
18260.0,173,23,9962.11,724,433.13521739130437,5247,212,0.9530386740331492,31.47826086956522
18261.0,43,2,324.24,96,162.12,146,19,0.625,48.0
18262.0,140,3,577.54,603,192.51333333333332,552,40,0.14925373134328357,201.0
18263.0,26,3,1213.1599999999999,253,404.3866666666666,1468,59,0.3557312252964427,84.33333333333333
18264.0,499,1,603.25,499,603.25,241,36,0.06012024048096192,499.0
18265.0,72,2,801.51,158,400.755,311,44,0.37974683544303794,79.0
18266.0,434,1,251.1,434,251.1,138,14,0.06912442396313365,434.0
18267.0,673,1,269.37,673,269.37,135,17,0.04457652303120356,673.0
18268.0,134,6,1490.23,729,248.37166666666667,711,36,0.2469135802469136,121.5
18269.0,366,1,337.2,366,337.2,152,7,0.08196721311475409,366.0
18270.0,38,3,444.55,433,148.18333333333334,209,17,0.20785219399538107,144.33333333333334
18271.0,610,2,680.85,732,340.425,319,19,0.08196721311475409,366.0
18272.0,3,9,4385.9800000000005,645,487.33111111111117,2880,145,0.41860465116279066,71.66666666666667
18273.0,2,4,357.0,591,89.25,140,1,0.20304568527918782,147.75
18274.0,30,1,175.92,30,175.92,88,11,1.0,30.0
18275.0,578,2,741.85,731,370.925,417,19,0.08207934336525308,365.5
18276.0,44,6,1656.52,729,276.08666666666664,1246,81,0.2469135802469136,121.5
18277.0,58,5,1180.05,495,236.01,449,53,0.30303030303030304,99.0
18278.0,74,2,414.20000000000005,405,207.10000000000002,140,22,0.14814814814814814,202.5
18279.0,519,1,231.33999999999997,519,231.33999999999997,630,13,0.057803468208092484,519.0
18280.0,278,2,488.15000000000003,394,244.07500000000002,194,28,0.15228426395939085,197.0
18281.0,181,2,201.14,578,100.57,146,17,0.10380622837370243,289.0
18282.0,8,2,178.05,126,89.025,103,12,0.47619047619047616,63.0
18283.0,4,22,2736.65,658,124.39318181818182,1733,352,1.0030395136778114,29.90909090909091
18284.0,432,1,461.68,432,461.68,494,28,0.06944444444444445,432.0
18285.0,661,1,427.0,661,427.0,145,12,0.0453857791225416,661.0
18286.0,477,2,1296.43,724,648.215,608,67,0.08287292817679558,362.0
18287.0,43,7,4182.99,572,597.5699999999999,3013,120,0.36713286713286714,81.71428571428571
