customer_id,recency,frequency,monetary,tenure,avg_order_value,n_items,n_products,purchase_rate,avg_gap,future_value
12346.0,142,12,77556.46,542,6463.038333333334,74285,27,0.6642066420664207,45.166666666666664,0.0
12347.0,63,4,3146.75,221,786.6875,1945,90,0.5429864253393666,55.25,2486.57
12348.0,65,4,1709.4,255,427.35,2497,25,0.47058823529411764,63.75,310.0
12349.0,224,3,2671.14,406,890.38,993,90,0.22167487684729062,135.33333333333334,1757.55
12350.0,127,1,334.4,127,334.4,197,17,0.23622047244094488,127.0,0.0
12351.0,192,1,300.93,192,300.93,261,21,0.15625,192.0,0.0
12352.0,79,7,1905.61,209,272.22999999999996,442,38,1.0047846889952154,29.857142857142858,944.23
12353.0,21,2,406.76,225,203.38,212,23,0.26666666666666666,112.5,0.0
12354.0,49,1,1079.4,49,1079.4,530,58,0.6122448979591836,49.0,0.0
12355.0,31,2,947.61,384,473.805,543,35,0.15625,192.0,0.0
12356.0,62,5,6315.33,241,1263.066,3412,104,0.6224066390041494,48.2,58.349999999999994
12357.0,205,2,12079.99,205,6039.995,3879,165,0.2926829268292683,102.5,6207.67
12358.0,192,3,2719.01,548,906.3366666666667,831,52,0.1642335766423358,182.66666666666666,1168.06
12359.0,6,9,6059.09,551,673.2322222222223,2095,230,0.4900181488203266,61.22222222222222,2876.85
12360.0,17,6,2674.41,472,445.73499999999996,1728,108,0.38135593220338987,78.66666666666667,1578.48
12361.0,104,4,511.25,499,127.8125,235,18,0.24048096192384769,124.75,0.0
12362.0,42,3,1104.34,555,368.1133333333333,505,52,0.16216216216216217,185.0,4251.89
12363.0,59,1,299.1,59,299.1,282,16,0.5084745762711864,59.0,252.9
12365.0,108,2,641.38,108,320.69,174,22,0.5555555555555556,54.0,0.0
12366.0,450,1,500.24,450,500.24,296,3,0.06666666666666667,450.0,0.0
12368.0,445,1,917.6999999999999,445,917.6999999999999,330,18,0.06741573033707866,445.0,0.0
12369.0,230,3,1791.15,458,597.0500000000001,1241,90,0.1965065502183406,152.66666666666666,0.0
12370.0,91,6,3581.03,485,596.8383333333334,2225,150,0.37113402061855666,80.83333333333333,739.28
12371.0,226,3,2179.42,462,726.4733333333334,845,91,0.19480519480519481,154.0,1887.96
12372.0,29,2,914.9200000000001,113,457.46000000000004,592,32,0.5309734513274336,56.5,383.12
12373.0,128,3,1127.65,490,375.8833333333334,516,36,0.18367346938775508,163.33333333333334,0.0
12374.0,238,3,2246.29,405,748.7633333333333,1020,47,0.22222222222222224,135.0,742.9300000000001
12376.0,206,2,503.15,234,251.575,240,11,0.25641025641025644,117.0,0.0
12377.0,132,4,3426.32,406,856.58,2105,129,0.2955665024630542,101.5,0.0
12378.0,379,1,1407.7,379,1407.7,787,82,0.07915567282321899,379.0,4008.62
12379.0,239,2,767.98,351,383.99,408,37,0.17094017094017094,175.5,852.24
12380.0,2,8,7559.04,479,944.88,2521,125,0.5010438413361169,59.875,2117.26
12383.0,1,5,1850.56,169,370.11199999999997,1532,84,0.8875739644970414,33.8,0.0
12385.0,196,1,1938.4,196,1938.4,612,65,0.1530612244897959,196.0,0.0
12386.0,154,2,660.8,183,330.4,568,10,0.32786885245901637,91.5,0.0
12387.0,232,1,143.94,232,143.94,134,9,0.12931034482758622,232.0,0.0
12388.0,92,5,1886.7,399,377.34000000000003,870,52,0.37593984962406013,79.8,2014.41
12389.0,219,3,1433.33,472,477.77666666666664,614,41,0.19067796610169493,157.33333333333334,0.0
12391.0,281,5,2312.53,479,462.50600000000003,920,159,0.31315240083507306,95.8,460.89
12392.0,408,1,234.75000000000003,408,234.75000000000003,73,7,0.07352941176470588,408.0,0.0
12393.0,62,5,1877.95,245,375.59000000000003,1017,53,0.6122448979591836,49.0,521.5
12394.0,34,1,381.08,34,381.08,182,21,0.8823529411764706,34.0,891.4
12395.0,28,9,3618.36,419,402.04,3106,117,0.6443914081145584,46.55555555555556,1448.91
12396.0,491,1,931.43,491,931.43,591,65,0.06109979633401221,491.0,0.0
12399.0,30,5,1622.6000000000001,461,324.52000000000004,1878,55,0.32537960954446854,92.2,339.7
12400.0,231,1,205.25,231,205.25,91,11,0.12987012987012986,231.0,0.0
12401.0,120,1,84.3,120,84.3,11,5,0.25,120.0,0.0
12402.0,140,6,1256.9,487,209.48333333333335,584,43,0.3696098562628337,81.16666666666667,0.0
12403.0,338,1,591.6600000000001,338,591.6600000000001,164,4,0.08875739644970414,338.0,427.7
12404.0,499,1,63.24,499,63.24,1,1,0.06012024048096192,499.0,0.0
12406.0,216,3,2975.06,514,991.6866666666666,1598,44,0.17509727626459143,171.33333333333334,3415.3
12407.0,52,2,495.96,81,247.98,419,23,0.7407407407407407,40.5,1212.16
12408.0,77,5,2289.81,315,457.962,1176,66,0.47619047619047616,63.0,2050.96
12409.0,237,4,12346.619999999999,382,3086.6549999999997,7592,125,0.31413612565445026,95.5,11072.67
12410.0,125,3,1013.71,319,337.90333333333336,341,36,0.2821316614420063,106.33333333333333,0.0
12411.0,226,1,346.9,226,346.9,138,22,0.1327433628318584,226.0,0.0
12412.0,219,3,1370.05,356,456.68333333333334,1168,50,0.25280898876404495,118.66666666666667,1226.88
12413.0,53,3,805.25,219,268.4166666666667,238,37,0.410958904109589,73.0,194.20000000000002
12414.0,34,6,952.41,280,158.73499999999999,495,21,0.6428571428571429,46.666666666666664,0.0
12415.0,20,14,70427.74,344,5030.552857142858,46072,295,1.2209302325581397,24.571428571428573,74030.63
12416.0,473,1,202.56,473,202.56,132,11,0.06342494714587738,473.0,0.0
12417.0,4,16,5066.08,550,316.63,2033,210,0.8727272727272727,34.375,1750.83
12418.0,230,3,1352.62,447,450.8733333333333,681,61,0.20134228187919462,149.0,668.58
12419.0,202,2,503.01,230,251.505,231,23,0.2608695652173913,115.0,0.0
12421.0,136,3,449.01,322,149.67,272,27,0.27950310559006214,107.33333333333333,649.59
12422.0,141,15,4666.74,538,311.116,2339,113,0.8364312267657993,35.86666666666667,565.0600000000001
12423.0,8,8,2214.77,282,276.84625,1441,113,0.851063829787234,35.25,407.62
12424.0,239,2,1579.07,365,789.535,1285,59,0.1643835616438356,182.5,1760.96
12425.0,265,1,964.21,265,964.21,651,55,0.11320754716981132,265.0,777.2
12426.0,11,2,1345.21,479,672.605,584,73,0.12526096033402923,239.5,0.0
12427.0,188,1,607.0,188,607.0,158,10,0.1595744680851064,188.0,522.3
12428.0,59,6,6310.54,100,1051.7566666666667,2773,228,1.7999999999999998,16.666666666666668,1645.92
12429.0,44,6,5454.99,363,909.165,2439,86,0.49586776859504134,60.5,2030.92
12431.0,17,19,7529.05,510,396.2657894736842,3085,198,1.1176470588235294,26.842105263157894,3328.92
12433.0,183,5,10992.51,293,2198.502,9627,163,0.5119453924914676,58.6,9588.75
12434.0,77,2,583.54,198,291.77,215,34,0.30303030303030304,99.0,519.89
12435.0,84,5,10075.03,554,2015.006,3782,81,0.27075812274368233,110.8,3850.9
12437.0,15,29,9707.08,554,334.7268965517241,6362,228,1.5703971119133575,19.103448275862068,2976.32
12439.0,499,2,1158.18,542,579.09,484,69,0.11070110701107011,271.0,0.0
12440.0,279,2,859.2,534,429.6,331,21,0.11235955056179775,267.0,0.0
12441.0,183,1,347.1,183,347.1,242,11,0.16393442622950818,183.0,0.0
12443.0,549,1,485.31,549,485.31,182,21,0.0546448087431694,549.0,0.0
12445.0,237,1,301.58000000000004,237,301.58000000000004,144,20,0.12658227848101264,237.0,133.4
12447.0,60,1,476.49,60,476.49,190,26,0.5,60.0,0.0
12449.0,4,3,1627.53,255,542.51,1119,57,0.3529411764705882,85.0,3208.36
12450.0,216,3,490.32,291,163.44,314,25,0.30927835051546393,97.0,197.88
12451.0,35,5,8942.18,346,1788.4360000000001,6889,259,0.43352601156069365,69.2,3727.7
12454.0,212,4,13151.44,238,3287.86,6697,9,0.5042016806722689,59.5,3528.34
12455.0,6,7,5376.39,538,768.0557142857143,2843,168,0.39033457249070636,76.85714285714286,503.56
12456.0,71,1,940.1700000000001,71,940.1700000000001,445,41,0.4225352112676056,71.0,2240.87
12457.0,50,4,1699.93,252,424.9825,648,37,0.47619047619047616,63.0,1295.98
12458.0,101,3,1272.01,304,424.00333333333333,750,58,0.29605263157894735,101.33333333333333,505.48
12459.0,422,1,454.36,422,454.36,258,23,0.07109004739336494,422.0,0.0
12460.0,273,1,326.65,273,326.65,170,18,0.10989010989010989,273.0,0.0
12462.0,120,1,762.11,120,762.11,287,40,0.25,120.0,427.48
12463.0,23,2,647.95,58,323.975,357,32,1.0344827586206897,29.0,696.83
12464.0,17,4,544.8499999999999,126,136.21249999999998,54,6,0.9523809523809523,31.5,667.1999999999999
12466.0,499,1,56.73,499,56.73,1,1,0.06012024048096192,499.0,0.0
12467.0,240,1,132.8,240,132.8,129,9,0.125,240.0,0.0
12468.0,4,5,3670.74,499,734.1479999999999,2201,127,0.3006012024048096,99.8,0.0
12469.0,339,2,3070.54,353,1535.27,2552,76,0.16997167138810199,176.5,0.0
12470.0,506,1,211.95,506,211.95,95,23,0.05928853754940711,506.0,0.0
12471.0,27,62,28537.06,549,460.2751612903226,11719,189,3.387978142076503,8.85483870967742,11426.73
12472.0,84,15,14357.32,542,957.1546666666667,9027,325,0.8302583025830258,36.13333333333333,3523.27
12473.0,8,1,672.1899999999999,8,672.1899999999999,557,34,3.75,8.0,3266.36
12474.0,17,21,7767.79,483,369.8947619047619,4769,262,1.3043478260869565,23.0,4656.66
12475.0,226,1,426.26,226,426.26,236,25,0.1327433628318584,226.0,723.38
12476.0,35,17,9744.09,318,573.1817647058824,4065,273,1.6037735849056605,18.705882352941178,4371.32
12477.0,56,5,11633.6,440,2326.7200000000003,3833,249,0.34090909090909094,88.0,8642.77
12480.0,84,5,3770.4900000000002,324,754.0980000000001,2007,120,0.4629629629629629,64.8,1694.36
12481.0,21,12,9865.62,424,822.1350000000001,5893,207,0.8490566037735849,35.333333333333336,2495.77
12482.0,393,29,23691.4,470,816.944827586207,27042,42,1.851063829787234,16.20689655172414,0.0
12483.0,22,15,3630.26,494,242.01733333333334,1503,48,0.9109311740890688,32.93333333333333,1490.32
12484.0,153,7,2967.1,498,423.87142857142857,1710,183,0.4216867469879518,71.14285714285714,3403.05
12485.0,346,1,708.1,346,708.1,414,34,0.08670520231213873,346.0,0.0
12486.0,248,1,1037.28,248,1037.28,523,49,0.12096774193548387,248.0,0.0
12487.0,547,1,285.29999999999995,547,285.29999999999995,174,2,0.054844606946983544,547.0,0.0
12489.0,153,1,334.93,153,334.93,105,15,0.19607843137254902,153.0,0.0
12490.0,31,13,5601.43,555,430.8792307692308,3554,136,0.7027027027027027,42.69230769230769,4222.21
12492.0,220,1,452.0,220,452.0,252,22,0.13636363636363635,220.0,263.21000000000004
12493.0,14,1,232.5,14,232.5,88,12,2.142857142857143,14.0,201.24
12494.0,13,6,1342.41,393,223.735,566,54,0.4580152671755725,65.5,530.46
12495.0,457,1,357.4,457,357.4,130,17,0.06564551422319474,457.0,0.0
12496.0,437,2,54.09,437,27.045,33,10,0.13729977116704806,218.5,0.0
12497.0,217,2,5205.400000000001,461,2602.7000000000003,4449,30,0.1301518438177874,230.5,1043.1
12499.0,377,1,393.72,377,393.72,302,27,0.07957559681697612,377.0,0.0
12500.0,83,12,2907.59,490,242.29916666666668,1607,66,0.7346938775510203,40.833333333333336,3047.62
12501.0,153,1,2169.39,153,2169.39,1783,149,0.19607843137254902,153.0,0.0
12502.0,34,3,1842.65,126,614.2166666666667,434,61,0.7142857142857142,42.0,1881.22
12503.0,401,1,1126.0,401,1126.0,561,2,0.07481296758104738,401.0,0.0
12504.0,234,2,297.0,413,148.5,368,8,0.14527845036319614,206.5,482.04999999999995
12505.0,225,1,955.2,225,955.2,324,42,0.13333333333333333,225.0,0.0
12506.0,49,1,73.5,49,73.5,23,23,0.6122448979591836,49.0,0.0
12507.0,115,2,985.41,401,492.705,581,40,0.14962593516209477,200.5,858.65
12509.0,101,1,176.5,101,176.5,55,7,0.297029702970297,101.0,0.0
12510.0,142,8,4876.5,552,609.5625,1990,94,0.43478260869565216,69.0,301.52
12511.0,245,1,3084.02,245,3084.02,1753,190,0.12244897959183675,245.0,0.0
12514.0,84,2,1597.76,458,798.88,840,76,0.13100436681222707,229.0,0.0
12515.0,170,1,383.7,170,383.7,131,16,0.1764705882352941,170.0,0.0
12516.0,247,2,1336.56,416,668.28,1077,38,0.14423076923076925,208.0,1312.06
12517.0,7,1,766.95,7,766.95,420,125,4.285714285714286,7.0,1735.89
12519.0,293,1,385.7,293,385.7,212,22,0.10238907849829351,293.0,340.84
12520.0,21,3,1697.56,90,565.8533333333334,945,94,1.0,30.0,936.7
12523.0,69,16,3082.57,549,192.660625,1681,127,0.8743169398907104,34.3125,1289.58
12524.0,21,14,9473.77,486,676.6978571428572,5602,130,0.8641975308641976,34.714285714285715,1652.3400000000001
12525.0,315,3,973.73,464,324.57666666666665,509,56,0.1939655172413793,154.66666666666666,0.0
12527.0,111,4,671.72,346,167.93,513,24,0.3468208092485549,86.5,63.790000000000006
12528.0,93,2,771.66,129,385.83,358,38,0.46511627906976744,64.5,1161.82
12529.0,345,1,316.48,345,316.48,192,21,0.08695652173913043,345.0,0.0
12530.0,50,7,2901.98,459,414.56857142857143,2127,76,0.45751633986928103,65.57142857142857,857.28
12531.0,503,1,1807.98,503,1807.98,1074,110,0.059642147117296214,503.0,125.22
12533.0,444,2,1367.89,555,683.945,704,63,0.10810810810810811,277.5,0.0
12535.0,3,1,371.45,3,371.45,115,18,10.0,3.0,344.9
12537.0,225,1,732.94,225,732.94,449,43,0.13333333333333333,225.0,0.0
12538.0,195,1,276.5,195,276.5,145,13,0.15384615384615385,195.0,363.95
12539.0,79,6,10164.09,533,1694.015,4089,247,0.33771106941838647,88.83333333333333,1050.66
12540.0,3,23,15356.77,549,667.685652173913,7342,246,1.2568306010928962,23.869565217391305,6897.72
12541.0,97,1,312.4,97,312.4,288,17,0.30927835051546393,97.0,668.78
12542.0,301,2,481.88,457,240.94,522,39,0.13129102844638948,228.5,0.0
12543.0,265,1,980.25,265,980.25,688,43,0.11320754716981132,265.0,0.0
12545.0,76,1,628.15,76,628.15,346,34,0.39473684210526316,76.0,372.24
12547.0,14,3,383.58,317,127.86,309,13,0.28391167192429023,105.66666666666667,0.0
12549.0,392,6,1575.68,514,262.61333333333334,1366,38,0.35019455252918286,85.66666666666667,0.0
12551.0,174,1,168.0,174,168.0,100,10,0.1724137931034483,174.0,0.0
12553.0,21,7,2651.09,240,378.7271428571429,1338,91,0.875,34.285714285714285,1957.66
12554.0,265,1,468.5,265,468.5,240,26,0.11320754716981132,265.0,0.0
12555.0,499,1,129.23,499,129.23,1,1,0.06012024048096192,499.0,0.0
12557.0,73,6,11579.800000000001,539,1929.966666666667,4356,15,0.3339517625231911,89.83333333333333,7136.34
12559.0,127,2,561.71,136,280.855,283,21,0.4411764705882353,68.0,0.0
12561.0,119,1,238.85,119,238.85,177,16,0.25210084033613445,119.0,0.0
12562.0,15,3,1630.14,252,543.38,731,43,0.3571428571428571,84.0,3336.78
12563.0,225,1,249.24,225,249.24,113,13,0.13333333333333333,225.0,0.0
12564.0,78,1,456.9,78,456.9,133,21,0.3846153846153846,78.0,0.0
12565.0,105,1,145.92,105,145.92,80,9,0.28571428571428575,105.0,0.0
12567.0,1,11,8765.58,483,796.8709090909091,3842,228,0.6832298136645962,43.90909090909091,4944.28
12568.0,461,1,70.0,461,70.0,48,5,0.0650759219088937,461.0,0.0
12569.0,35,5,1164.32,69,232.86399999999998,492,29,2.1739130434782608,13.8,2960.37
12570.0,499,1,77.52,499,77.52,1,1,0.06012024048096192,499.0,0.0
12573.0,44,5,717.41,282,143.482,479,107,0.5319148936170213,56.4,0.0
12574.0,132,1,218.45,132,218.45,61,11,0.2272727272727273,132.0,0.0
12575.0,274,2,622.8199999999999,343,311.40999999999997,315,34,0.1749271137026239,171.5,0.0
12576.0,35,5,1248.54,343,249.708,842,74,0.43731778425655976,68.6,894.18
12577.0,176,6,1191.84,553,198.64,859,195,0.325497287522604,92.16666666666667,461.91
12578.0,147,3,3456.6,260,1152.2,1932,109,0.34615384615384615,86.66666666666667,1185.85
12580.0,63,2,1052.9,393,526.45,569,52,0.15267175572519084,196.5,0.0
12582.0,55,4,1980.4,394,495.1,985,88,0.3045685279187817,98.5,0.0
12583.0,17,17,10208.45,550,600.4970588235294,5949,102,0.9272727272727274,32.35294117647059,4238.99
12584.0,2,2,622.74,97,311.37,115,23,0.6185567010309279,48.5,1715.41
12585.0,51,2,2040.1,168,1020.05,1279,77,0.3571428571428571,84.0,0.0
12586.0,191,3,1865.73,540,621.91,608,76,0.16666666666666669,180.0,196.94000000000003
12588.0,216,3,743.88,414,247.96,385,27,0.21739130434782608,138.0,214.89999999999998
12589.0,238,6,4048.98,506,674.83,1458,100,0.3557312252964427,84.33333333333333,646.68
12590.0,28,2,9864.26,28,4932.13,4283,68,2.142857142857143,14.0,0.0
12591.0,134,3,1352.15,225,450.7166666666667,677,63,0.4,75.0,0.0
12592.0,30,4,2376.86,336,594.215,1750,40,0.3571428571428571,84.0,205.8
12593.0,35,1,236.0,35,236.0,100,11,0.8571428571428571,35.0,182.1
12594.0,9,11,3516.88,463,319.71636363636367,1886,72,0.712742980561555,42.09090909090909,1573.23
12595.0,321,1,299.02,321,299.02,271,19,0.09345794392523364,321.0,0.0
12596.0,59,1,269.95,59,269.95,156,15,0.5084745762711864,59.0,348.32
12597.0,85,1,516.15,85,516.15,230,30,0.3529411764705882,85.0,3295.07
12598.0,37,6,2796.75,465,466.125,1628,97,0.3870967741935484,77.5,1737.34
12599.0,25,9,1728.0,394,192.0,1661,39,0.6852791878172588,43.77777777777778,568.72
12600.0,21,17,3760.84,549,221.2258823529412,976,40,0.9289617486338798,32.294117647058826,1283.08
12601.0,6,6,681.26,221,113.54333333333334,290,24,0.8144796380090498,36.833333333333336,0.0
12604.0,78,1,178.5,78,178.5,137,10,0.3846153846153846,78.0,75.68
12605.0,193,4,1232.95,275,308.2375,929,63,0.43636363636363634,68.75,0.0
12606.0,499,1,21.0,499,21.0,1,1,0.06012024048096192,499.0,0.0
12608.0,221,1,415.79,221,415.79,323,16,0.13574660633484165,221.0,0.0
12609.0,3,8,3109.7400000000002,536,388.71750000000003,1423,117,0.44776119402985076,67.0,326.12
12613.0,14,9,4953.21,542,550.3566666666667,3278,173,0.4981549815498155,60.22222222222222,1881.8600000000001
12614.0,94,1,315.6,94,315.6,76,20,0.3191489361702128,94.0,0.0
12615.0,230,4,3449.79,448,862.4475,1941,147,0.26785714285714285,112.0,2291.19
12616.0,114,2,673.4,205,336.7,312,26,0.2926829268292683,102.5,457.7
12619.0,51,3,771.8,377,257.26666666666665,652,21,0.23872679045092837,125.66666666666667,3009.58
12620.0,21,1,561.66,21,561.66,434,33,1.4285714285714284,21.0,777.75
12621.0,17,25,18441.96,485,737.6784,10311,244,1.5463917525773194,19.4,6333.85
12622.0,49,1,180.1,49,180.1,69,11,0.6122448979591836,49.0,0.0
12623.0,93,7,3747.84,513,535.4057142857143,1971,112,0.4093567251461988,73.28571428571429,0.0
12625.0,28,4,5164.88,413,1291.22,3309,144,0.2905569007263923,103.25,0.0
12626.0,133,2,1274.1,143,637.05,460,57,0.4195804195804196,71.5,5346.38
12629.0,202,2,1558.22,240,779.11,722,40,0.25,120.0,0.0
12631.0,273,5,2841.07,510,568.214,1371,105,0.29411764705882354,102.0,640.5
12632.0,337,2,804.88,381,402.44,694,32,0.15748031496062992,190.5,0.0
12633.0,13,5,5243.73,342,1048.7459999999999,3007,209,0.43859649122807015,68.4,434.43
12634.0,352,2,490.0,365,245.0,337,20,0.1643835616438356,182.5,0.0
12635.0,209,2,1241.23,273,620.615,777,77,0.21978021978021978,136.5,1689.18
12636.0,555,1,141.0,555,141.0,1,1,0.05405405405405406,555.0,0.0
12637.0,56,8,4710.16,360,588.77,2367,228,0.6666666666666667,45.0,3630.15
12638.0,456,1,249.8,456,249.8,86,9,0.06578947368421052,456.0,671.69
12639.0,55,3,1312.37,444,437.45666666666665,631,58,0.20270270270270271,148.0,0.0
12643.0,37,9,6417.7,428,713.0777777777778,3871,14,0.6308411214953271,47.55555555555556,1932.72
12644.0,247,3,1440.58,511,480.1933333333333,707,76,0.1761252446183953,170.33333333333334,477.91
12645.0,36,6,2563.02,485,427.17,1516,91,0.37113402061855666,80.83333333333333,976.28
12647.0,16,31,16503.84,512,532.381935483871,6209,223,1.81640625,16.516129032258064,1420.51
12648.0,254,3,793.95,518,264.65000000000003,358,32,0.17374517374517373,172.66666666666666,318.05
12649.0,29,6,2046.1399999999999,513,341.0233333333333,1577,86,0.3508771929824561,85.5,248.51000000000002
12651.0,151,4,377.75,282,94.4375,265,30,0.425531914893617,70.5,0.0
12652.0,148,2,1017.03,251,508.515,536,51,0.23904382470119523,125.5,0.0
12653.0,113,2,2730.08,343,1365.04,1048,55,0.1749271137026239,171.5,1430.75
12654.0,14,3,337.75,112,112.58333333333333,151,19,0.8035714285714285,37.333333333333336,264.23
12655.0,240,1,261.35,240,261.35,80,16,0.125,240.0,0.0
12656.0,20,5,4016.26,379,803.2520000000001,1810,118,0.395778364116095,75.8,2391.57
12661.0,253,1,162.0,253,162.0,216,11,0.11857707509881422,253.0,0.0
12662.0,4,14,4976.32,434,355.45142857142855,2551,125,0.967741935483871,31.0,2011.7
12663.0,441,2,239.4,485,119.7,181,9,0.12371134020618557,242.5,0.0
12664.0,49,4,2491.7400000000002,543,622.9350000000001,609,5,0.22099447513812157,135.75,3578.3
12665.0,141,3,313.6,486,104.53333333333335,165,13,0.18518518518518517,162.0,0.0
12666.0,211,1,1248.42,211,1248.42,370,31,0.14218009478672988,211.0,0.0
12668.0,76,9,10562.0,494,1173.5555555555557,4776,258,0.5465587044534412,54.888888888888886,882.6800000000001
12669.0,65,2,2272.6,73,1136.3,849,70,0.821917808219178,36.5,471.43
12670.0,16,4,1790.6299999999999,483,447.65749999999997,718,44,0.24844720496894412,120.75,1969.66
12671.0,423,1,2622.481,423,2622.481,1460,45,0.07092198581560283,423.0,0.0
12672.0,146,2,437.05,412,218.525,138,22,0.14563106796116504,206.0,0.0
12673.0,143,2,840.4,218,420.2,520,52,0.27522935779816515,109.0,389.62
12674.0,24,1,586.74,24,586.74,222,17,1.25,24.0,1383.8600000000001
12675.0,370,2,958.5,395,479.25,337,111,0.1518987341772152,197.5,0.0
12676.0,7,8,2340.65,300,292.58125,1608,57,0.8,37.5,502.44
12677.0,372,2,395.1,483,197.55,176,13,0.12422360248447206,241.5,0.0
12678.0,4,15,22544.08,518,1502.9386666666667,15156,174,0.8687258687258688,34.53333333333333,11737.1
12679.0,22,2,906.38,100,453.19,407,43,0.6,50.0,206.64000000000001
12681.0,4,36,25835.579999999998,543,717.655,14913,412,1.9889502762430937,15.083333333333334,5032.7
12682.0,9,32,17022.98,555,531.968125,7667,251,1.7297297297297298,17.34375,7010.93
12683.0,1,16,9307.14,543,581.69625,5771,189,0.8839779005524863,33.9375,3389.64
12684.0,14,3,917.1,30,305.7,888,32,3.0,10.0,1366.53
12686.0,188,1,178.28,188,178.28,214,7,0.1595744680851064,188.0,0.0
12687.0,297,2,2138.91,297,1069.455,1403,126,0.20202020202020202,148.5,0.0
12690.0,22,1,389.01,22,389.01,106,16,1.3636363636363638,22.0,0.0
12691.0,135,4,540.8,237,135.2,202,17,0.5063291139240506,59.25,629.6
12692.0,454,1,110.95,454,110.95,36,13,0.06607929515418502,454.0,0.0
12693.0,28,6,1477.88,339,246.31333333333336,502,59,0.5309734513274336,56.5,225.14000000000001
12694.0,238,1,973.68,238,973.68,846,46,0.12605042016806722,238.0,869.67
12695.0,27,4,914.27,482,228.5675,267,31,0.24896265560165975,120.5,492.85
12696.0,251,2,851.91,325,425.955,564,43,0.18461538461538463,162.5,0.0
12698.0,407,1,339.75,407,339.75,111,16,0.07371007371007371,407.0,0.0
12699.0,234,1,638.11,234,638.11,373,41,0.12820512820512822,234.0,0.0
12700.0,32,1,1092.43,32,1092.43,779,62,0.9375,32.0,3847.56
12701.0,59,5,1985.78,450,397.156,1295,92,0.33333333333333337,90.0,460.63
12703.0,450,3,722.98,501,240.99333333333334,431,44,0.17964071856287425,167.0,283.55
12705.0,18,8,8057.91,350,1007.23875,4927,251,0.6857142857142857,43.75,3704.19
12707.0,108,1,603.42,108,603.42,256,33,0.2777777777777778,108.0,0.0
12708.0,17,13,3939.36,538,303.0276923076923,1969,100,0.724907063197026,41.38461538461539,1374.74
12709.0,7,27,26509.95,547,981.85,12109,177,1.4808043875685557,20.25925925925926,4583.39
12710.0,18,1,718.96,18,718.96,386,44,1.6666666666666665,18.0,430.06
12711.0,428,2,1339.05,493,669.525,770,56,0.12170385395537525,246.5,0.0
12712.0,17,16,5065.01,547,316.563125,1909,118,0.8775137111517367,34.1875,2128.65
12714.0,23,9,11146.77,552,1238.53,6937,365,0.4891304347826087,61.333333333333336,2946.94
12717.0,62,2,887.6700000000001,407,443.83500000000004,356,43,0.14742014742014742,203.5,421.24
12720.0,9,15,4820.71,323,321.3806666666667,3556,188,1.3931888544891642,21.533333333333335,3439.96
12721.0,63,5,2464.77,288,492.954,1365,123,0.5208333333333334,57.6,1548.31
12724.0,149,4,1441.01,352,360.2525,1049,69,0.34090909090909094,88.0,876.51
12725.0,188,4,2694.56,401,673.64,1306,92,0.29925187032418954,100.25,0.0
12726.0,1,9,2872.82,441,319.20222222222225,3417,52,0.6122448979591836,49.0,1141.78
12727.0,4,8,4499.2300000000005,471,562.4037500000001,2342,113,0.5095541401273885,58.875,1180.3
12728.0,74,4,851.15,200,212.7875,380,39,0.6,50.0,219.01999999999998
12730.0,338,1,829.25,338,829.25,234,47,0.08875739644970414,338.0,0.0
12731.0,29,11,15109.89,464,1373.6263636363635,7291,106,0.7112068965517241,42.18181818181818,10665.82
12733.0,51,4,2424.87,506,606.2175,896,117,0.23715415019762845,126.5,0.0
12734.0,169,3,639.65,209,213.21666666666667,265,17,0.430622009569378,69.66666666666667,0.0
12735.0,132,2,779.5699999999999,154,389.78499999999997,368,38,0.38961038961038963,77.0,0.0
12736.0,149,1,234.0,149,234.0,173,4,0.20134228187919462,149.0,0.0
12737.0,315,2,3710.5,315,1855.25,2,2,0.19047619047619047,157.5,0.0
12738.0,189,1,310.7,189,310.7,296,11,0.15873015873015872,189.0,0.0
12739.0,202,2,1713.69,211,856.845,465,51,0.28436018957345977,105.5,1013.04
12741.0,346,2,406.07,350,203.035,214,16,0.17142857142857143,175.0,0.0
12742.0,442,1,1201.52,442,1201.52,1359,67,0.06787330316742082,442.0,0.0
12744.0,65,8,14300.42,408,1787.5525,4233,173,0.5882352941176471,51.0,11016.64
12745.0,303,3,925.41,499,308.46999999999997,468,21,0.18036072144288576,166.33333333333334,0.0
12746.0,357,1,254.55,357,254.55,97,17,0.08403361344537816,357.0,0.0
12747.0,15,21,7171.93,549,341.5204761904762,2191,79,1.1475409836065573,26.142857142857142,2104.61
12748.0,1,218,32894.16,552,150.89064220183488,19521,1668,11.847826086956522,2.532110091743119,23705.23
12749.0,30,5,3665.58,338,733.116,1151,157,0.4437869822485207,67.6,3231.78
12751.0,261,1,268.27,261,268.27,189,61,0.11494252873563218,261.0,0.0
12753.0,65,4,12940.51,179,3235.1275,7003,87,0.670391061452514,44.75,8488.88
12754.0,52,3,3010.74,125,1003.5799999999999,6481,49,0.72,41.666666666666664,0.0
12755.0,97,11,9030.66,510,820.9690909090909,3781,34,0.6470588235294118,46.36363636363637,0.0
12757.0,2,6,4445.43,28,740.9050000000001,461,79,6.428571428571428,4.666666666666667,3411.67
12758.0,93,6,8681.84,555,1446.9733333333334,5129,168,0.32432432432432434,92.5,1221.4
12759.0,92,6,3934.1,552,655.6833333333333,2577,161,0.32608695652173914,92.0,1086.64
12760.0,272,1,347.8,272,347.8,198,21,0.11029411764705882,272.0,0.0
12761.0,274,2,782.95,281,391.475,281,27,0.21352313167259784,140.5,0.0
12763.0,186,1,640.16,186,640.16,392,16,0.16129032258064518,186.0,174.0
12764.0,133,1,1693.88,133,1693.88,386,45,0.22556390977443608,133.0,0.0
12765.0,289,6,1404.58,458,234.09666666666666,1009,49,0.3930131004366812,76.33333333333333,0.0
12766.0,57,6,7094.360000000001,224,1182.3933333333334,3670,201,0.8035714285714285,37.333333333333336,2973.92
12767.0,192,1,949.82,192,949.82,598,43,0.15625,192.0,0.0
12768.0,267,1,168.69000000000003,267,168.69000000000003,102,10,0.11235955056179775,267.0,0.0
12769.0,55,1,1143.6,55,1143.6,356,32,0.5454545454545454,55.0,0.0
12770.0,27,2,3246.45,273,1623.225,1843,19,0.21978021978021978,136.5,0.0
12771.0,302,1,282.3,302,282.3,104,15,0.09933774834437085,302.0,0.0
12773.0,381,1,124.25,381,124.25,109,6,0.07874015748031496,381.0,0.0
12774.0,352,1,98.7,352,98.7,53,6,0.08522727272727273,352.0,0.0
12775.0,6,6,1464.76,226,244.12666666666667,946,45,0.7964601769911505,37.666666666666664,221.36
12776.0,484,1,55.5,484,55.5,46,4,0.06198347107438017,484.0,0.0
12777.0,274,1,519.45,274,519.45,458,26,0.1094890510948905,274.0,0.0
12778.0,76,6,1361.51,419,226.91833333333332,1283,66,0.42959427207637235,69.83333333333333,414.17
12779.0,6,13,5740.32,553,441.5630769230769,3002,123,0.705244122965642,42.53846153846154,981.95
12780.0,415,1,337.4,415,337.4,285,20,0.07228915662650603,415.0,0.0
12781.0,101,1,549.26,101,549.26,346,15,0.297029702970297,101.0,277.48
12782.0,70,9,3850.27,336,427.8077777777778,1535,121,0.8035714285714285,37.333333333333336,767.97
12784.0,346,1,1230.33,346,1230.33,582,72,0.08670520231213873,346.0,574.42
12785.0,181,3,1100.4,548,366.8,453,42,0.1642335766423358,182.66666666666666,0.0
12786.0,426,1,728.5,426,728.5,324,18,0.07042253521126761,426.0,0.0
12787.0,9,2,556.62,230,278.31,314,28,0.2608695652173913,115.0,305.56
12788.0,280,4,444.9,345,111.225,194,20,0.34782608695652173,86.25,0.0
12789.0,329,2,181.5,510,90.75,32,2,0.11764705882352941,255.0,91.85
12790.0,9,2,591.85,227,295.925,306,36,0.2643171806167401,113.5,0.0
12791.0,190,6,1056.1100000000001,441,176.01833333333335,450,17,0.40816326530612246,73.5,0.0
12792.0,73,2,827.01,351,413.505,394,39,0.17094017094017094,175.5,0.0
12793.0,151,3,1017.33,218,339.11,526,34,0.41284403669724773,72.66666666666667,0.0
12796.0,445,1,381.0,445,381.0,182,7,0.06741573033707866,445.0,0.0
12797.0,182,2,806.11,241,403.055,333,27,0.24896265560165975,120.5,0.0
12798.0,238,1,1533.8899999999999,238,1533.8899999999999,3199,25,0.12605042016806722,238.0,6977.04
12799.0,346,1,219.35,346,219.35,137,15,0.08670520231213873,346.0,0.0
12800.0,287,3,584.25,493,194.75,284,31,0.18255578093306288,164.33333333333334,0.0
12801.0,317,1,1071.82,317,1071.82,505,50,0.0946372239747634,317.0,0.0
12802.0,3,7,2416.42,380,345.20285714285717,1972,108,0.5526315789473684,54.285714285714285,0.0
12803.0,210,1,1092.81,210,1092.81,872,55,0.14285714285714288,210.0,0.0
12804.0,282,2,327.02,317,163.51,271,60,0.1892744479495268,158.5,0.0
12805.0,198,4,1434.95,491,358.7375,593,44,0.24439918533604885,122.75,0.0
12806.0,252,4,2878.96,405,719.74,2087,58,0.2962962962962963,101.25,0.0
12807.0,200,1,330.35,200,330.35,145,16,0.15,200.0,0.0
12808.0,1,4,703.8000000000001,279,175.95000000000002,295,35,0.43010752688172044,69.75,202.3
12809.0,382,2,1266.63,464,633.315,298,52,0.12931034482758622,232.0,489.31
12810.0,351,2,534.99,493,267.495,389,32,0.12170385395537525,246.5,0.0
12811.0,77,5,1033.9,244,206.78000000000003,435,47,0.6147540983606556,48.8,0.0
12813.0,318,3,1687.8,510,562.6,1141,37,0.1764705882352941,170.0,0.0
12815.0,15,1,615.36,15,615.36,239,31,2.0,15.0,448.1
12817.0,98,3,690.98,251,230.32666666666668,219,16,0.35856573705179284,83.66666666666667,0.0
12818.0,78,1,1542.08,78,1542.08,929,14,0.3846153846153846,78.0,0.0
12819.0,275,1,540.52,275,540.52,344,19,0.10909090909090909,275.0,0.0
12820.0,143,8,1917.64,551,239.705,1388,91,0.4355716878402904,68.875,771.88
12821.0,31,2,220.8,428,110.4,162,13,0.14018691588785046,214.0,0.0
12823.0,71,16,5736.5,496,358.53125,830,1,0.967741935483871,31.0,765.0
12825.0,338,2,518.63,458,259.315,139,20,0.13100436681222707,229.0,0.0
12826.0,133,8,2178.13,538,272.26625,1550,82,0.44609665427509293,67.25,777.62
12829.0,153,3,385.3,367,128.43333333333334,550,17,0.24523160762942778,122.33333333333333,0.0
12831.0,79,3,451.11,280,150.37,303,16,0.32142857142857145,93.33333333333333,0.0
12834.0,99,1,312.38,99,312.38,110,18,0.30303030303030304,99.0,0.0
12835.0,244,41,6043.31,553,147.3978048780488,2357,138,2.224231464737794,13.487804878048781,0.0
12836.0,36,13,5634.16,555,433.3969230769231,1875,243,0.7027027027027027,42.69230769230769,951.46
12837.0,386,1,554.31,386,554.31,185,73,0.07772020725388601,386.0,134.1
12838.0,190,9,3106.14,409,345.12666666666667,1714,177,0.6601466992665037,45.44444444444444,292.34000000000003
12839.0,15,16,5876.2,549,367.2625,3978,122,0.8743169398907104,34.3125,4195.53
12840.0,31,5,2893.17,491,578.634,1610,102,0.3054989816700611,98.2,1148.8
12841.0,39,27,5479.59,336,202.9477777777778,3892,221,2.410714285714286,12.444444444444445,2061.09
12842.0,125,3,1109.73,554,369.91,497,27,0.1624548736462094,184.66666666666666,808.26
12843.0,3,26,5957.66,543,229.14076923076922,2748,116,1.4364640883977902,20.884615384615383,630.75
12844.0,259,2,322.64,410,161.32,98,43,0.14634146341463414,205.0,325.96000000000004
12845.0,84,4,354.09,107,88.5225,204,26,1.1214953271028036,26.75,0.0
12846.0,499,1,15.58,499,15.58,1,1,0.06012024048096192,499.0,0.0
12847.0,204,1,765.36,204,765.36,624,34,0.14705882352941177,204.0,871.54
12848.0,492,1,208.0,492,208.0,58,16,0.06097560975609757,492.0,0.0
12849.0,85,5,2744.17,408,548.8340000000001,1773,110,0.3676470588235294,81.6,346.39
12850.0,262,1,330.0,262,330.0,200,2,0.11450381679389313,262.0,0.0
12851.0,294,1,148.95,294,148.95,51,30,0.10204081632653061,294.0,135.18
12852.0,111,1,311.55,111,311.55,149,17,0.2702702702702703,111.0,0.0
12853.0,56,8,2835.4,489,354.425,1194,81,0.49079754601227,61.125,1072.1
12854.0,58,6,2479.89,545,413.315,1430,166,0.3302752293577982,90.83333333333333,514.13
12855.0,189,4,650.9399999999999,219,162.73499999999999,270,65,0.547945205479452,54.75,0.0
12857.0,27,6,3688.0,500,614.6666666666666,1420,71,0.36,83.33333333333333,0.0
12858.0,200,1,177.92,200,177.92,63,36,0.15,200.0,0.0
12859.0,275,1,575.1,275,575.1,292,21,0.10909090909090909,275.0,0.0
12860.0,510,1,55.47,510,55.47,27,16,0.058823529411764705,510.0,0.0
12861.0,436,1,68.25,436,68.25,27,4,0.06880733944954129,436.0,0.0
12862.0,242,2,1008.3199999999999,312,504.15999999999997,613,119,0.1923076923076923,156.0,0.0
12863.0,196,5,2271.35,406,454.27,707,23,0.3694581280788177,81.2,521.2
12864.0,325,1,152.45,325,152.45,231,4,0.09230769230769231,325.0,147.12
12865.0,195,2,1755.24,293,877.62,1048,93,0.20477815699658702,146.5,1568.23
12866.0,100,3,1227.35,319,409.1166666666666,553,58,0.2821316614420063,106.33333333333333,0.0
12867.0,31,10,5615.01,540,561.501,5650,302,0.5555555555555556,54.0,2298.28
12868.0,2,8,2247.06,209,280.8825,1282,86,1.1483253588516746,26.125,0.0
12869.0,498,1,337.66999999999996,498,337.66999999999996,144,35,0.06024096385542168,498.0,0.0
12870.0,192,3,1676.95,441,558.9833333333333,906,85,0.20408163265306123,147.0,0.0
12871.0,24,2,495.38,256,247.69,364,9,0.234375,128.0,248.64
12872.0,143,12,3685.4900000000002,553,307.12416666666667,1855,217,0.650994575045208,46.083333333333336,0.0
12873.0,99,3,2027.3,498,675.7666666666667,786,33,0.18072289156626506,166.0,0.0
12874.0,202,2,948.42,371,474.21,623,44,0.16172506738544476,185.5,0.0
12875.0,179,4,1307.52,514,326.88,4896,2,0.23346303501945526,128.5,49.470000000000006
12876.0,13,3,2590.2000000000003,407,863.4000000000001,1757,92,0.22113022113022113,135.66666666666666,1491.59
12877.0,17,15,2101.44,507,140.096,1472,80,0.8875739644970414,33.8,853.73
12878.0,53,2,854.99,83,427.495,547,38,0.7228915662650602,41.5,0.0
12880.0,198,2,640.13,391,320.065,279,32,0.1534526854219949,195.5,0.0
12881.0,92,1,298.0,92,298.0,21,7,0.32608695652173914,92.0,0.0
12886.0,36,1,775.0,36,775.0,416,47,0.8333333333333333,36.0,603.4
12887.0,200,1,222.4,200,222.4,100,13,0.15,200.0,0.0
12888.0,31,2,354.12,72,177.06,76,4,0.8333333333333333,36.0,0.0
12889.0,198,4,385.46000000000004,319,96.36500000000001,124,25,0.37617554858934166,79.75,0.0
12890.0,204,1,336.8,204,336.8,207,56,0.14705882352941177,204.0,380.46999999999997
12891.0,2,11,840.5,476,76.4090909090909,2325,2,0.6932773109243697,43.27272727272727,0.0
12892.0,213,1,263.38,213,263.38,140,18,0.14084507042253522,213.0,0.0
12894.0,392,1,157.35,392,157.35,33,21,0.07653061224489795,392.0,0.0
12897.0,21,4,514.25,360,128.5625,249,10,0.33333333333333337,90.0,0.0
12898.0,280,2,310.96000000000004,476,155.48000000000002,240,27,0.12605042016806722,238.0,0.0
12899.0,230,1,366.4,230,366.4,108,17,0.13043478260869565,230.0,0.0
12900.0,239,1,340.33,239,340.33,139,13,0.12552301255230125,239.0,0.0
12901.0,1,12,8061.8,87,671.8166666666667,8191,22,4.137931034482759,7.25,9592.74
12902.0,81,1,138.68,81,138.68,66,10,0.37037037037037035,81.0,0.0
12903.0,245,1,833.53,245,833.53,493,41,0.12244897959183675,245.0,0.0
12905.0,393,2,1018.42,499,509.21,532,52,0.12024048096192384,249.5,0.0
12907.0,212,2,508.91,311,254.455,177,23,0.19292604501607716,155.5,0.0
12908.0,129,4,1344.0,447,336.0,2400,1,0.2684563758389262,111.75,432.0
12909.0,18,6,2452.89,470,408.815,1454,98,0.3829787234042553,78.33333333333333,650.3
12910.0,14,8,3863.98,438,482.9975,2594,53,0.547945205479452,54.75,1932.54
12911.0,368,1,1680.47,368,1680.47,820,220,0.08152173913043478,368.0,0.0
12913.0,99,11,5083.62,555,462.1472727272727,2158,31,0.5945945945945945,50.45454545454545,1617.24
12914.0,217,1,223.98,217,223.98,336,9,0.1382488479262673,217.0,0.0
12915.0,189,3,1010.75,406,336.9166666666667,400,40,0.22167487684729062,135.33333333333334,164.0
12916.0,18,6,3960.65,501,660.1083333333333,1511,75,0.3592814371257485,83.5,693.37
12917.0,217,5,3765.2,547,753.04,984,44,0.2742230347349177,109.4,594.0
12918.0,443,1,10953.5,443,10953.5,1,1,0.06772009029345372,443.0,0.0
12920.0,388,3,323.86,542,107.95333333333333,292,32,0.16605166051660517,180.66666666666666,164.23
12921.0,1,52,25405.27,555,488.56288461538463,16025,232,2.810810810810811,10.673076923076923,10515.77
12923.0,207,2,612.9,392,306.45,168,28,0.1530612244897959,196.0,176.97
12924.0,15,11,2190.9700000000003,547,199.17909090909095,1227,45,0.6032906764168191,49.72727272727273,278.43
12925.0,409,1,35.28,409,35.28,108,5,0.07334963325183375,409.0,694.05
12926.0,228,4,1548.46,542,387.115,766,202,0.22140221402214022,135.5,0.0
12927.0,211,1,197.31,211,197.31,145,11,0.14218009478672988,211.0,0.0
12928.0,58,9,3022.23,366,335.80333333333334,1913,76,0.7377049180327868,40.666666666666664,1282.66
12929.0,128,1,117.85,128,117.85,37,8,0.234375,128.0,0.0
12931.0,20,49,54212.08,555,1106.3689795918367,38172,23,2.6486486486486487,11.326530612244898,38135.26
12932.0,356,8,1698.56,484,212.32,1609,69,0.49586776859504134,60.5,0.0
12933.0,100,6,1190.25,546,198.375,525,159,0.3296703296703297,91.0,496.78
12934.0,553,1,181.65,553,181.65,31,2,0.054249547920433995,553.0,0.0
12935.0,20,10,2949.39,424,294.93899999999996,1976,78,0.7075471698113208,42.4,1294.47
12937.0,14,7,2021.57,553,288.79571428571427,1244,81,0.37974683544303794,79.0,1076.04
12939.0,90,15,20911.32,513,1394.088,8276,24,0.8771929824561403,34.2,4353.48
12941.0,541,1,377.49,541,377.49,381,27,0.05545286506469501,541.0,0.0
12942.0,14,2,655.27,182,327.635,173,23,0.3296703296703297,91.0,287.38
12943.0,375,2,496.5,422,248.25,222,22,0.14218009478672988,211.0,0.0
12944.0,171,1,286.95,171,286.95,145,14,0.17543859649122806,171.0,317.56
12945.0,105,2,900.11,473,450.055,446,47,0.12684989429175475,236.5,0.0
12946.0,253,1,324.45,253,324.45,149,20,0.11857707509881422,253.0,0.0
12947.0,51,3,1339.31,190,446.43666666666667,1081,62,0.4736842105263158,63.333333333333336,568.72
12948.0,31,5,1138.74,554,227.748,612,53,0.27075812274368233,110.8,1178.69
12949.0,23,17,13610.18,553,800.5988235294118,7131,311,0.9222423146473779,32.529411764705884,1916.52
12951.0,21,13,2774.53,515,213.42538461538464,1432,101,0.7572815533980582,39.61538461538461,439.19
12953.0,339,1,498.96000000000004,339,498.96000000000004,280,31,0.08849557522123894,339.0,329.85
12954.0,455,1,162.45,455,162.45,83,10,0.06593406593406594,455.0,0.0
12955.0,20,3,697.42,84,232.47333333333333,548,27,1.0714285714285714,28.0,4059.74
12956.0,123,4,521.89,541,130.4725,340,42,0.22181146025878004,135.25,0.0
12957.0,3,9,6404.72,545,711.6355555555556,3385,296,0.4954128440366973,60.55555555555556,2302.25
12958.0,217,2,539.49,400,269.745,131,45,0.15,200.0,0.0
12959.0,301,1,150.95,301,150.95,109,8,0.09966777408637874,301.0,0.0
12960.0,230,4,1322.07,478,330.5175,1379,49,0.2510460251046025,119.5,0.0
12961.0,196,1,211.99,196,211.99,180,37,0.1530612244897959,196.0,0.0
12963.0,182,5,2110.76,336,422.15200000000004,1100,74,0.4464285714285714,67.2,1490.83
12964.0,254,1,132.24,254,132.24,56,26,0.11811023622047244,254.0,0.0
12967.0,175,3,4306.92,200,1435.64,1272,47,0.44999999999999996,66.66666666666667,0.0
12969.0,419,1,122.45,419,122.45,55,5,0.07159904534606205,419.0,0.0
12970.0,139,8,1096.53,552,137.06625,712,181,0.43478260869565216,69.0,428.44
12971.0,7,71,9642.220000000001,541,135.80591549295775,8830,77,3.9371534195933453,7.619718309859155,6330.57
12972.0,230,4,1161.2,478,290.3,844,69,0.2510460251046025,119.5,0.0
12973.0,230,1,385.55,230,385.55,31,6,0.13043478260869565,230.0,0.0
12974.0,14,2,408.95,382,204.475,104,27,0.15706806282722513,191.0,0.0
12975.0,253,6,2100.09,550,350.01500000000004,911,92,0.32727272727272727,91.66666666666667,0.0
12976.0,28,8,3156.38,482,394.5475,2684,106,0.4979253112033195,60.25,0.0
12977.0,318,3,478.39,328,159.46333333333334,119,45,0.274390243902439,109.33333333333333,39.239999999999995
12978.0,202,5,2502.82,546,500.564,1394,126,0.27472527472527475,109.2,0.0
12979.0,546,1,517.7,546,517.7,520,56,0.054945054945054944,546.0,0.0
12980.0,4,19,14329.86,554,754.2031578947368,1550,7,1.0288808664259927,29.157894736842106,1915.92
12982.0,59,8,2744.81,423,343.10125,1729,139,0.5673758865248226,52.875,0.0
12983.0,415,1,490.08000000000004,415,490.08000000000004,638,30,0.07228915662650603,415.0,0.0
12986.0,245,10,2729.84,504,272.98400000000004,1164,61,0.5952380952380952,50.4,0.0
12987.0,14,4,1057.81,505,264.4525,474,48,0.2376237623762376,126.25,254.4
12988.0,109,1,535.32,109,535.32,136,75,0.27522935779816515,109.0,0.0
12989.0,17,25,9955.58,546,398.2232,5462,23,1.3736263736263736,21.84,3596.17
12990.0,2,6,809.9,436,134.98333333333332,410,6,0.41284403669724773,72.66666666666667,145.6
12991.0,206,1,261.06,206,261.06,78,14,0.14563106796116504,206.0,503.76
12992.0,542,1,93.35000000000001,542,93.35000000000001,21,6,0.055350553505535055,542.0,0.0
12993.0,24,6,1020.17,476,170.02833333333334,603,54,0.37815126050420167,79.33333333333333,239.46
12994.0,85,1,352.6,85,352.6,166,22,0.3529411764705882,85.0,621.82
12996.0,192,1,355.5,192,355.5,122,22,0.15625,192.0,0.0
12997.0,53,6,1492.49,429,248.74833333333333,822,52,0.4195804195804196,71.5,618.42
12998.0,309,3,920.08,470,306.6933333333333,1124,58,0.19148936170212766,156.66666666666666,0.0
12999.0,13,3,455.88,62,151.96,342,25,1.4516129032258065,20.666666666666668,0.0
13000.0,76,3,956.1800000000001,542,318.7266666666667,476,56,0.16605166051660517,180.66666666666666,76.32000000000001
13001.0,1,30,22198.63,553,739.9543333333334,12518,295,1.6274864376130198,18.433333333333334,1973.47
13002.0,135,3,414.13,251,138.04333333333332,201,19,0.35856573705179284,83.66666666666667,0.0
13003.0,31,1,59.050000000000004,31,59.050000000000004,31,4,0.967741935483871,31.0,90.0
13004.0,31,25,8442.96,541,337.7184,6132,312,1.3863216266173752,21.64,3207.89
13005.0,63,3,807.63,274,269.21,425,38,0.3284671532846716,91.33333333333333,192.05
13007.0,396,1,175.25,396,175.25,59,11,0.07575757575757576,396.0,0.0
13008.0,140,3,612.13,540,204.04333333333332,379,31,0.16666666666666669,180.0,0.0
13009.0,489,1,234.0,489,234.0,120,4,0.06134969325153375,489.0,0.0
13010.0,191,2,330.12,465,165.06,323,10,0.12903225806451613,232.5,0.0
13011.0,189,1,101.10000000000001,189,101.10000000000001,26,3,0.15873015873015872,189.0,0.0
13012.0,30,6,2018.38,409,336.3966666666667,1052,67,0.4400977995110024,68.16666666666667,954.45
13013.0,29,20,10187.12,542,509.35600000000005,5473,246,1.1070110701107012,27.1,2438.65
13014.0,37,4,3242.83,249,810.7075,1463,124,0.48192771084337344,62.25,2138.25
13015.0,14,10,5003.18,420,500.31800000000004,2623,202,0.7142857142857142,42.0,1583.24
13018.0,13,18,6159.42,465,342.19,3973,285,1.1612903225806452,25.833333333333332,3603.7400000000002
13019.0,196,6,1229.95,550,204.99166666666667,397,46,0.32727272727272727,91.66666666666667,0.0
13020.0,379,2,618.96,476,309.48,278,38,0.12605042016806722,238.0,0.0
13021.0,32,11,3035.86,551,275.98727272727274,1548,106,0.5989110707803993,50.09090909090909,1851.38
13022.0,246,1,65.3,246,65.3,35,5,0.12195121951219513,246.0,0.0
13023.0,345,1,759.13,345,759.13,299,36,0.08695652173913043,345.0,689.9
13024.0,287,2,555.87,399,277.935,181,26,0.15037593984962405,199.5,0.0
13025.0,548,1,323.39,548,323.39,241,13,0.05474452554744525,548.0,0.0
13026.0,37,6,1001.44,543,166.90666666666667,1194,25,0.3314917127071823,90.5,731.64
13027.0,50,16,14263.2,505,891.45,35400,7,0.9504950495049505,31.5625,3072.0
13029.0,170,3,1062.3,340,354.09999999999997,90,6,0.2647058823529412,113.33333333333333,865.0
13030.0,185,1,855.48,185,855.48,408,50,0.16216216216216217,185.0,371.74
13031.0,224,5,3419.27,371,683.854,2399,275,0.40431266846361186,74.2,0.0
13032.0,209,7,1833.37,277,261.90999999999997,906,110,0.7581227436823104,39.57142857142857,1010.18
13033.0,174,2,220.55,246,110.275,98,12,0.24390243902439027,123.0,0.0
13034.0,186,2,445.77,218,222.885,269,16,0.27522935779816515,109.0,476.90999999999997
13035.0,77,2,775.32,248,387.66,494,22,0.24193548387096775,124.0,588.88
13036.0,501,1,307.1,501,307.1,38,6,0.05988023952095808,501.0,0.0
13037.0,36,11,3611.2000000000003,553,328.2909090909091,1993,174,0.596745027124774,50.27272727272727,303.75
13038.0,107,1,395.1,107,395.1,186,15,0.2803738317757009,107.0,513.36
13039.0,401,4,1010.73,539,252.6825,290,37,0.22263450834879406,134.75,0.0
13041.0,267,4,799.13,406,199.7825,335,23,0.2955665024630542,101.5,0.0
13042.0,415,3,1556.54,549,518.8466666666667,830,164,0.16393442622950818,183.0,0.0
13043.0,90,1,516.42,90,516.42,254,13,0.33333333333333337,90.0,0.0
13044.0,108,11,4853.9,517,441.26363636363635,2553,356,0.6382978723404256,47.0,0.0
13045.0,218,2,503.64,303,251.82,184,25,0.19801980198019803,151.5,305.28000000000003
13046.0,83,2,517.66,273,258.83,317,31,0.21978021978021978,136.5,431.59
13047.0,36,20,7229.3,540,361.46500000000003,2719,147,1.1111111111111112,27.0,1565.8600000000001
13048.0,55,7,3188.22,498,455.46,2130,115,0.4216867469879518,71.14285714285714,895.99
13049.0,135,3,905.34,218,301.78000000000003,430,12,0.41284403669724773,72.66666666666667,502.90000000000003
13050.0,2,28,9966.8,541,355.95714285714286,5501,483,1.5526802218114604,19.321428571428573,2377.73
13051.0,395,2,155.8,436,77.9,72,4,0.13761467889908258,218.0,0.0
13052.0,29,7,3168.53,471,452.6471428571429,1454,161,0.445859872611465,67.28571428571429,0.0
13053.0,438,1,127.65,438,127.65,47,17,0.0684931506849315,438.0,0.0
13055.0,30,2,1451.56,246,725.78,1179,99,0.24390243902439027,123.0,869.55
13056.0,368,1,209.48,368,209.48,158,18,0.08152173913043478,368.0,0.0
13057.0,347,3,722.09,448,240.6966666666667,466,34,0.20089285714285712,149.33333333333334,0.0
13059.0,66,10,2303.17,435,230.317,864,155,0.6896551724137931,43.5,0.0
13060.0,70,1,307.53,70,307.53,123,15,0.42857142857142855,70.0,0.0
13062.0,8,1,346.98,8,346.98,343,11,3.75,8.0,0.0
13063.0,297,1,188.4,297,188.4,116,12,0.10101010101010101,297.0,0.0
13064.0,144,3,764.55,408,254.85,214,21,0.22058823529411764,136.0,916.19
13065.0,190,5,1260.91,364,252.18200000000002,455,49,0.41208791208791207,72.8,0.0
13067.0,226,2,393.05,263,196.525,99,13,0.22813688212927757,131.5,115.46000000000001
13068.0,136,1,165.0,136,165.0,100,1,0.22058823529411764,136.0,179.0
13069.0,6,29,7930.45,360,273.46379310344827,11961,519,2.416666666666667,12.413793103448276,1752.68
13070.0,9,4,751.7,549,187.925,372,12,0.2185792349726776,137.25,0.0
13071.0,429,1,129.22,429,129.22,30,12,0.06993006993006994,429.0,0.0
13072.0,83,1,177.15,83,177.15,69,7,0.3614457831325301,83.0,0.0
13073.0,228,2,418.08,254,209.04,261,25,0.23622047244094488,127.0,0.0
13074.0,328,4,1378.74,540,344.685,826,26,0.22222222222222224,135.0,0.0
13076.0,274,1,135.4,274,135.4,44,9,0.1094890510948905,274.0,0.0
13077.0,107,10,2912.84,545,291.284,2529,176,0.5504587155963303,54.5,151.83
13078.0,17,41,21371.670000000002,555,521.260243902439,7993,131,2.2162162162162162,13.536585365853659,8160.78
13079.0,234,1,199.08,234,199.08,96,11,0.12820512820512822,234.0,220.10000000000002
13080.0,218,3,222.65,426,74.21666666666667,73,11,0.2112676056338028,142.0,58.08
13081.0,34,24,45331.28,548,1888.8033333333333,31931,628,1.3138686131386863,22.833333333333332,13873.87
13082.0,52,17,5682.3,534,334.2529411764706,6979,86,0.9550561797752809,31.41176470588235,1653.45
13083.0,242,1,91.67999999999999,242,91.67999999999999,120,4,0.12396694214876033,242.0,303.75
13084.0,308,1,122.39999999999999,308,122.39999999999999,144,2,0.09740259740259741,308.0,0.0
13085.0,112,7,2295.3,555,327.90000000000003,900,46,0.37837837837837834,79.28571428571429,137.98000000000002
13086.0,199,1,439.33000000000004,199,439.33000000000004,155,47,0.15075376884422112,199.0,0.0
13087.0,543,1,313.64,543,313.64,86,15,0.05524861878453039,543.0,0.0
13088.0,234,1,236.11,234,236.11,76,19,0.12820512820512822,234.0,0.0
13089.0,2,160,87442.95,554,546.5184375,44790,699,8.664259927797834,3.4625,29294.91
13090.0,55,17,8303.87,311,488.4629411764706,1907,112,1.639871382636656,18.294117647058822,5799.22
13091.0,546,2,1976.0,546,988.0,873,24,0.10989010989010989,273.0,345.82
13092.0,28,11,2102.2,484,191.1090909090909,480,48,0.6818181818181819,44.0,38.08
13093.0,92,55,54943.65,552,998.9754545454546,26227,199,2.9891304347826084,10.036363636363637,0.0
13094.0,8,9,1598.88,206,177.65333333333334,1320,5,1.3106796116504855,22.88888888888889,834.2400000000001
13096.0,211,1,419.70000000000005,211,419.70000000000005,6,1,0.14218009478672988,211.0,0.0
13097.0,50,23,10383.06,555,451.4373913043478,4296,338,1.2432432432432432,24.130434782608695,3006.16
13098.0,2,9,7734.97,134,859.4411111111111,4354,95,2.014925373134328,14.88888888888889,21147.47
13101.0,51,4,695.4,498,173.85,478,48,0.24096385542168672,124.5,0.0
13102.0,15,28,9041.99,399,322.92821428571426,4871,168,2.1052631578947367,14.25,2654.93
13103.0,254,2,465.70000000000005,394,232.85000000000002,344,21,0.15228426395939085,197.0,243.94
13104.0,84,5,824.34,470,164.868,462,5,0.3191489361702128,94.0,884.76
13105.0,253,1,72.0,253,72.0,100,1,0.11857707509881422,253.0,0.0
13106.0,230,1,526.96,230,526.96,213,15,0.13043478260869565,230.0,76.5
13107.0,150,6,4288.29,490,714.715,3491,113,0.36734693877551017,81.66666666666667,964.78
13108.0,189,2,1098.52,252,549.26,1043,27,0.23809523809523808,126.0,0.0
13109.0,368,1,347.49,368,347.49,237,23,0.08152173913043478,368.0,786.54
13110.0,74,8,2201.29,555,275.16125,580,128,0.43243243243243246,69.375,756.1800000000001
13111.0,535,1,321.88000000000005,535,321.88000000000005,180,12,0.056074766355140186,535.0,0.0
13112.0,358,1,20.6,358,20.6,11,2,0.08379888268156425,358.0,0.0
13113.0,9,29,15235.93,438,525.3768965517241,3565,155,1.9863013698630136,15.10344827586207,3389.8
13114.0,547,1,234.38,547,234.38,74,16,0.054844606946983544,547.0,0.0
13115.0,1,7,4078.4700000000003,416,582.6385714285715,2988,161,0.5048076923076923,59.42857142857143,1416.23
13117.0,34,16,2410.27,440,150.641875,1733,113,1.0909090909090908,27.5,233.54
13118.0,25,7,2017.3,256,288.18571428571425,698,85,0.8203125,36.57142857142857,398.11
13119.0,485,1,134.9,485,134.9,110,11,0.061855670103092786,485.0,0.0
13120.0,55,1,30.599999999999998,55,30.599999999999998,12,1,0.5454545454545454,55.0,0.0
13121.0,86,1,283.73,86,283.73,252,50,0.3488372093023256,86.0,0.0
13122.0,57,1,903.67,57,903.67,537,54,0.5263157894736842,57.0,18.72
13123.0,289,2,506.75,346,253.375,268,36,0.17341040462427745,173.0,0.0
13124.0,69,3,3490.24,202,1163.4133333333332,2259,163,0.4455445544554455,67.33333333333333,1292.21
13125.0,340,1,158.57,340,158.57,54,20,0.08823529411764705,340.0,0.0
13126.0,70,10,2976.03,464,297.603,2328,123,0.646551724137931,46.4,1022.22
13128.0,448,1,263.5,448,263.5,31,1,0.06696428571428571,448.0,0.0
13129.0,269,2,233.25,346,116.625,296,10,0.17341040462427745,173.0,0.0
13131.0,4,5,2565.37,485,513.074,1204,98,0.30927835051546393,97.0,748.4
13132.0,78,1,77.3,78,77.3,20,3,0.3846153846153846,78.0,0.0
13133.0,90,3,200.45000000000002,276,66.81666666666668,55,12,0.32608695652173914,92.0,0.0
13134.0,51,4,1207.35,233,301.8375,473,43,0.5150214592274678,58.25,1267.88
13135.0,13,2,3371.45,308,1685.725,4423,18,0.19480519480519481,154.0,0.0
13136.0,29,9,4241.41,548,471.2677777777778,2057,160,0.4927007299270073,60.888888888888886,2033.15
13137.0,69,10,4926.13,319,492.613,2601,482,0.9404388714733541,31.9,2786.57
13138.0,57,3,891.7,213,297.23333333333335,442,31,0.4225352112676056,71.0,575.54
13139.0,32,3,4308.06,254,1436.0200000000002,2647,123,0.3543307086614173,84.66666666666667,3894.92
13140.0,183,3,951.47,308,317.1566666666667,537,68,0.2922077922077922,102.66666666666667,264.21
13141.0,31,16,6680.86,547,417.55375,4563,259,0.8775137111517367,34.1875,987.72
13143.0,401,1,405.1,401,405.1,198,23,0.07481296758104738,401.0,0.0
13144.0,149,2,135.35,248,67.675,29,6,0.24193548387096775,124.0,0.0
13145.0,189,4,1100.0,416,275.0,122,2,0.2884615384615385,104.0,323.52000000000004
13148.0,49,20,6713.02,549,335.651,3434,376,1.092896174863388,27.45,1908.79
13149.0,106,1,376.74,106,376.74,276,18,0.2830188679245283,106.0,1299.32
13150.0,301,3,449.96999999999997,447,149.98999999999998,171,7,0.20134228187919462,149.0,0.0
13151.0,112,3,2580.7400000000002,444,860.2466666666668,832,131,0.20270270270270271,148.0,0.0
13152.0,234,7,2146.38,511,306.6257142857143,977,114,0.410958904109589,73.0,0.0
13154.0,216,3,1624.84,552,541.6133333333333,976,78,0.16304347826086957,184.0,0.0
13155.0,143,4,1347.6200000000001,308,336.90500000000003,674,68,0.38961038961038963,77.0,402.56
13156.0,202,3,1586.54,493,528.8466666666667,914,94,0.18255578093306288,164.33333333333334,0.0
13157.0,58,7,4444.08,458,634.8685714285714,3797,128,0.4585152838427947,65.42857142857143,1243.28
13158.0,135,2,563.53,205,281.765,343,37,0.2926829268292683,102.5,944.65
13161.0,130,2,478.88,317,239.44,106,30,0.1892744479495268,158.5,0.0
13162.0,1,15,8892.64,552,592.8426666666667,5438,172,0.8152173913043478,36.8,382.85
13163.0,427,1,17.65,427,17.65,3,2,0.0702576112412178,427.0,0.0
13164.0,386,2,372.2,484,186.1,120,7,0.12396694214876033,242.0,0.0
13165.0,168,2,784.32,230,392.16,856,20,0.2608695652173913,115.0,666.84
13166.0,100,2,884.18,231,442.09,527,55,0.2597402597402597,115.5,0.0
13167.0,207,1,333.82,207,333.82,222,16,0.14492753623188406,207.0,791.33
13168.0,16,4,1528.78,359,382.195,787,119,0.3342618384401114,89.75,346.53000000000003
13169.0,69,2,632.4000000000001,379,316.20000000000005,120,11,0.15831134564643798,189.5,207.68
13171.0,116,1,140.35,116,140.35,53,23,0.25862068965517243,116.0,328.06
13172.0,217,1,69.6,217,69.6,48,1,0.1382488479262673,217.0,0.0
13173.0,184,10,2451.64,546,245.164,1457,147,0.5494505494505495,54.6,187.71
13174.0,133,11,8786.08,552,798.7345454545455,4116,564,0.5978260869565217,50.18181818181818,708.76
13175.0,399,2,831.45,552,415.725,423,40,0.10869565217391304,276.0,0.0
13177.0,247,1,229.75,247,229.75,89,13,0.12145748987854252,247.0,282.45
13178.0,20,15,11052.92,540,736.8613333333334,6811,179,0.8333333333333333,36.0,3006.27
13179.0,435,1,572.3100000000001,435,572.3100000000001,368,34,0.06896551724137931,435.0,0.0
13180.0,424,1,86.10000000000001,424,86.10000000000001,42,4,0.07075471698113207,424.0,0.0
13181.0,198,1,359.69,198,359.69,171,19,0.15151515151515152,198.0,0.0
13183.0,25,9,4605.4800000000005,452,511.72,2735,43,0.5973451327433629,50.22222222222222,2430.7000000000003
13184.0,1,5,919.97,107,183.994,942,76,1.4018691588785046,21.4,781.32
13185.0,84,1,71.4,84,71.4,12,1,0.3571428571428571,84.0,0.0
13187.0,154,4,367.01,441,91.7525,375,51,0.272108843537415,110.25,0.0
13190.0,361,3,570.66,549,190.22,308,16,0.16393442622950818,183.0,0.0
13191.0,475,1,164.69,475,164.69,115,58,0.06315789473684211,475.0,0.0
13192.0,22,5,2110.96,503,422.192,1332,113,0.29821073558648115,100.6,447.62
13194.0,238,1,412.08,238,412.08,300,7,0.12605042016806722,238.0,60.7
13195.0,231,1,172.38,231,172.38,83,43,0.12987012987012986,231.0,0.0
13196.0,79,4,1783.19,434,445.7975,1102,89,0.2764976958525346,108.5,1285.65
13197.0,426,1,373.01000000000005,426,373.01000000000005,204,19,0.07042253521126761,426.0,0.0
13198.0,66,5,3660.7400000000002,251,732.148,2481,207,0.5976095617529881,50.2,1313.49
13199.0,14,45,10355.93,551,230.13177777777778,8719,41,2.450090744101633,12.244444444444444,6076.96
13201.0,319,4,1240.6100000000001,459,310.15250000000003,1039,65,0.26143790849673204,114.75,0.0
13202.0,211,7,1580.3,547,225.75714285714284,572,55,0.38391224862888484,78.14285714285714,0.0
13203.0,59,7,1944.5,539,277.7857142857143,1758,115,0.38961038961038963,77.0,703.75
13204.0,548,1,966.6600000000001,548,966.6600000000001,428,57,0.05474452554744525,548.0,0.0
13205.0,260,1,2803.2,260,2803.2,256,1,0.11538461538461539,260.0,0.0
13206.0,217,13,8377.32,549,644.4092307692307,7155,393,0.7103825136612022,42.23076923076923,0.0
13207.0,268,2,285.6,429,142.8,48,4,0.13986013986013987,214.5,250.26000000000002
13208.0,23,6,1464.81,553,244.135,1026,162,0.325497287522604,92.16666666666667,523.69
13209.0,44,8,4980.34,501,622.5425,3391,170,0.4790419161676646,62.625,3529.17
13211.0,178,8,1642.6,550,205.325,1062,75,0.43636363636363634,68.75,1086.72
13213.0,16,8,2746.2200000000003,385,343.27750000000003,1808,129,0.6233766233766234,48.125,1105.3
13214.0,234,7,3264.23,463,466.31857142857143,2966,207,0.4535637149028078,66.14285714285714,0.0
13215.0,219,1,81.6,219,81.6,96,1,0.136986301369863,219.0,0.0
13216.0,84,1,333.74,84,333.74,297,5,0.3571428571428571,84.0,0.0
13217.0,472,1,132.5,472,132.5,250,1,0.0635593220338983,472.0,533.98
13219.0,435,1,76.23,435,76.23,11,11,0.06896551724137931,435.0,0.0
13220.0,2,4,1243.29,392,310.8225,332,43,0.3061224489795918,98.0,92.8
13221.0,57,2,847.41,176,423.705,244,62,0.34090909090909094,88.0,0.0
13222.0,394,1,88.5,394,88.5,30,1,0.07614213197969542,394.0,0.0
13223.0,17,6,969.1200000000001,482,161.52,568,8,0.3734439834024896,80.33333333333333,0.0
13225.0,13,13,13538.11,539,1041.393076923077,5853,54,0.7235621521335808,41.46153846153846,2721.96
13226.0,90,2,312.46,210,156.23,179,28,0.28571428571428575,105.0,0.0
13227.0,18,1,257.7,18,257.7,99,9,1.6666666666666665,18.0,0.0
13229.0,42,1,160.95,42,160.95,63,10,0.7142857142857142,42.0,0.0
13230.0,18,25,5353.29,448,214.1316,2885,542,1.674107142857143,17.92,1007.49
13232.0,13,3,691.9,60,230.63333333333333,492,99,1.5,20.0,665.7
13233.0,153,3,875.58,511,291.86,1004,49,0.1761252446183953,170.33333333333334,300.88
13234.0,489,2,356.95,549,178.475,162,56,0.1092896174863388,274.5,0.0
13235.0,29,1,1031.07,29,1031.07,441,53,1.0344827586206897,29.0,0.0
13237.0,204,1,643.0,204,643.0,128,24,0.14705882352941177,204.0,0.0
13238.0,177,3,397.05,407,132.35,177,13,0.22113022113022113,135.66666666666666,609.58
13239.0,78,5,1594.69,319,318.938,1151,86,0.47021943573667707,63.8,0.0
13240.0,74,6,1517.28,469,252.88,766,147,0.3837953091684435,78.16666666666667,221.24
13241.0,228,1,115.58,228,115.58,48,40,0.13157894736842105,228.0,0.0
13242.0,30,6,533.0,485,88.83333333333333,270,15,0.37113402061855666,80.83333333333333,166.4
13243.0,20,5,1278.04,448,255.608,579,165,0.3348214285714286,89.6,0.0
13245.0,249,1,558.72,249,558.72,246,29,0.12048192771084336,249.0,430.5
13246.0,23,9,3048.65,342,338.7388888888889,2550,207,0.7894736842105263,38.0,338.78
13248.0,6,1,387.46999999999997,6,387.46999999999997,251,21,5.0,6.0,78.21000000000001
13249.0,78,7,1189.3600000000001,501,169.90857142857143,940,2,0.41916167664670656,71.57142857142857,419.57000000000005
13250.0,277,2,256.04,319,128.02,108,17,0.18808777429467083,159.5,0.0
13251.0,219,1,252.68,219,252.68,215,25,0.136986301369863,219.0,0.0
13252.0,211,2,399.3,442,199.65,134,19,0.13574660633484165,221.0,0.0
13253.0,156,3,2397.19,520,799.0633333333334,2067,55,0.17307692307692307,173.33333333333334,553.92
13254.0,193,1,51.410000000000004,193,51.410000000000004,43,4,0.15544041450777202,193.0,0.0
13255.0,190,2,730.65,329,365.325,450,19,0.182370820668693,164.5,173.81
13257.0,253,1,149.75,253,149.75,33,7,0.11857707509881422,253.0,0.0
13258.0,22,3,561.22,217,187.07333333333335,246,14,0.4147465437788019,72.33333333333333,473.96
13259.0,214,8,1141.06,515,142.6325,385,181,0.4660194174757281,64.375,292.32
13261.0,85,2,944.1,102,472.05,210,8,0.5882352941176471,51.0,0.0
13262.0,80,3,573.45,417,191.15,247,48,0.21582733812949642,139.0,0.0
13263.0,8,19,4703.24,230,247.53894736842105,2639,375,2.4782608695652173,12.105263157894736,4001.45
13264.0,259,1,722.5600000000001,259,722.5600000000001,375,38,0.11583011583011583,259.0,0.0
13265.0,62,2,1124.88,90,562.44,882,39,0.6666666666666667,45.0,982.78
13266.0,2,13,4127.21,539,317.47769230769234,4781,120,0.7235621521335808,41.46153846153846,2007.83
13267.0,16,28,7446.91,549,265.9610714285714,3071,126,1.5300546448087433,19.607142857142858,2311.35
13268.0,15,5,1837.78,84,367.556,2217,199,1.7857142857142856,16.8,1376.91
13269.0,35,18,5593.7,554,310.7611111111111,4388,185,0.9747292418772562,30.77777777777778,3298.0
13270.0,183,1,1180.0,183,1180.0,400,1,0.16393442622950818,183.0,0.0
13274.0,226,1,360.85,226,360.85,199,19,0.1327433628318584,226.0,0.0
13275.0,200,2,241.66,449,120.83,140,48,0.13363028953229397,224.5,0.0
13276.0,214,3,1348.33,459,449.4433333333333,694,184,0.19607843137254902,153.0,590.9300000000001
13277.0,197,3,264.9,356,88.3,206,7,0.25280898876404495,118.66666666666667,258.4
13278.0,216,3,893.12,427,297.70666666666665,821,48,0.2107728337236534,142.33333333333334,542.73
13280.0,133,6,2207.13,461,367.855,1425,157,0.39045553145336226,76.83333333333333,115.5
13281.0,256,1,350.85,256,350.85,201,22,0.1171875,256.0,0.0
13282.0,37,2,525.75,223,262.875,187,27,0.26905829596412556,111.5,787.44
13283.0,2,3,305.2,457,101.73333333333333,144,14,0.19693654266958424,152.33333333333334,68.16
13284.0,147,1,201.19,147,201.19,91,13,0.20408163265306123,147.0,0.0
13285.0,43,4,1828.74,441,457.185,1320,112,0.272108843537415,110.25,1535.85
13286.0,417,1,734.91,417,734.91,274,46,0.07194244604316546,417.0,0.0
13287.0,420,3,781.59,521,260.53000000000003,429,46,0.17274472168905952,173.66666666666666,0.0
13288.0,260,5,927.61,483,185.522,379,7,0.3105590062111801,96.6,0.0
13289.0,540,1,307.95,540,307.95,119,16,0.05555555555555556,540.0,0.0
13290.0,255,1,208.63,255,208.63,1,1,0.11764705882352941,255.0,0.0
13291.0,231,10,2959.73,483,295.973,1386,134,0.6211180124223602,48.3,361.11
13292.0,101,4,665.14,343,166.285,316,41,0.3498542274052478,85.75,329.37
13293.0,209,6,1192.94,485,198.82333333333335,555,51,0.37113402061855666,80.83333333333333,0.0
13294.0,6,3,1689.53,463,563.1766666666666,996,93,0.19438444924406048,154.33333333333334,0.0
13295.0,176,4,1101.97,393,275.4925,733,56,0.3053435114503817,98.25,0.0
13296.0,240,5,705.11,394,141.022,575,46,0.38071065989847713,78.8,87.4
13297.0,202,3,2278.77,359,759.59,1731,58,0.25069637883008355,119.66666666666667,2089.85
13299.0,85,3,1218.7,345,406.23333333333335,416,56,0.2608695652173913,115.0,0.0
13300.0,205,2,913.62,391,456.81,252,29,0.1534526854219949,195.5,371.89
13301.0,39,2,327.77,109,163.885,189,40,0.5504587155963303,54.5,290.32
13302.0,343,1,95.45,343,95.45,7,2,0.08746355685131195,343.0,63.75
13303.0,217,1,61.72,217,61.72,26,4,0.1382488479262673,217.0,0.0
13304.0,168,4,1217.99,486,304.4975,716,59,0.2469135802469136,121.5,0.0
13305.0,62,10,2394.1,456,239.41,1616,123,0.6578947368421052,45.6,1360.61
13306.0,247,1,53.65,247,53.65,74,4,0.12145748987854252,247.0,0.0
13307.0,304,2,258.34,409,129.17,136,14,0.1466992665036675,204.5,15.0
13308.0,20,2,1099.81,413,549.905,749,42,0.14527845036319614,206.5,570.5600000000001
13309.0,23,3,796.22,209,265.4066666666667,986,59,0.430622009569378,69.66666666666667,910.15
13310.0,23,4,1226.82,219,306.705,624,65,0.547945205479452,54.75,314.38
13312.0,268,1,124.75,268,124.75,41,5,0.11194029850746269,268.0,0.0
13313.0,32,9,2499.7400000000002,554,277.7488888888889,1788,89,0.4873646209386281,61.55555555555556,945.58
13315.0,506,1,310.26,506,310.26,232,22,0.05928853754940711,506.0,0.0
13316.0,71,7,8836.32,456,1262.3314285714284,16472,71,0.4605263157894737,65.14285714285714,4355.25
13317.0,15,18,5526.3910000000005,543,307.02172222222225,2614,181,0.9944751381215469,30.166666666666668,959.7
13319.0,3,45,16246.85,550,361.0411111111111,6672,268,2.4545454545454546,12.222222222222221,5835.650000000001
13320.0,30,4,1188.01,295,297.0025,849,62,0.4067796610169491,73.75,1040.09
13324.0,20,15,7190.51,380,479.36733333333336,5716,30,1.1842105263157894,25.333333333333332,3322.96
13326.0,249,1,281.76,249,281.76,140,13,0.12048192771084336,249.0,0.0
13327.0,2,17,8124.06,538,477.8858823529412,3747,157,0.9479553903345724,31.647058823529413,1755.42
13328.0,133,1,1308.48,133,1308.48,680,17,0.22556390977443608,133.0,0.0
13329.0,183,7,4628.17,552,661.1671428571428,3198,60,0.3804347826086957,78.85714285714286,484.79999999999995
13330.0,2,5,2393.47,471,478.69399999999996,1624,66,0.3184713375796178,94.2,412.71
13331.0,218,1,262.4,218,262.4,54,12,0.13761467889908258,218.0,0.0
13333.0,228,3,1015.74,475,338.58,685,54,0.18947368421052632,158.33333333333334,0.0
13334.0,7,4,5458.77,469,1364.6925,2803,280,0.255863539445629,117.25,804.98
13337.0,363,1,1575.26,363,1575.26,980,87,0.08264462809917356,363.0,0.0
13338.0,358,3,1958.6,520,652.8666666666667,895,101,0.17307692307692307,173.33333333333334,487.02
13339.0,17,1,860.12,17,860.12,326,54,1.7647058823529411,17.0,0.0
13340.0,93,6,15042.11,472,2507.0183333333334,5471,116,0.38135593220338987,78.66666666666667,7058.45
13341.0,77,1,775.85,77,775.85,301,42,0.38961038961038963,77.0,0.0
13344.0,94,1,1656.15,94,1656.15,599,68,0.3191489361702128,94.0,887.57
13345.0,104,1,389.5,104,389.5,141,20,0.2884615384615385,104.0,0.0
13346.0,279,6,299.4,413,49.9,180,4,0.4358353510895884,68.83333333333333,0.0
13357.0,74,5,3838.36,444,767.672,2142,284,0.33783783783783783,88.8,0.0
13358.0,85,1,439.03,85,439.03,285,29,0.3529411764705882,85.0,0.0
13359.0,220,1,603.75,220,603.75,220,33,0.13636363636363635,220.0,439.56
13360.0,248,4,1553.65,517,388.4125,942,58,0.23210831721470018,129.25,0.0
13361.0,289,2,1450.5,434,725.25,324,29,0.1382488479262673,217.0,0.0
13362.0,62,5,3884.86,242,776.972,1826,161,0.6198347107438017,48.4,1509.21
13363.0,226,1,731.36,226,731.36,436,42,0.1327433628318584,226.0,992.5
13365.0,34,1,700.6,34,700.6,404,39,0.8823529411764706,34.0,1524.77
13367.0,248,1,510.20000000000005,248,510.20000000000005,253,20,0.12096774193548387,248.0,0.0
13368.0,73,4,1121.5,240,280.375,606,45,0.5,60.0,0.0
13369.0,182,1,616.5600000000001,182,616.5600000000001,298,14,0.16483516483516486,182.0,0.0
13370.0,188,1,1509.74,188,1509.74,686,39,0.1595744680851064,188.0,0.0
13371.0,322,2,2297.66,449,1148.83,1019,75,0.13363028953229397,224.5,0.0
13373.0,93,4,5262.64,550,1315.66,3070,222,0.21818181818181817,137.5,2324.55
13374.0,231,2,422.8,266,211.4,135,17,0.22556390977443608,133.0,0.0
13375.0,261,1,1013.58,261,1013.58,682,34,0.11494252873563218,261.0,778.65
13376.0,20,2,770.0,51,385.0,356,34,1.1764705882352942,25.5,249.76
13377.0,213,2,1552.88,462,776.44,748,71,0.12987012987012986,231.0,0.0
13380.0,249,1,62.4,249,62.4,48,3,0.12048192771084336,249.0,0.0
13381.0,24,8,5656.41,555,707.05125,3693,125,0.43243243243243246,69.375,2567.96
13382.0,97,5,1387.58,548,277.51599999999996,863,74,0.2737226277372263,109.6,0.0
13383.0,360,1,305.28000000000003,360,305.28000000000003,288,1,0.08333333333333334,360.0,0.0
13384.0,207,4,2528.9,317,632.225,1720,81,0.3785488958990536,79.25,4151.93
13385.0,146,1,534.57,146,534.57,281,35,0.2054794520547945,146.0,0.0
13386.0,231,2,835.46,254,417.73,514,24,0.23622047244094488,127.0,0.0
13387.0,234,1,189.44,234,189.44,125,71,0.12820512820512822,234.0,0.0
13388.0,420,1,508.55,420,508.55,419,34,0.07142857142857144,420.0,677.1
13389.0,49,1,257.89,49,257.89,115,18,0.6122448979591836,49.0,540.07
13391.0,20,1,59.8,20,59.8,4,1,1.5,20.0,0.0
13392.0,494,1,91.14,494,91.14,82,8,0.06072874493927126,494.0,0.0
13393.0,400,4,1131.45,549,282.8625,662,53,0.2185792349726776,137.25,0.0
13394.0,31,14,5037.01,555,359.7864285714286,3681,199,0.7567567567567567,39.642857142857146,1584.69
13395.0,2,3,1180.23,238,393.41,1660,77,0.37815126050420167,79.33333333333333,0.0
13396.0,136,1,387.27000000000004,136,387.27000000000004,139,15,0.22058823529411764,136.0,973.72
13397.0,111,7,2249.51,505,321.35857142857145,1097,58,0.4158415841584158,72.14285714285714,942.36
13398.0,9,2,670.34,265,335.17,341,37,0.22641509433962265,132.5,0.0
13399.0,281,3,275.4,336,91.8,120,10,0.26785714285714285,112.0,0.0
13400.0,399,1,310.83,399,310.83,284,23,0.07518796992481203,399.0,0.0
13402.0,189,3,1222.18,381,407.3933333333334,818,43,0.23622047244094488,127.0,312.95
13403.0,204,2,154.5,540,77.25,70,6,0.11111111111111112,270.0,75.0
13404.0,29,1,217.81,29,217.81,99,9,1.0344827586206897,29.0,34.68
13405.0,21,5,1198.81,541,239.762,853,32,0.27726432532347506,108.2,15.001
13406.0,244,2,568.92,448,284.46,292,7,0.13392857142857142,224.0,0.0
13407.0,395,3,2244.7,478,748.2333333333332,1690,85,0.18828451882845187,159.33333333333334,0.0
13408.0,7,70,35121.332,552,501.7333142857143,20077,235,3.804347826086957,7.885714285714286,16612.13
13410.0,4,7,1743.94,548,249.1342857142857,1026,21,0.38321167883211676,78.28571428571429,458.02
13412.0,437,1,487.34999999999997,437,487.34999999999997,176,33,0.06864988558352403,437.0,0.0
13413.0,456,6,429.44,504,71.57333333333334,455,38,0.3571428571428571,84.0,0.0
13414.0,113,4,1493.64,420,373.41,1728,27,0.28571428571428575,105.0,1000.5
13415.0,289,4,800.67,545,200.1675,502,85,0.22018348623853212,136.25,0.0
13416.0,553,1,228.3,553,228.3,66,7,0.054249547920433995,553.0,712.5
13417.0,22,5,1264.66,486,252.93200000000002,442,42,0.30864197530864196,97.2,404.83
13418.0,21,22,9446.77,545,429.3986363636364,5414,250,1.2110091743119267,24.772727272727273,2786.83
13421.0,107,7,3077.08,480,439.5828571428571,1734,157,0.4375,68.57142857142857,1026.04
13423.0,245,1,217.03,245,217.03,141,12,0.12244897959183675,245.0,0.0
13424.0,266,1,572.77,266,572.77,529,40,0.11278195488721804,266.0,0.0
13425.0,111,3,2180.9900000000002,396,726.9966666666668,1541,96,0.2272727272727273,132.0,1222.64
13426.0,55,16,5811.08,547,363.1925,3525,124,0.8775137111517367,34.1875,2356.3
13427.0,32,4,638.4300000000001,539,159.60750000000002,465,23,0.22263450834879406,134.75,368.1
13428.0,331,2,281.51,331,140.755,210,66,0.18126888217522658,165.5,218.47
13431.0,223,6,2047.14,476,341.19,898,74,0.37815126050420167,79.33333333333333,1269.1
13432.0,388,2,439.1,429,219.55,217,98,0.13986013986013987,214.5,0.0
13433.0,318,4,658.3199999999999,513,164.57999999999998,190,22,0.23391812865497075,128.25,0.0
13434.0,202,3,1132.6200000000001,472,377.54,564,14,0.19067796610169493,157.33333333333334,534.24
13435.0,6,3,1109.06,317,369.68666666666667,1072,56,0.28391167192429023,105.66666666666667,3366.17
13437.0,7,1,1440.9,7,1440.9,398,80,4.285714285714286,7.0,1967.16
13438.0,364,1,46.5,364,46.5,10,1,0.08241758241758243,364.0,0.0
13439.0,72,3,986.61,343,328.87,952,132,0.2623906705539359,114.33333333333333,0.0
13440.0,240,7,1295.25,268,185.03571428571428,573,49,0.7835820895522387,38.285714285714285,0.0
13441.0,248,1,424.26,248,424.26,316,25,0.12096774193548387,248.0,296.64
13442.0,484,3,419.87,555,139.95666666666668,115,33,0.16216216216216217,185.0,0.0
13443.0,265,6,1280.16,494,213.36,809,176,0.3643724696356275,82.33333333333333,0.0
13444.0,191,2,631.6800000000001,323,315.84000000000003,337,51,0.18575851393188855,161.5,0.0
13445.0,443,1,241.89999999999998,443,241.89999999999998,198,7,0.06772009029345372,443.0,0.0
13446.0,247,11,3881.89,480,352.8990909090909,2403,113,0.6875,43.63636363636363,0.0
13448.0,35,11,7124.76,550,647.7054545454546,3464,271,0.6,50.0,2116.11
13450.0,21,9,2754.86,420,306.09555555555556,2914,47,0.6428571428571429,46.666666666666664,1365.1799999999998
13451.0,28,9,5867.15,445,651.9055555555556,4224,490,0.6067415730337078,49.44444444444444,1323.77
13452.0,76,3,729.8,289,243.26666666666665,6,2,0.31141868512110726,96.33333333333333,0.0
13453.0,106,2,609.71,219,304.855,283,28,0.273972602739726,109.5,171.98
13454.0,458,1,219.87,458,219.87,198,23,0.06550218340611354,458.0,0.0
13455.0,183,5,2540.53,547,508.10600000000005,821,70,0.2742230347349177,109.4,365.4
13456.0,24,1,207.66,24,207.66,100,13,1.25,24.0,1559.0600000000002
13457.0,505,2,148.22,554,74.11,96,9,0.10830324909747292,277.0,0.0
13458.0,6,9,8572.78,205,952.5311111111112,4969,232,1.3170731707317072,22.77777777777778,3386.4900000000002
13459.0,441,2,1160.4099999999999,499,580.2049999999999,986,57,0.12024048096192384,249.5,0.0
13461.0,224,3,2715.0,414,905.0,1962,25,0.21739130434782608,138.0,1445.0
13462.0,69,5,1153.85,542,230.76999999999998,697,64,0.2767527675276753,108.4,0.0
13464.0,211,5,2422.96,435,484.592,1037,95,0.3448275862068966,87.0,674.68
13465.0,263,2,931.12,403,465.56,584,34,0.1488833746898263,201.5,0.0
13466.0,1,5,1013.35,445,202.67000000000002,660,49,0.33707865168539325,89.0,0.0
13468.0,18,56,11276.66,553,201.36892857142857,4719,253,3.0379746835443036,9.875,2113.85
13469.0,470,1,82.4,470,82.4,52,6,0.06382978723404255,470.0,0.0
13472.0,280,2,592.24,372,296.12,310,24,0.16129032258064518,186.0,0.0
13473.0,149,7,2476.38,541,353.7685714285714,932,56,0.3881700554528651,77.28571428571429,181.38
13474.0,53,3,663.79,312,221.26333333333332,334,116,0.2884615384615385,104.0,0.0
13475.0,8,4,1431.78,115,357.945,1012,64,1.0434782608695652,28.75,0.0
13476.0,98,4,1550.6000000000001,461,387.65000000000003,460,61,0.2603036876355748,115.25,510.87
13477.0,28,7,1895.62,500,270.80285714285714,1341,84,0.42,71.42857142857143,938.55
13478.0,286,5,2215.78,494,443.15600000000006,1189,114,0.30364372469635625,98.8,0.0
13479.0,17,4,851.37,294,212.8425,716,45,0.40816326530612246,73.5,0.0
13480.0,233,2,627.82,496,313.91,362,40,0.12096774193548387,248.0,0.0
13481.0,9,8,3005.27,552,375.65875,1549,128,0.43478260869565216,69.0,825.57
13482.0,49,2,336.09,444,168.045,187,20,0.13513513513513514,222.0,0.0
13484.0,58,3,790.72,456,263.5733333333333,224,38,0.19736842105263158,152.0,0.0
13485.0,50,11,3019.2200000000003,553,274.4745454545455,1798,131,0.596745027124774,50.27272727272727,0.0
13487.0,30,4,680.27,551,170.0675,310,26,0.2177858439201452,137.75,166.6
13488.0,13,16,12150.0,500,759.375,5905,306,0.96,31.25,3437.88
13489.0,106,2,235.68,111,117.84,352,6,0.5405405405405406,55.5,213.84
13490.0,471,1,154.25,471,154.25,25,8,0.06369426751592357,471.0,0.0
13491.0,64,25,4382.37,549,175.2948,2240,133,1.366120218579235,21.96,184.19
13492.0,31,1,315.3,31,315.3,114,15,0.967741935483871,31.0,954.54
13493.0,92,2,618.63,104,309.315,380,6,0.576923076923077,52.0,0.0
13494.0,128,1,316.26000000000005,128,316.26000000000005,162,18,0.234375,128.0,0.0
13495.0,49,8,4401.82,549,550.2275,2330,50,0.4371584699453552,68.625,972.44
13496.0,176,1,501.01,176,501.01,229,26,0.17045454545454547,176.0,152.32
13497.0,99,6,1320.33,486,220.05499999999998,579,52,0.37037037037037035,81.0,0.0
13498.0,547,1,327.38,547,327.38,362,17,0.054844606946983544,547.0,0.0
13499.0,42,2,463.79,86,231.895,265,18,0.6976744186046512,43.0,695.3199999999999
13500.0,218,1,299.53,218,299.53,229,20,0.13761467889908258,218.0,1166.77
13501.0,105,3,2885.11,387,961.7033333333334,1253,90,0.23255813953488372,129.0,0.0
13502.0,91,4,677.66,365,169.415,336,20,0.3287671232876712,91.25,102.84
13503.0,296,5,1688.54,478,337.70799999999997,870,148,0.3138075313807531,95.6,216.85
13505.0,9,2,1916.09,49,958.045,853,90,1.2244897959183672,24.5,2477.54
13506.0,133,5,1639.2,277,327.84000000000003,1174,55,0.5415162454873647,55.4,0.0
13508.0,60,2,287.05,459,143.525,180,27,0.13071895424836602,229.5,0.0
13509.0,71,4,785.02,324,196.255,874,23,0.37037037037037035,81.0,329.7
13510.0,192,7,2766.73,535,395.2471428571429,1658,126,0.39252336448598135,76.42857142857143,1791.56
13511.0,493,1,282.76,493,282.76,60,5,0.060851926977687626,493.0,0.0
13512.0,77,4,713.39,400,178.3475,419,31,0.3,100.0,0.0
13513.0,258,2,619.49,472,309.745,255,24,0.1271186440677966,236.0,205.1
13514.0,245,3,663.7,499,221.23333333333335,248,13,0.18036072144288576,166.33333333333334,152.20000000000002
13515.0,64,3,578.1,461,192.70000000000002,318,28,0.19522776572668113,153.66666666666666,687.72
13516.0,55,2,441.85,234,220.925,185,22,0.25641025641025644,117.0,1243.41
13519.0,259,1,220.46,259,220.46,110,11,0.11583011583011583,259.0,122.75
13520.0,1,9,5377.03,539,597.4477777777778,2541,70,0.5009276437847866,59.888888888888886,1532.37
13523.0,16,4,3505.88,219,876.47,1430,117,0.547945205479452,54.75,1595.64
13524.0,36,1,159.20000000000002,36,159.20000000000002,100,9,0.8333333333333333,36.0,520.98
13525.0,65,1,282.88,65,282.88,208,2,0.46153846153846156,65.0,345.9
13526.0,555,2,1182.0,555,591.0,1911,29,0.10810810810810811,277.5,0.0
13527.0,18,7,2981.87,504,425.9814285714286,1300,174,0.41666666666666663,72.0,1701.8700000000001
13529.0,21,1,181.1,21,181.1,30,7,1.4285714285714284,21.0,126.66000000000001
13530.0,451,1,402.97999999999996,451,402.97999999999996,272,18,0.06651884700665188,451.0,0.0
13531.0,22,6,1738.52,553,289.75333333333333,600,44,0.325497287522604,92.16666666666667,0.0
13533.0,84,2,146.64,84,73.32,107,42,0.7142857142857142,42.0,124.14999999999999
13534.0,3,27,4803.9,337,177.92222222222222,2427,132,2.4035608308605343,12.481481481481481,2917.0
13535.0,219,1,89.5,219,89.5,10,1,0.136986301369863,219.0,0.0
13537.0,242,2,717.85,268,358.925,337,38,0.22388059701492538,134.0,0.0
13538.0,91,7,2336.18,492,333.73999999999995,862,102,0.4268292682926829,70.28571428571429,776.55
13539.0,57,6,1253.67,407,208.94500000000002,621,58,0.44226044226044225,67.83333333333333,315.69
13540.0,284,3,632.39,472,210.79666666666665,189,26,0.19067796610169493,157.33333333333334,0.0
13541.0,244,2,785.25,387,392.625,279,10,0.15503875968992248,193.5,0.0
13542.0,193,17,4006.17,546,235.6570588235294,815,98,0.9340659340659341,32.11764705882353,0.0
13543.0,451,2,1439.6100000000001,504,719.8050000000001,329,37,0.11904761904761904,252.0,0.0
13544.0,57,5,660.5,461,132.1,306,186,0.32537960954446854,92.2,168.5
13545.0,207,2,374.64,361,187.32,257,54,0.16620498614958448,180.5,0.0
13546.0,17,3,653.3100000000001,241,217.77,339,58,0.3734439834024896,80.33333333333333,438.83
13547.0,225,1,175.53,225,175.53,82,44,0.13333333333333333,225.0,0.0
13548.0,60,2,507.59,288,253.795,288,117,0.20833333333333331,144.0,401.4
13549.0,9,4,600.15,204,150.0375,403,34,0.5882352941176471,51.0,405.65
13550.0,200,1,349.51,200,349.51,454,40,0.15,200.0,0.0
13551.0,136,2,244.2,483,122.1,36,5,0.12422360248447206,241.5,0.0
13552.0,22,15,5100.14,475,340.00933333333336,1830,125,0.9473684210526316,31.666666666666668,1878.78
13553.0,491,1,517.8,491,517.8,206,85,0.06109979633401221,491.0,0.0
13554.0,197,7,1638.28,263,234.04,581,156,0.7984790874524714,37.57142857142857,0.0
13555.0,18,11,6439.96,506,585.4509090909091,3035,204,0.6521739130434783,46.0,2559.23
13556.0,246,2,200.82,252,100.41,134,8,0.23809523809523808,126.0,0.0
13557.0,97,12,2688.88,548,224.07333333333335,2076,116,0.6569343065693432,45.666666666666664,343.38
13559.0,329,2,990.0,360,495.0,360,1,0.16666666666666669,180.0,0.0
13561.0,32,11,1820.72,466,165.52,1136,131,0.7081545064377683,42.36363636363637,0.0
13562.0,62,6,3642.12,511,607.02,1079,72,0.3522504892367906,85.16666666666667,1196.06
13564.0,171,36,16698.91,554,463.8586111111111,9250,484,1.9494584837545124,15.38888888888889,550.64
13565.0,151,2,284.76,228,142.38,166,28,0.2631578947368421,114.0,130.04
13566.0,251,3,833.41,456,277.80333333333334,691,159,0.19736842105263158,152.0,874.71
13567.0,245,4,1083.69,358,270.9225,645,180,0.335195530726257,89.5,0.0
13569.0,184,3,638.35,245,212.78333333333333,282,103,0.36734693877551017,81.66666666666667,255.43
13570.0,60,1,239.49,60,239.49,161,27,0.5,60.0,0.0
13571.0,1,18,2961.53,548,164.52944444444447,1795,183,0.9854014598540146,30.444444444444443,1585.01
13572.0,22,1,1384.25,22,1384.25,534,32,1.3636363636363638,22.0,0.0
13573.0,70,5,653.84,454,130.768,367,54,0.3303964757709251,90.8,262.63
13574.0,228,1,421.25,228,421.25,316,84,0.13157894736842105,228.0,0.0
13576.0,4,18,7970.41,548,442.80055555555555,3182,109,0.9854014598540146,30.444444444444443,3581.33
13577.0,58,8,2158.43,542,269.80375,1001,66,0.44280442804428044,67.75,1330.85
13578.0,226,1,147.66,226,147.66,127,9,0.1327433628318584,226.0,0.0
13579.0,186,4,1236.7,476,309.175,634,62,0.25210084033613445,119.0,302.34
13580.0,223,1,107.75,223,107.75,45,5,0.13452914798206278,223.0,0.0
13581.0,126,2,280.53000000000003,231,140.26500000000001,119,32,0.2597402597402597,115.5,0.0
13582.0,206,2,241.68,434,120.84,106,10,0.1382488479262673,217.0,0.0
13583.0,496,1,664.001,496,664.001,372,43,0.06048387096774194,496.0,781.03
13584.0,123,3,392.45,492,130.81666666666666,363,74,0.18292682926829268,164.0,0.0
13585.0,347,3,684.54,555,228.17999999999998,1386,29,0.16216216216216217,185.0,0.0
13586.0,358,1,131.53,358,131.53,39,20,0.08379888268156425,358.0,0.0
13587.0,266,3,961.1,480,320.3666666666667,484,20,0.1875,160.0,712.4
13588.0,72,1,113.30000000000001,72,113.30000000000001,48,8,0.41666666666666663,72.0,2365.65
13589.0,266,4,741.09,550,185.2725,179,29,0.21818181818181817,137.5,379.65
13590.0,16,15,5279.7,555,351.97999999999996,4239,241,0.8108108108108109,37.0,1069.89
13591.0,21,6,1753.04,542,292.17333333333335,628,71,0.33210332103321033,90.33333333333333,340.9
13592.0,22,3,205.51,81,68.50333333333333,71,12,1.1111111111111112,27.0,42.45
13593.0,80,12,4509.56,464,375.7966666666667,1829,190,0.7758620689655172,38.666666666666664,1014.13
13594.0,302,1,136.35000000000002,302,136.35000000000002,37,7,0.09933774834437085,302.0,396.97
13595.0,333,3,818.22,463,272.74,353,114,0.19438444924406048,154.33333333333334,0.0
13597.0,217,2,396.71,219,198.355,231,17,0.273972602739726,109.5,0.0
13598.0,312,4,609.42,468,152.355,343,46,0.25641025641025644,117.0,180.17000000000002
13599.0,15,19,7019.62,555,369.4536842105263,4418,139,1.027027027027027,29.210526315789473,3148.01
13600.0,129,2,518.42,451,259.21,599,35,0.13303769401330376,225.5,0.0
13601.0,28,3,865.02,363,288.34,699,114,0.24793388429752067,121.0,320.12
13602.0,198,3,596.28,377,198.76,271,29,0.23872679045092837,125.66666666666667,428.89
13604.0,475,1,717.62,475,717.62,242,21,0.06315789473684211,475.0,0.0
13605.0,204,2,522.67,388,261.335,425,50,0.15463917525773196,194.0,0.0
13606.0,60,2,250.42,128,125.21,243,37,0.46875,64.0,30.119999999999997
13607.0,219,1,400.3,219,400.3,178,24,0.136986301369863,219.0,678.01
13608.0,357,1,236.2,357,236.2,113,31,0.08403361344537816,357.0,0.0
13609.0,410,1,167.35,410,167.35,19,7,0.07317073170731707,410.0,0.0
13610.0,4,10,1518.3700000000001,520,151.83700000000002,618,228,0.576923076923077,52.0,657.51
13611.0,176,8,2450.88,553,306.36,1419,131,0.43399638336347196,69.125,868.65
13612.0,449,1,818.29,449,818.29,444,50,0.06681514476614699,449.0,0.0
13613.0,269,5,1039.8500000000001,477,207.97000000000003,445,50,0.3144654088050315,95.4,0.0
13614.0,147,3,954.48,368,318.16,283,73,0.24456521739130435,122.66666666666667,1404.71
13615.0,135,8,6272.53,497,784.06625,2910,259,0.48289738430583506,62.125,0.0
13616.0,385,2,288.1,508,144.05,175,31,0.11811023622047244,254.0,0.0
13617.0,225,5,734.57,312,146.91400000000002,293,31,0.4807692307692307,62.4,544.18
13619.0,361,2,231.69,491,115.845,84,39,0.12219959266802442,245.5,0.0
13620.0,345,1,112.34,345,112.34,74,5,0.08695652173913043,345.0,0.0
13622.0,513,1,658.95,513,658.95,379,32,0.05847953216374269,513.0,0.0
13623.0,27,9,2370.63,554,263.40333333333336,879,198,0.4873646209386281,61.55555555555556,195.86
13624.0,205,1,462.08,205,462.08,820,22,0.14634146341463414,205.0,0.0
13625.0,413,1,301.26,413,301.26,144,21,0.07263922518159807,413.0,0.0
13626.0,69,2,707.04,196,353.52,398,44,0.3061224489795918,98.0,0.0
13627.0,21,4,1213.35,457,303.3375,802,76,0.26258205689277897,114.25,1032.55
13628.0,493,1,310.14,493,310.14,106,16,0.060851926977687626,493.0,0.0
13629.0,27,12,8466.5,483,705.5416666666666,5000,7,0.7453416149068323,40.25,4904.36
13630.0,1,3,1051.84,102,350.6133333333333,711,46,0.8823529411764706,34.0,979.9399999999999
13631.0,18,4,1330.0,84,332.5,188,3,1.4285714285714284,21.0,1740.42
13632.0,50,5,2139.9100000000003,428,427.9820000000001,841,110,0.35046728971962615,85.6,1508.24
13634.0,59,13,4123.72,515,317.20923076923077,1645,186,0.7572815533980582,39.61538461538461,949.75
13635.0,259,3,1928.1299999999999,555,642.7099999999999,1207,89,0.16216216216216217,185.0,1071.03
13636.0,69,3,541.45,102,180.48333333333335,303,32,0.8823529411764706,34.0,407.66999999999996
13637.0,4,2,684.85,43,342.425,354,75,1.3953488372093024,21.5,125.65
13639.0,253,1,312.93,253,312.93,197,19,0.11857707509881422,253.0,1033.34
13640.0,428,1,405.0,428,405.0,108,4,0.07009345794392523,428.0,0.0
13641.0,457,5,1016.47,551,203.294,1098,41,0.2722323049001815,110.2,0.0
13642.0,32,4,514.72,249,128.68,253,93,0.48192771084337344,62.25,0.0
13643.0,2,8,1725.23,548,215.65375,689,59,0.437956204379562,68.5,431.54
13646.0,216,2,326.25,216,163.125,79,58,0.2777777777777778,108.0,0.0
13647.0,51,5,1818.2,420,363.64,1175,68,0.3571428571428571,84.0,1253.48
13648.0,217,8,1764.02,555,220.5025,960,95,0.43243243243243246,69.375,0.0
13649.0,73,6,1678.88,344,279.81333333333333,863,97,0.5232558139534884,57.333333333333336,0.0
13650.0,24,6,2197.18,499,366.19666666666666,1108,84,0.3607214428857715,83.16666666666667,1090.82
13651.0,198,1,132.65,198,132.65,29,8,0.15151515151515152,198.0,94.2
13652.0,73,4,2114.01,469,528.5025,1282,102,0.255863539445629,117.25,456.84000000000003
13653.0,304,1,152.2,304,152.2,72,9,0.09868421052631579,304.0,0.0
13654.0,18,8,4773.51,554,596.68875,3389,192,0.4332129963898917,69.25,1534.49
13655.0,58,5,1731.19,408,346.238,735,73,0.3676470588235294,81.6,549.32
13656.0,154,3,861.9,412,287.3,485,64,0.2184466019417476,137.33333333333334,216.95
13657.0,18,1,152.34,18,152.34,132,9,1.6666666666666665,18.0,229.8
13658.0,21,5,4319.63,489,863.926,1452,119,0.3067484662576687,97.8,1705.87
13659.0,22,12,4894.88,477,407.9066666666667,2539,224,0.7547169811320755,39.75,0.0
13660.0,217,1,314.59,217,314.59,137,39,0.1382488479262673,217.0,0.0
13661.0,420,1,325.24,420,325.24,118,17,0.07142857142857144,420.0,0.0
13662.0,29,10,1885.29,475,188.529,999,109,0.631578947368421,47.5,364.82
13663.0,197,4,1858.04,463,464.51,802,75,0.2591792656587473,115.75,189.47
13665.0,203,3,1711.6599999999999,321,570.5533333333333,1652,97,0.2803738317757009,107.0,0.0
13666.0,104,4,107.3,552,26.825,50,15,0.21739130434782608,138.0,20.6
13668.0,4,26,10787.23,545,414.8934615384615,4849,317,1.4311926605504588,20.96153846153846,2302.71
13669.0,224,1,195.0,224,195.0,156,5,0.13392857142857142,224.0,218.55
13671.0,211,1,194.95,211,194.95,107,61,0.14218009478672988,211.0,0.0
13672.0,118,3,419.92,547,139.97333333333333,138,13,0.16453382084095064,182.33333333333334,0.0
13674.0,249,1,240.68,249,240.68,102,14,0.12048192771084336,249.0,0.0
13675.0,101,1,308.44,101,308.44,204,15,0.297029702970297,101.0,178.38000000000002
13676.0,356,2,243.9,436,121.95,104,13,0.13761467889908258,218.0,0.0
13677.0,221,2,556.1899999999999,337,278.09499999999997,218,98,0.17804154302670624,168.5,0.0
13679.0,310,3,281.26,552,93.75333333333333,102,44,0.16304347826086957,184.0,0.0
13680.0,154,10,10104.84,552,1010.484,4511,280,0.5434782608695652,55.2,1330.83
13682.0,4,1,59.5,4,59.5,10,3,7.5,4.0,0.0
13683.0,274,1,258.6,274,258.6,180,10,0.1094890510948905,274.0,0.0
13684.0,102,4,596.98,438,149.245,235,81,0.273972602739726,109.5,0.0
13686.0,197,2,337.04,218,168.52,308,23,0.27522935779816515,109.0,72.0
13687.0,255,1,11880.84,255,11880.84,87167,45,0.11764705882352941,255.0,0.0
13688.0,452,1,375.5,452,375.5,130,5,0.0663716814159292,452.0,0.0
13689.0,261,1,349.5,261,349.5,210,3,0.11494252873563218,261.0,910.0
13691.0,213,1,212.78,213,212.78,145,54,0.14084507042253522,213.0,0.0
13692.0,30,4,2497.66,237,624.415,1610,69,0.5063291139240506,59.25,616.74
13693.0,191,9,2011.82,549,223.53555555555556,880,78,0.49180327868852464,61.0,0.0
13694.0,9,119,159642.54,552,1341.533949579832,152920,776,6.467391304347826,4.638655462184874,36840.27
13695.0,6,6,892.52,394,148.75333333333333,604,19,0.4568527918781726,65.66666666666667,1878.21
13696.0,238,3,2020.4,483,673.4666666666667,552,24,0.18633540372670807,161.0,0.0
13698.0,413,2,465.53000000000003,498,232.76500000000001,231,31,0.12048192771084336,249.0,0.0
13699.0,367,1,455.57,367,455.57,153,23,0.08174386920980926,367.0,308.58000000000004
13700.0,57,8,1292.0,487,161.5,1626,112,0.49281314168377827,60.875,1321.46
13701.0,263,1,161.0,263,161.0,80,9,0.11406844106463879,263.0,0.0
13702.0,262,1,135.18,262,135.18,74,5,0.11450381679389313,262.0,0.0
13703.0,135,2,425.56,232,212.78,128,36,0.25862068965517243,116.0,0.0
13705.0,190,5,1641.6100000000001,441,328.322,749,43,0.3401360544217687,88.2,393.72
13706.0,119,2,631.17,443,315.585,301,38,0.13544018058690743,221.5,0.0
13707.0,84,5,3365.86,353,673.172,2210,142,0.42492917847025496,70.6,0.0
13708.0,88,1,296.88,88,296.88,306,49,0.34090909090909094,88.0,0.0
13709.0,132,6,1738.4,514,289.73333333333335,917,90,0.35019455252918286,85.66666666666667,5853.35
13710.0,240,2,329.04,429,164.52,160,7,0.13986013986013987,214.5,180.48
13711.0,35,9,1792.26,541,199.14,819,80,0.49907578558225507,60.111111111111114,0.0
13712.0,63,2,766.42,427,383.21,1128,32,0.1405152224824356,213.5,0.0
13713.0,225,3,743.26,400,247.75333333333333,286,70,0.22499999999999998,133.33333333333334,0.0
13714.0,282,1,161.35,282,161.35,50,30,0.10638297872340426,282.0,0.0
13715.0,98,17,8483.29,455,499.01705882352945,4934,277,1.120879120879121,26.764705882352942,0.0
13716.0,86,1,138.28,86,138.28,138,21,0.3488372093023256,86.0,0.0
13717.0,57,4,888.88,302,222.22,878,54,0.3973509933774834,75.5,874.42
13718.0,63,2,306.55,112,153.275,173,9,0.5357142857142857,56.0,0.0
13719.0,22,8,2112.31,388,264.03875,1176,159,0.6185567010309279,48.5,702.94
13720.0,55,2,432.1,71,216.05,250,26,0.8450704225352113,35.5,367.8
13721.0,212,1,217.39999999999998,212,217.39999999999998,196,14,0.14150943396226415,212.0,524.14
13722.0,99,8,4723.47,463,590.43375,2616,112,0.5183585313174947,57.875,911.94
13723.0,34,6,1209.2,428,201.53333333333333,629,51,0.4205607476635514,71.33333333333333,0.0
13724.0,454,1,213.01,454,213.01,130,39,0.06607929515418502,454.0,0.0
13725.0,42,6,1751.6,125,291.93333333333334,696,83,1.44,20.833333333333332,228.96
13727.0,428,6,746.57,547,124.42833333333334,208,55,0.3290676416819013,91.16666666666667,333.48
13728.0,15,13,2332.96,547,179.45846153846153,976,65,0.7129798903107861,42.07692307692308,522.21
13729.0,252,3,724.73,501,241.57666666666668,419,36,0.17964071856287425,167.0,0.0
13731.0,36,2,610.59,63,305.295,278,36,0.9523809523809523,31.5,0.0
13733.0,227,2,487.03000000000003,552,243.51500000000001,335,28,0.10869565217391304,276.0,0.0
13734.0,325,4,6701.640000000001,419,1675.4100000000003,303,24,0.2863961813842482,104.75,0.0
13735.0,51,10,7863.13,543,786.313,3533,292,0.5524861878453039,54.3,1950.09
13736.0,77,6,2391.84,550,398.64000000000004,1283,255,0.32727272727272727,91.66666666666667,374.37
13737.0,17,1,339.59999999999997,17,339.59999999999997,125,29,1.7647058823529411,17.0,0.0
13738.0,213,1,440.93,213,440.93,240,88,0.14084507042253522,213.0,0.0
13739.0,344,1,75.3,344,75.3,22,3,0.0872093023255814,344.0,216.9
13740.0,57,5,1597.77,554,319.554,991,83,0.27075812274368233,110.8,0.0
13741.0,34,1,162.96,34,162.96,76,8,0.8823529411764706,34.0,505.47
13742.0,1,8,2156.02,137,269.5025,795,149,1.751824817518248,17.125,975.0
13743.0,34,2,353.15999999999997,76,176.57999999999998,420,7,0.7894736842105263,38.0,988.4399999999999
13744.0,109,1,893.16,109,893.16,995,44,0.27522935779816515,109.0,263.2
13745.0,363,1,477.32,363,477.32,650,31,0.08264462809917356,363.0,300.04
13746.0,230,1,176.69,230,176.69,83,9,0.13043478260869565,230.0,0.0
13747.0,190,2,249.39999999999998,241,124.69999999999999,68,4,0.24896265560165975,120.5,0.0
13748.0,49,7,1900.95,555,271.56428571428575,892,32,0.37837837837837834,79.28571428571429,367.4
13750.0,113,8,2643.7200000000003,434,330.46500000000003,1094,39,0.5529953917050692,54.25,958.46
13751.0,105,1,296.25,105,296.25,152,9,0.28571428571428575,105.0,0.0
13752.0,1,5,1295.98,344,259.196,840,69,0.436046511627907,68.8,294.75
13753.0,104,4,2094.57,553,523.6425,1450,64,0.21699819168173598,138.25,0.0
13754.0,134,2,320.45,254,160.225,183,16,0.23622047244094488,127.0,126.6
13756.0,22,13,5421.59,541,417.04538461538465,2838,118,0.7208872458410351,41.61538461538461,3785.9100000000003
13757.0,491,1,195.55,491,195.55,54,8,0.06109979633401221,491.0,0.0
13758.0,18,13,8577.95,555,659.8423076923077,4717,199,0.7027027027027027,42.69230769230769,839.03
13760.0,73,4,1211.94,410,302.985,522,80,0.2926829268292683,102.5,151.70000000000002
13761.0,319,4,881.52,473,220.38,437,50,0.2536997885835095,118.25,1070.65
13762.0,35,5,2472.48,515,494.496,2608,23,0.2912621359223301,103.0,0.0
13763.0,234,2,3502.48,252,1751.24,2496,35,0.23809523809523808,126.0,1714.96
13764.0,154,4,1931.39,459,482.8475,1449,196,0.26143790849673204,114.75,1021.87
13765.0,470,1,352.821,470,352.821,297,17,0.06382978723404255,470.0,0.0
13766.0,312,1,190.35,312,190.35,137,16,0.09615384615384615,312.0,0.0
13767.0,20,58,25561.460000000003,555,440.7148275862069,10955,112,3.135135135135135,9.568965517241379,9979.07
13768.0,543,2,875.97,547,437.985,373,30,0.10968921389396709,273.5,0.0
13769.0,24,15,4451.92,540,296.79466666666667,2024,105,0.8333333333333333,36.0,1348.5
13770.0,239,4,785.37,547,196.3425,468,48,0.21937842778793418,136.75,0.0
13771.0,16,7,4559.22,469,651.3171428571429,2488,135,0.44776119402985076,67.0,1169.6
13772.0,56,6,2210.51,471,368.41833333333335,996,313,0.3821656050955414,78.5,903.71
13773.0,213,2,301.54,476,150.77,174,19,0.12605042016806722,238.0,0.0
13775.0,407,1,1049.66,407,1049.66,455,63,0.07371007371007371,407.0,0.0
13776.0,245,2,623.98,245,311.99,2,1,0.2448979591836735,122.5,0.0
13777.0,1,49,41857.58,554,854.2363265306122,19442,44,2.6534296028880866,11.306122448979592,14620.84
13778.0,308,3,945.79,382,315.2633333333333,441,27,0.2356020942408377,127.33333333333333,178.7
13779.0,332,1,161.13,332,161.13,53,27,0.09036144578313253,332.0,0.0
13780.0,224,1,375.81,224,375.81,163,35,0.13392857142857142,224.0,360.01
13781.0,67,3,778.83,538,259.61,300,56,0.16728624535315983,179.33333333333334,0.0
13782.0,51,9,1243.02,550,138.11333333333334,434,141,0.49090909090909096,61.111111111111114,550.7
13783.0,304,4,1542.09,490,385.5225,3437,4,0.2448979591836735,122.5,0.0
13784.0,2,9,1475.87,267,163.98555555555555,1739,12,1.0112359550561798,29.666666666666668,1434.36
13785.0,245,4,542.49,277,135.6225,151,26,0.4332129963898917,69.25,0.0
13786.0,184,6,3358.94,553,559.8233333333334,1652,80,0.325497287522604,92.16666666666667,0.0
13787.0,181,5,1019.86,511,203.972,717,56,0.29354207436399216,102.2,202.64000000000001
13788.0,322,1,3.75,322,3.75,1,1,0.09316770186335403,322.0,0.0
13789.0,205,1,239.45999999999998,205,239.45999999999998,258,18,0.14634146341463414,205.0,0.0
13792.0,104,2,263.0,239,131.5,92,14,0.2510460251046025,119.5,120.95
13793.0,463,1,96.0,463,96.0,52,7,0.06479481641468683,463.0,0.0
13794.0,363,1,126.03,363,126.03,63,9,0.08264462809917356,363.0,0.0
13795.0,205,4,836.3,454,209.075,1250,23,0.2643171806167401,113.5,0.0
13796.0,316,1,289.7,316,289.7,218,22,0.09493670886075949,316.0,0.0
13797.0,253,3,1179.45,464,393.15000000000003,573,71,0.1939655172413793,154.66666666666666,0.0
13798.0,3,86,61484.74,548,714.9388372093023,38649,154,4.708029197080292,6.372093023255814,14352.130000000001
13799.0,111,8,2456.41,461,307.05125,1323,52,0.5206073752711496,57.625,347.15999999999997
13800.0,126,3,1679.56,553,559.8533333333334,891,73,0.162748643761302,184.33333333333334,0.0
13802.0,71,18,24790.75,478,1377.263888888889,13351,210,1.1297071129707112,26.555555555555557,1468.3600000000001
13803.0,72,3,1338.91,435,446.30333333333334,831,73,0.20689655172413793,145.0,0.0
13804.0,106,3,1296.3600000000001,253,432.12000000000006,752,69,0.3557312252964427,84.33333333333333,1912.16
13807.0,184,3,534.8,552,178.26666666666665,152,24,0.16304347826086957,184.0,0.0
13809.0,122,3,679.7,277,226.5666666666667,281,23,0.3249097472924188,92.33333333333333,0.0
13811.0,52,2,481.5,56,240.75,30,7,1.0714285714285714,28.0,333.0
13813.0,344,4,1398.61,550,349.6525,740,50,0.21818181818181817,137.5,1366.8600000000001
13814.0,344,1,678.2,344,678.2,350,22,0.0872093023255814,344.0,1579.12
13815.0,135,5,4460.39,482,892.0780000000001,3429,151,0.3112033195020747,96.4,3015.35
13817.0,168,1,128.7,168,128.7,63,9,0.17857142857142855,168.0,254.28
13818.0,246,1,61.28,246,61.28,60,5,0.12195121951219513,246.0,0.0
13819.0,118,6,2642.35,555,440.39166666666665,2309,47,0.32432432432432434,92.5,0.0
13820.0,235,3,660.65,497,220.21666666666667,287,68,0.18108651911468812,165.66666666666666,0.0
13821.0,78,5,1295.24,521,259.048,440,151,0.28790786948176583,104.2,115.49
13823.0,197,5,2445.79,541,489.158,1125,91,0.27726432532347506,108.2,957.66
13824.0,20,10,2848.8,454,284.88,1192,47,0.6607929515418502,45.4,465.96
13825.0,438,2,255.59,547,127.795,182,38,0.10968921389396709,273.5,0.0
13829.0,238,1,102.0,238,102.0,12,1,0.12605042016806722,238.0,0.0
13830.0,398,1,156.85000000000002,398,156.85000000000002,47,11,0.07537688442211056,398.0,0.0
13831.0,17,15,5918.58,546,394.572,2207,119,0.8241758241758241,36.4,1105.0
13832.0,239,1,561.49,239,561.49,394,51,0.12552301255230125,239.0,52.199999999999996
13833.0,221,1,316.56,221,316.56,126,16,0.13574660633484165,221.0,384.8
13834.0,393,2,324.19,486,162.095,221,15,0.1234567901234568,243.0,0.0
13835.0,32,4,589.15,462,147.2875,235,34,0.2597402597402597,115.5,506.12
13836.0,216,2,620.37,231,310.185,273,29,0.2597402597402597,115.5,0.0
13837.0,28,2,271.24,134,135.62,183,17,0.44776119402985076,67.0,0.0
13838.0,186,7,1512.47,396,216.06714285714287,614,242,0.5303030303030303,56.57142857142857,453.62
13839.0,303,1,139.95000000000002,303,139.95000000000002,25,7,0.09900990099009901,303.0,0.0
13840.0,233,1,651.4,233,651.4,358,40,0.12875536480686695,233.0,0.0
13841.0,69,1,85.0,69,85.0,100,1,0.43478260869565216,69.0,0.0
13842.0,16,15,4072.76,478,271.51733333333334,1840,158,0.9414225941422594,31.866666666666667,1557.15
13843.0,198,1,319.75,198,319.75,145,18,0.15151515151515152,198.0,0.0
13846.0,59,3,1106.66,216,368.8866666666667,662,69,0.41666666666666663,72.0,201.13
13847.0,536,1,310.72,536,310.72,96,19,0.055970149253731345,536.0,0.0
13848.0,114,7,3015.0,547,430.7142857142857,9200,3,0.38391224862888484,78.14285714285714,320.0
13849.0,214,3,1931.35,441,643.7833333333333,867,108,0.20408163265306123,147.0,1537.95
13851.0,105,6,2201.32,496,366.8866666666667,970,56,0.3629032258064516,82.66666666666667,2405.14
13852.0,427,1,187.35000000000002,427,187.35000000000002,85,11,0.0702576112412178,427.0,0.0
13854.0,13,30,9303.98,517,310.13266666666664,2954,53,1.7408123791102514,17.233333333333334,2949.98
13855.0,317,4,1310.3400000000001,548,327.58500000000004,575,64,0.218978102189781,137.0,0.0
13856.0,20,9,847.9300000000001,436,94.21444444444445,715,30,0.6192660550458716,48.44444444444444,294.1
13857.0,210,6,1001.01,388,166.835,782,99,0.4639175257731959,64.66666666666667,0.0
13859.0,143,2,515.86,346,257.93,167,34,0.17341040462427745,173.0,0.0
13861.0,246,2,273.26,347,136.63,225,21,0.17291066282420747,173.5,0.0
13862.0,4,5,1499.24,206,299.848,1048,77,0.7281553398058253,41.2,1056.85
13863.0,64,4,1239.55,410,309.8875,553,59,0.2926829268292683,102.5,0.0
13864.0,203,1,662.4000000000001,203,662.4000000000001,192,1,0.1477832512315271,203.0,0.0
13865.0,3,2,282.52,106,141.26,100,17,0.5660377358490566,53.0,219.04
13867.0,35,1,138.85,35,138.85,31,8,0.8571428571428571,35.0,876.44
13869.0,79,9,6591.58,508,732.3977777777777,3365,425,0.5314960629921259,56.44444444444444,1519.99
13870.0,104,8,3485.17,486,435.64625,2508,113,0.4938271604938272,60.75,2226.91
13871.0,23,9,3878.33,536,430.92555555555555,1748,106,0.503731343283582,59.55555555555556,4007.52
13872.0,344,3,919.57,542,306.52333333333337,339,51,0.16605166051660517,180.66666666666666,0.0
13873.0,35,7,879.72,463,125.67428571428572,398,47,0.4535637149028078,66.14285714285714,159.20000000000002
13874.0,175,7,2049.15,490,292.7357142857143,864,46,0.42857142857142855,70.0,0.0
13875.0,1,12,4095.46,539,341.28833333333336,2510,136,0.6679035250463822,44.916666666666664,718.91
13877.0,287,2,332.44,506,166.22,370,20,0.11857707509881422,253.0,117.24
13878.0,364,3,1191.53,421,397.1766666666667,484,59,0.2137767220902613,140.33333333333334,1281.53
13879.0,462,1,395.5,462,395.5,204,25,0.06493506493506493,462.0,0.0
13880.0,3,10,2511.46,379,251.14600000000002,1464,93,0.79155672823219,37.9,1880.2
13881.0,30,27,31589.04,462,1169.9644444444446,22182,161,1.7532467532467533,17.11111111111111,13590.06
13883.0,35,14,5628.32,548,402.0228571428571,3052,190,0.7664233576642335,39.142857142857146,931.7
13884.0,94,8,1297.13,287,162.14125,562,87,0.8362369337979094,35.875,591.35
13885.0,6,2,506.8,17,253.4,182,28,3.5294117647058822,8.5,0.0
13887.0,21,1,349.55,21,349.55,147,19,1.4285714285714284,21.0,0.0
13888.0,35,6,1802.94,392,300.49,723,110,0.45918367346938777,65.33333333333333,366.11
13889.0,199,5,1574.3300000000002,503,314.86600000000004,833,50,0.29821073558648115,100.6,416.90000000000003
13890.0,175,5,1233.92,550,246.78400000000002,654,50,0.2727272727272727,110.0,1693.46
13891.0,195,3,863.5600000000001,399,287.85333333333335,479,97,0.22556390977443608,133.0,0.0
13892.0,63,3,689.1999999999999,392,229.73333333333332,2282,11,0.22959183673469388,130.66666666666666,578.4499999999999
13893.0,114,1,821.1,114,821.1,190,21,0.2631578947368421,114.0,0.0
13894.0,127,1,160.85,127,160.85,105,10,0.23622047244094488,127.0,403.77000000000004
13895.0,332,2,1415.45,553,707.725,695,67,0.10849909584086799,276.5,2593.07
13896.0,442,1,388.55,442,388.55,149,21,0.06787330316742082,442.0,0.0
13897.0,255,2,849.56,494,424.78,620,42,0.12145748987854252,247.0,311.16
13898.0,142,2,686.4,228,343.2,544,43,0.2631578947368421,114.0,0.0
13899.0,91,1,298.5,91,298.5,122,15,0.3296703296703297,91.0,90.02
13900.0,9,5,1602.09,441,320.418,937,79,0.3401360544217687,88.2,8.5
13901.0,73,12,3457.44,520,288.12,1913,178,0.6923076923076923,43.333333333333336,2218.9
13902.0,449,5,34095.26,541,6819.052000000001,220600,58,0.27726432532347506,108.2,0.0
13903.0,217,1,165.45000000000002,217,165.45000000000002,103,10,0.1382488479262673,217.0,0.0
13904.0,111,1,201.12,111,201.12,223,17,0.2702702702702703,111.0,131.52
13905.0,549,1,312.65,549,312.65,135,12,0.0546448087431694,549.0,0.0
13906.0,226,1,42.0,226,42.0,100,1,0.1327433628318584,226.0,0.0
13907.0,508,1,136.8,508,136.8,68,4,0.05905511811023622,508.0,0.0
13908.0,31,2,831.11,93,415.555,558,49,0.6451612903225807,46.5,1538.44
13909.0,240,2,286.6,338,143.3,302,35,0.17751479289940827,169.0,0.0
13911.0,14,17,3357.99,465,197.52882352941174,3221,152,1.096774193548387,27.352941176470587,877.0
13912.0,240,1,124.95,240,124.95,29,7,0.125,240.0,0.0
13913.0,323,1,42.22,323,42.22,10,3,0.09287925696594428,323.0,0.0
13915.0,211,1,70.80000000000001,211,70.80000000000001,24,2,0.14218009478672988,211.0,0.0
13916.0,280,4,1275.81,492,318.9525,673,72,0.24390243902439027,123.0,0.0
13917.0,8,1,65.38,8,65.38,38,5,3.75,8.0,206.66
13918.0,70,1,198.2,70,198.2,100,8,0.42857142857142855,70.0,1014.64
13919.0,241,2,975.87,357,487.935,659,45,0.16806722689075632,178.5,384.81
13920.0,248,4,1774.68,379,443.67,1772,81,0.31662269129287596,94.75,0.0
13921.0,219,4,730.7,538,182.675,210,36,0.22304832713754646,134.5,0.0
13922.0,168,3,865.2,284,288.40000000000003,467,30,0.31690140845070425,94.66666666666667,0.0
13927.0,254,1,359.27,254,359.27,249,20,0.11811023622047244,254.0,348.99
13929.0,143,10,3064.2999999999997,511,306.42999999999995,1466,38,0.5870841487279843,51.1,429.79999999999995
13931.0,97,10,4398.06,553,439.80600000000004,2974,177,0.5424954792043399,55.3,859.32
13932.0,111,1,307.4,111,307.4,72,16,0.2702702702702703,111.0,0.0
13934.0,80,1,922.1,80,922.1,390,31,0.375,80.0,0.0
13935.0,413,3,6116.92,469,2038.9733333333334,2252,67,0.19189765458422176,156.33333333333334,0.0
13936.0,199,2,563.08,231,281.54,331,31,0.2597402597402597,115.5,376.58
13937.0,219,1,721.28,219,721.28,464,45,0.136986301369863,219.0,158.85
13939.0,128,5,1176.91,429,235.382,963,62,0.3496503496503497,85.8,384.05
13941.0,114,12,8128.3,540,677.3583333333333,4042,36,0.6666666666666667,45.0,2994.0
13942.0,351,1,320.0,351,320.0,1000,1,0.08547008547008547,351.0,0.0
13943.0,394,1,246.54,394,246.54,94,15,0.07614213197969542,394.0,0.0
13944.0,470,1,200.43,470,200.43,153,35,0.06382978723404255,470.0,0.0
13945.0,211,2,854.15,296,427.075,413,49,0.20270270270270271,148.0,0.0
13946.0,18,5,1800.63,552,360.12600000000003,2667,48,0.2717391304347826,110.4,75.6
13948.0,177,4,548.76,552,137.19,248,23,0.21739130434782608,138.0,0.0
13950.0,63,1,179.30999999999997,63,179.30999999999997,81,7,0.47619047619047616,63.0,565.75
13951.0,53,2,516.05,111,258.025,315,32,0.5405405405405406,55.5,158.4
13952.0,34,14,12823.521,540,915.9657857142857,5947,238,0.7777777777777778,38.57142857142857,0.0
13953.0,27,8,4875.0,545,609.375,3900,1,0.44036697247706424,68.125,1765.68
13955.0,122,2,427.31,192,213.655,230,63,0.3125,96.0,117.86
13956.0,60,2,293.67,88,146.835,135,49,0.6818181818181819,44.0,732.75
13957.0,234,3,458.25,475,152.75,157,21,0.18947368421052632,158.33333333333334,0.0
13958.0,196,8,4709.2300000000005,551,588.6537500000001,2264,172,0.4355716878402904,68.875,0.0
13959.0,98,5,815.42,328,163.084,541,75,0.45731707317073167,65.6,260.76
13961.0,209,1,538.4,209,538.4,226,19,0.14354066985645933,209.0,0.0
13962.0,62,2,310.85,252,155.425,103,19,0.23809523809523808,126.0,51.95
13963.0,125,17,3011.87,414,177.16882352941175,2061,129,1.2318840579710146,24.352941176470587,0.0
13964.0,204,2,438.9,247,219.45,228,22,0.24291497975708504,123.5,0.0
13965.0,293,3,996.61,520,332.2033333333333,425,23,0.17307692307692307,173.33333333333334,0.0
13966.0,252,1,390.86,252,390.86,772,21,0.11904761904761904,252.0,0.0
13967.0,213,1,85.6,213,85.6,24,4,0.14084507042253522,213.0,80.7
13968.0,240,1,123.66,240,123.66,174,8,0.125,240.0,0.0
13969.0,35,23,5819.01,441,253.0004347826087,3118,304,1.564625850340136,19.17391304347826,7546.86
13970.0,203,2,846.55,254,423.275,469,10,0.23622047244094488,127.0,0.0
13971.0,31,9,2883.83,499,320.42555555555555,1980,129,0.5410821643286573,55.44444444444444,1783.74
13972.0,18,1,145.9,18,145.9,42,9,1.6666666666666665,18.0,44.349999999999994
13973.0,104,1,264.7,104,264.7,109,11,0.2884615384615385,104.0,0.0
13974.0,399,1,264.13,399,264.13,107,15,0.07518796992481203,399.0,413.59000000000003
13975.0,32,8,3794.17,492,474.27125,2773,345,0.48780487804878053,61.5,1564.67
13976.0,23,4,1192.36,485,298.09,452,49,0.24742268041237114,121.25,0.0
13977.0,228,1,519.8100000000001,228,519.8100000000001,303,13,0.13157894736842105,228.0,0.0
13979.0,210,6,2546.36,553,424.3933333333334,1657,309,0.325497287522604,92.16666666666667,869.87
13980.0,256,4,599.78,473,149.945,305,47,0.2536997885835095,118.25,200.14
13981.0,232,1,331.14,232,331.14,234,22,0.12931034482758622,232.0,0.0
13982.0,143,7,3477.58,505,496.79714285714283,2112,96,0.4158415841584158,72.14285714285714,968.01
13983.0,4,17,6186.08,547,363.8870588235294,3767,216,0.9323583180987203,32.1764705882353,922.37
13984.0,66,10,1845.3200000000002,549,184.532,1331,50,0.546448087431694,54.9,203.28
13985.0,1,10,4126.03,485,412.60299999999995,2049,91,0.6185567010309279,48.5,5894.83
13987.0,196,2,682.54,217,341.27,492,46,0.2764976958525346,108.5,0.0
13988.0,17,4,1965.92,442,491.48,1110,110,0.2714932126696833,110.5,2791.88
13989.0,56,4,1656.65,380,414.1625,1763,53,0.3157894736842105,95.0,369.40999999999997
13990.0,30,1,311.3,30,311.3,190,16,1.0,30.0,0.0
13992.0,197,2,142.7,280,71.35,90,5,0.21428571428571427,140.0,76.8
13993.0,22,14,4802.17,553,343.01214285714286,1640,102,0.7594936708860759,39.5,1973.54
13995.0,62,10,2818.77,538,281.877,1663,117,0.5576208178438662,53.8,1083.24
13996.0,203,2,895.76,216,447.88,613,29,0.2777777777777778,108.0,0.0
13997.0,336,3,382.31,367,127.43666666666667,146,36,0.24523160762942778,122.33333333333333,0.0
13998.0,263,3,566.7,393,188.9,204,30,0.22900763358778625,131.0,0.0
13999.0,31,21,6847.27,551,326.0604761904762,3701,147,1.1433756805807622,26.238095238095237,2654.9900000000002
14000.0,28,5,2046.3400000000001,554,409.26800000000003,1838,28,0.27075812274368233,110.8,0.0
14001.0,49,8,3796.15,310,474.51875,1543,48,0.7741935483870968,38.75,733.94
14003.0,549,1,209.41,549,209.41,149,16,0.0546448087431694,549.0,0.0
14004.0,105,5,2575.83,252,515.1659999999999,1139,69,0.5952380952380952,50.4,3682.62
14005.0,32,1,187.16,32,187.16,240,14,0.9375,32.0,2687.56
14006.0,58,6,1896.57,469,316.09499999999997,1987,53,0.3837953091684435,78.16666666666667,300.1
14007.0,329,1,79.48,329,79.48,16,5,0.0911854103343465,329.0,0.0
14008.0,249,1,509.04,249,509.04,326,32,0.12048192771084336,249.0,0.0
14009.0,15,3,1099.91,279,366.6366666666667,951,71,0.32258064516129037,93.0,0.0
14010.0,382,2,445.15,382,222.575,177,20,0.15706806282722513,191.0,0.0
14011.0,297,2,457.82,424,228.91,644,32,0.14150943396226415,212.0,0.0
14012.0,94,1,328.8,94,328.8,160,11,0.3191489361702128,94.0,0.0
14013.0,92,3,730.05,440,243.35,403,35,0.20454545454545453,146.66666666666666,354.52
14014.0,193,2,1443.03,393,721.515,928,37,0.15267175572519084,196.5,505.18
14016.0,24,10,10426.83,517,1042.683,5025,324,0.5802707930367506,51.7,976.58
14017.0,388,1,229.75,388,229.75,73,14,0.07731958762886598,388.0,0.0
14018.0,462,1,367.15000000000003,462,367.15000000000003,224,13,0.06493506493506493,462.0,0.0
14020.0,293,2,606.21,346,303.105,207,29,0.17341040462427745,173.0,642.8
14021.0,28,6,1586.38,409,264.3966666666667,838,80,0.4400977995110024,68.16666666666667,130.2
14022.0,42,2,792.15,303,396.075,681,45,0.19801980198019803,151.5,0.0
14023.0,67,1,273.14,67,273.14,162,16,0.44776119402985076,67.0,310.93
14024.0,207,1,318.04,207,318.04,88,18,0.14492753623188406,207.0,327.7
14025.0,281,8,4057.9,400,507.2375,1914,60,0.6,50.0,0.0
14026.0,287,2,713.11,442,356.555,427,43,0.13574660633484165,221.0,0.0
14028.0,367,3,10396.5,367,3465.5,7170,3,0.24523160762942778,122.33333333333333,0.0
14030.0,60,17,7337.22,546,431.60117647058826,3521,522,0.9340659340659341,32.11764705882353,925.07
14031.0,13,36,31616.87,553,878.2463888888889,11745,244,1.952983725135624,15.36111111111111,9382.300000000001
14032.0,23,10,3410.25,542,341.025,2973,68,0.5535055350553506,54.2,1440.02
14033.0,372,1,109.44,372,109.44,576,1,0.08064516129032259,372.0,0.0
14035.0,84,6,2129.28,429,354.88000000000005,1054,47,0.4195804195804196,71.5,727.44
14036.0,101,1,626.65,101,626.65,268,38,0.297029702970297,101.0,0.0
14037.0,181,5,801.55,549,160.31,578,95,0.273224043715847,109.8,35.400000000000006
14038.0,24,3,2225.82,490,741.94,1244,87,0.18367346938775508,163.33333333333334,844.0600000000001
14039.0,392,1,115.08000000000001,392,115.08000000000001,100,4,0.07653061224489795,392.0,152.2
14040.0,32,28,10480.03,555,374.2867857142857,4061,298,1.5135135135135134,19.821428571428573,2165.54
14041.0,83,1,141.41,83,141.41,94,21,0.3614457831325301,83.0,0.0
14042.0,542,1,431.98,542,431.98,180,21,0.055350553505535055,542.0,0.0
14043.0,308,2,304.25,546,152.125,153,37,0.10989010989010989,273.0,0.0
14044.0,126,7,2644.02,501,377.71714285714285,1893,465,0.41916167664670656,71.57142857142857,479.08
14045.0,154,15,10905.029999999999,517,727.002,4539,16,0.8704061895551257,34.46666666666667,408.0
14046.0,101,1,154.99,101,154.99,460,14,0.297029702970297,101.0,0.0
14047.0,16,12,3582.34,493,298.52833333333336,1478,88,0.7302231237322515,41.083333333333336,672.69
14048.0,122,3,748.69,199,249.56333333333336,467,126,0.4522613065326633,66.33333333333333,0.0
14049.0,17,11,10615.77,434,965.07,6775,465,0.7603686635944701,39.45454545454545,2623.26
14051.0,30,25,12657.09,553,506.2836,3791,74,1.3562386980108498,22.12,9776.91
14052.0,207,1,255.45,207,255.45,98,65,0.14492753623188406,207.0,225.36
14053.0,214,2,312.05,303,156.025,275,3,0.19801980198019803,151.5,260.25
14055.0,394,2,795.3199999999999,540,397.65999999999997,504,23,0.11111111111111112,270.0,725.6400000000001
14056.0,1,11,3695.32,101,335.9381818181818,2052,238,3.267326732673267,9.181818181818182,4519.33
14057.0,16,13,4867.41,553,374.41615384615386,4150,194,0.705244122965642,42.53846153846154,3541.43
14058.0,279,2,469.19,347,234.595,211,23,0.17291066282420747,173.5,0.0
14059.0,83,1,183.6,83,183.6,128,8,0.3614457831325301,83.0,0.0
14060.0,22,21,6335.76,455,301.70285714285717,5681,72,1.3846153846153846,21.666666666666668,3183.32
14061.0,324,3,917.4300000000001,555,305.81,133,17,0.16216216216216217,185.0,0.0
14062.0,56,18,19973.98,546,1109.6655555555556,9925,136,0.989010989010989,30.333333333333332,5630.22
14063.0,255,9,22710.2,548,2523.355555555556,3850,30,0.4927007299270073,60.888888888888886,0.0
14064.0,28,13,2820.84,504,216.98769230769233,3484,100,0.7738095238095237,38.76923076923077,511.58
14065.0,206,3,891.02,248,297.00666666666666,582,42,0.3629032258064516,82.66666666666667,0.0
14066.0,83,1,152.55,83,152.55,45,7,0.3614457831325301,83.0,0.0
14068.0,137,4,1528.3700000000001,494,382.09250000000003,513,93,0.24291497975708504,123.5,0.0
14069.0,331,2,230.06,378,115.03,59,37,0.15873015873015872,189.0,0.0
14070.0,501,1,326.55,501,326.55,86,40,0.05988023952095808,501.0,0.0
14071.0,77,2,356.81,81,178.405,295,22,0.7407407407407407,40.5,1082.01
14072.0,483,1,390.85,483,390.85,65,19,0.06211180124223603,483.0,0.0
14074.0,440,1,219.39999999999998,440,219.39999999999998,228,6,0.06818181818181818,440.0,0.0
14075.0,78,4,1100.53,358,275.1325,1010,48,0.335195530726257,89.5,634.34
14077.0,42,3,315.27,212,105.08999999999999,191,35,0.42452830188679247,70.66666666666667,299.81
14078.0,1,8,1471.1699999999998,438,183.89624999999998,545,98,0.547945205479452,54.75,221.46
14079.0,499,1,243.63,499,243.63,1,1,0.06012024048096192,499.0,375.1
14080.0,230,4,1070.08,554,267.52,220,70,0.21660649819494585,138.5,45.599999999999994
14081.0,119,10,5370.1,546,537.01,3712,465,0.5494505494505495,54.6,0.0
14082.0,181,2,413.36,209,206.68,246,48,0.28708133971291866,104.5,0.0
14083.0,16,7,878.3,538,125.47142857142856,624,96,0.39033457249070636,76.85714285714286,528.96
14084.0,329,1,150.5,329,150.5,306,7,0.0911854103343465,329.0,0.0
14085.0,15,25,8468.84,548,338.7536,5048,431,1.3686131386861313,21.92,1636.13
14086.0,279,1,39.95,279,39.95,1,1,0.10752688172043011,279.0,0.0
14087.0,221,2,651.8,552,325.9,476,126,0.10869565217391304,276.0,194.42
14088.0,7,6,28899.83,238,4816.638333333333,6281,240,0.7563025210084033,39.666666666666664,35136.97
14090.0,141,1,76.32000000000001,141,76.32000000000001,72,1,0.2127659574468085,141.0,0.0
14091.0,471,2,9530.08,515,4765.04,3316,13,0.11650485436893203,257.5,0.0
14092.0,13,16,4950.01,540,309.375625,2439,134,0.888888888888889,33.75,2279.44
14094.0,256,1,335.22,256,335.22,177,41,0.1171875,256.0,0.0
14095.0,539,1,2.95,539,2.95,1,1,0.055658627087198514,539.0,0.0
14097.0,298,2,422.85999999999996,462,211.42999999999998,352,39,0.12987012987012986,231.0,0.0
14099.0,35,14,3983.0,546,284.5,2731,224,0.7692307692307692,39.0,1782.71
14101.0,14,11,8144.53,438,740.4118181818181,9450,19,0.7534246575342465,39.81818181818182,1817.4
14104.0,206,3,555.37,377,185.12333333333333,437,100,0.23872679045092837,125.66666666666667,216.20999999999998
14105.0,56,5,5988.83,538,1197.766,3534,200,0.2788104089219331,107.6,0.0
14106.0,554,1,214.79999999999998,554,214.79999999999998,24,1,0.05415162454873646,554.0,0.0
14107.0,37,8,3649.15,547,456.14375,2772,89,0.43875685557586835,68.375,1228.15
14108.0,548,2,447.05,555,223.525,279,18,0.10810810810810811,277.5,597.91
14110.0,37,23,9006.32,555,391.5791304347826,4170,148,1.2432432432432432,24.130434782608695,3981.63
14111.0,58,1,94.2,58,94.2,148,2,0.5172413793103449,58.0,598.65
14112.0,20,9,4071.94,471,452.4377777777778,2560,160,0.5732484076433121,52.333333333333336,1762.65
14113.0,171,13,5685.6900000000005,548,437.3607692307693,2796,58,0.7116788321167883,42.15384615384615,1406.92
14114.0,90,7,1364.09,423,194.86999999999998,650,72,0.49645390070921985,60.42857142857143,0.0
14115.0,318,2,622.6700000000001,483,311.33500000000004,509,22,0.12422360248447206,241.5,0.0
14118.0,245,1,458.45,245,458.45,97,15,0.12244897959183675,245.0,0.0
14119.0,192,2,183.37,535,91.685,177,11,0.11214953271028037,267.5,0.0
14122.0,223,3,362.42,554,120.80666666666667,114,12,0.1624548736462094,184.66666666666666,0.0
14123.0,550,1,436.18,550,436.18,234,24,0.05454545454545454,550.0,0.0
14126.0,261,1,466.33000000000004,261,466.33000000000004,379,28,0.11494252873563218,261.0,706.1300000000001
14127.0,73,5,1642.6000000000001,242,328.52000000000004,704,88,0.6198347107438017,48.4,257.48
14128.0,72,2,592.25,368,296.125,519,34,0.16304347826086957,184.0,331.96
14129.0,77,5,1826.3799999999999,396,365.27599999999995,986,37,0.3787878787878788,79.2,764.96
14130.0,136,4,1882.67,545,470.6675,1239,189,0.22018348623853212,136.25,0.0
14131.0,465,1,187.87,465,187.87,118,45,0.06451612903225806,465.0,0.0
14133.0,132,2,623.5,550,311.75,202,24,0.10909090909090909,275.0,287.64
14134.0,199,15,11123.35,546,741.5566666666667,5814,130,0.8241758241758241,36.4,0.0
14135.0,3,18,7395.07,554,410.8372222222222,8252,115,0.9747292418772562,30.77777777777778,2248.85
14136.0,217,5,1570.81,548,314.162,1148,86,0.2737226277372263,109.6,0.0
14137.0,512,1,332.7,512,332.7,462,11,0.05859375,512.0,0.0
14139.0,307,3,670.98,359,223.66,539,29,0.25069637883008355,119.66666666666667,415.82
14142.0,190,2,983.15,463,491.575,831,42,0.12958963282937366,231.5,0.0
14144.0,303,1,30.599999999999998,303,30.599999999999998,12,1,0.09900990099009901,303.0,0.0
14145.0,34,4,4986.45,427,1246.6125,1127,11,0.2810304449648712,106.75,2613.6
14146.0,71,9,7163.03,512,795.8922222222222,4154,248,0.52734375,56.888888888888886,2287.27
14147.0,102,8,2289.6,457,286.2,927,23,0.5251641137855579,57.125,300.6
14148.0,50,2,466.29,231,233.145,223,15,0.2597402597402597,115.5,0.0
14149.0,37,1,446.62,37,446.62,218,28,0.8108108108108109,37.0,0.0
14150.0,176,1,306.18,176,306.18,262,12,0.17045454545454547,176.0,352.46000000000004
14151.0,490,2,679.45,533,339.725,405,44,0.1125703564727955,266.5,0.0
14152.0,51,6,1690.56,476,281.76,1502,90,0.37815126050420167,79.33333333333333,306.78000000000003
14153.0,300,1,233.4,300,233.4,312,17,0.1,300.0,0.0
14154.0,56,8,6460.7,512,807.5875,3222,236,0.46875,64.0,0.0
14155.0,83,1,118.75,83,118.75,25,6,0.3614457831325301,83.0,0.0
14156.0,3,120,241432.09,555,2011.9340833333333,128723,1230,6.486486486486487,4.625,72514.28
14157.0,102,4,847.07,463,211.7675,455,68,0.2591792656587473,115.75,155.71
14159.0,4,12,4359.62,553,363.3016666666667,3130,482,0.650994575045208,46.083333333333336,3578.39
14160.0,427,7,8421.47,515,1203.0671428571427,4661,80,0.4077669902912621,73.57142857142857,0.0
14161.0,32,7,3318.88,543,474.1257142857143,1623,202,0.3867403314917127,77.57142857142857,0.0
14162.0,109,1,177.68,109,177.68,110,13,0.27522935779816515,109.0,111.68
14163.0,16,3,898.5,279,299.5,338,26,0.32258064516129037,93.0,1696.12
14165.0,92,1,122.53999999999999,92,122.53999999999999,54,23,0.32608695652173914,92.0,0.0
14166.0,322,2,256.85,443,128.425,84,39,0.13544018058690743,221.5,0.0
14167.0,80,6,980.65,498,163.44166666666666,272,41,0.3614457831325301,83.0,315.84
14168.0,237,2,370.45,381,185.225,147,11,0.15748031496062992,190.5,0.0
14169.0,247,2,624.4300000000001,261,312.21500000000003,208,50,0.22988505747126436,130.5,0.0
14170.0,192,3,597.33,212,199.11,290,123,0.42452830188679247,70.66666666666667,0.0
14171.0,547,1,135.0,547,135.0,44,6,0.054844606946983544,547.0,363.79
14172.0,422,3,402.72,459,134.24,88,38,0.19607843137254902,153.0,0.0
14173.0,36,3,249.2,547,83.06666666666666,84,13,0.16453382084095064,182.33333333333334,336.8
14175.0,146,6,4779.16,444,796.5266666666666,1640,136,0.40540540540540543,74.0,2899.72
14176.0,114,5,916.01,198,183.202,326,33,0.7575757575757576,39.6,0.0
14177.0,198,9,1669.93,468,185.54777777777778,843,118,0.576923076923077,52.0,559.41
14180.0,2,24,5004.35,365,208.51458333333335,664,110,1.9726027397260273,15.208333333333334,1314.9
14181.0,227,2,310.55,379,155.275,122,48,0.15831134564643798,189.5,0.0
14182.0,260,4,678.77,413,169.6925,174,42,0.2905569007263923,103.25,0.0
14183.0,228,2,286.29,298,143.145,61,27,0.20134228187919462,149.0,0.0
14185.0,148,1,197.65,148,197.65,6,3,0.20270270270270271,148.0,0.0
14186.0,244,5,1550.63,461,310.12600000000003,1550,75,0.32537960954446854,92.2,0.0
14187.0,290,1,123.5,290,123.5,50,8,0.10344827586206896,290.0,0.0
14188.0,31,2,760.9,127,380.45,413,17,0.47244094488188976,63.5,1293.46
14189.0,17,9,3316.38,205,368.4866666666667,2578,118,1.3170731707317072,22.77777777777778,2498.01
14190.0,483,1,79.9,483,79.9,2,1,0.06211180124223603,483.0,0.0
14191.0,1,5,919.6,545,183.92000000000002,469,30,0.27522935779816515,109.0,3898.06
14192.0,205,1,293.74,205,293.74,218,14,0.14634146341463414,205.0,0.0
14193.0,86,2,779.34,213,389.67,458,39,0.28169014084507044,106.5,430.85
14194.0,13,22,10728.94,519,487.6790909090909,5939,344,1.2716763005780347,23.59090909090909,7941.650000000001
14195.0,18,6,2615.6,451,435.93333333333334,2144,10,0.3991130820399113,75.16666666666667,0.0
14197.0,227,1,390.05,227,390.05,143,20,0.13215859030837004,227.0,0.0
14198.0,56,6,1051.63,520,175.27166666666668,437,41,0.34615384615384615,86.66666666666667,518.1
14199.0,35,4,1091.7,347,272.925,254,15,0.34582132564841495,86.75,0.0
14200.0,434,1,379.2,434,379.2,140,21,0.06912442396313365,434.0,0.0
14201.0,3,7,857.2,405,122.45714285714287,518,32,0.5185185185185185,57.857142857142854,336.34
14202.0,198,3,847.76,441,282.58666666666664,166,27,0.20408163265306123,147.0,0.0
14203.0,214,1,339.34,214,339.34,80,16,0.14018691588785046,214.0,0.0
14204.0,239,3,901.9300000000001,554,300.6433333333334,410,158,0.1624548736462094,184.66666666666666,161.03
14205.0,81,8,2170.4,459,271.3,1264,70,0.5228758169934641,57.375,243.8
14206.0,56,3,1185.01,219,395.00333333333333,930,62,0.410958904109589,73.0,0.0
14207.0,504,1,157.8,504,157.8,36,2,0.05952380952380952,504.0,0.0
14208.0,368,1,415.31,368,415.31,415,25,0.08152173913043478,368.0,151.74
14209.0,30,12,4002.9900000000002,503,333.58250000000004,1383,125,0.7157057654075547,41.916666666666664,990.28
14210.0,14,15,5555.33,519,370.3553333333333,2485,141,0.8670520231213873,34.6,306.19
14211.0,24,14,3071.08,547,219.36285714285714,1830,117,0.7678244972577697,39.07142857142857,1331.21
14212.0,262,1,1119.6599999999999,262,1119.6599999999999,894,12,0.11450381679389313,262.0,1070.48
14213.0,221,1,1192.2,221,1192.2,244,5,0.13574660633484165,221.0,0.0
14214.0,94,1,638.65,94,638.65,313,37,0.3191489361702128,94.0,365.73
14215.0,3,7,2724.88,548,389.2685714285714,1516,128,0.38321167883211676,78.28571428571429,691.45
14216.0,231,1,310.74,231,310.74,118,18,0.12987012987012986,231.0,1839.3
14217.0,1,14,2401.16,344,171.51142857142855,880,95,1.2209302325581397,24.571428571428573,1015.73
14219.0,226,2,543.89,310,271.945,285,32,0.1935483870967742,155.0,89.94
14220.0,64,4,1515.0,386,378.75,468,26,0.31088082901554404,96.5,0.0
14221.0,7,12,4738.52,429,394.8766666666667,2465,115,0.8391608391608392,35.75,1778.97
14223.0,81,1,304.9,81,304.9,130,18,0.37037037037037035,81.0,686.23
14224.0,32,7,1343.1,361,191.87142857142857,579,167,0.5817174515235457,51.57142857142857,554.8
14225.0,251,4,2037.02,513,509.255,1168,70,0.23391812865497075,128.25,0.0
14226.0,27,3,2479.74,258,826.5799999999999,1505,66,0.3488372093023256,86.0,522.7900000000001
14227.0,13,12,5417.27,486,451.4391666666667,3507,237,0.7407407407407407,40.5,951.44
14228.0,254,3,745.5,363,248.5,260,38,0.24793388429752067,121.0,0.0
14229.0,108,6,1808.97,288,301.495,627,37,0.625,48.0,785.0699999999999
14230.0,252,3,979.8000000000001,365,326.6,246,27,0.2465753424657534,121.66666666666667,0.0
14231.0,49,3,927.86,267,309.2866666666667,494,56,0.33707865168539325,89.0,307.76
14232.0,3,2,1003.97,81,501.985,809,52,0.7407407407407407,40.5,1044.1
14233.0,28,6,2400.65,461,400.10833333333335,991,30,0.39045553145336226,76.83333333333333,503.62
14235.0,43,6,2837.68,436,472.94666666666666,1911,89,0.41284403669724773,72.66666666666667,1880.31
14236.0,189,4,1443.08,322,360.77,540,29,0.37267080745341613,80.5,301.56
14237.0,190,2,632.14,407,316.07,276,26,0.14742014742014742,203.5,0.0
14238.0,143,3,434.23,551,144.74333333333334,189,13,0.16333938294010888,183.66666666666666,0.0
14239.0,17,16,3177.36,551,198.585,1330,80,0.8711433756805808,34.4375,1085.81
14240.0,42,2,584.0,240,292.0,316,26,0.25,120.0,663.49
14241.0,513,1,120.0,513,120.0,96,2,0.05847953216374269,513.0,213.70000000000002
14242.0,51,2,280.55,142,140.275,123,13,0.4225352112676056,71.0,0.0
14243.0,62,12,6355.35,293,529.6125000000001,3123,214,1.2286689419795223,24.416666666666668,1075.7
14244.0,477,1,366.41999999999996,477,366.41999999999996,814,16,0.06289308176100629,477.0,0.0
14245.0,36,2,1693.45,80,846.725,976,107,0.75,40.0,0.0
14246.0,62,1,449.64,62,449.64,216,24,0.4838709677419355,62.0,1024.42
14247.0,95,5,772.66,368,154.53199999999998,382,82,0.4076086956521739,73.6,0.0
14248.0,135,3,1032.95,332,344.31666666666666,692,41,0.2710843373493976,110.66666666666667,0.0
14249.0,227,12,5625.461,496,468.7884166666667,2487,178,0.7258064516129032,41.333333333333336,0.0
14252.0,198,1,350.99,198,350.99,111,10,0.15151515151515152,198.0,0.0
14253.0,310,2,363.40000000000003,440,181.70000000000002,88,11,0.13636363636363635,220.0,0.0
14254.0,249,1,601.03,249,601.03,263,23,0.12048192771084336,249.0,0.0
14255.0,363,1,1000.63,363,1000.63,1,1,0.08264462809917356,363.0,0.0
14256.0,77,5,2473.9900000000002,511,494.79800000000006,1171,100,0.29354207436399216,102.2,0.0
14257.0,1,6,3885.32,465,647.5533333333334,2253,138,0.3870967741935484,77.5,2069.13
14258.0,16,22,26989.18,552,1226.780909090909,15026,87,1.1956521739130435,25.09090909090909,5062.16
14260.0,288,3,824.28,365,274.76,544,50,0.2465753424657534,121.66666666666667,0.0
14262.0,57,1,240.0,57,240.0,196,16,0.5263157894736842,57.0,2378.23
14263.0,240,1,322.93,240,322.93,171,16,0.125,240.0,0.0
14264.0,62,5,1299.09,428,259.818,501,52,0.35046728971962615,85.6,218.27
14265.0,281,2,843.17,429,421.585,385,47,0.13986013986013987,214.5,530.18
14266.0,245,1,40.56,245,40.56,24,1,0.12244897959183675,245.0,0.0
14267.0,77,2,836.36,77,418.18,280,15,0.7792207792207793,38.5,679.88
14268.0,287,1,354.85,287,354.85,147,19,0.10452961672473868,287.0,0.0
14269.0,256,1,295.73,256,295.73,123,16,0.1171875,256.0,0.0
14270.0,148,1,492.65000000000003,148,492.65000000000003,197,29,0.20270270270270271,148.0,0.0
14271.0,42,2,219.13,226,109.565,149,38,0.2654867256637168,113.0,0.0
14272.0,71,3,614.94,399,204.98000000000002,585,38,0.22556390977443608,133.0,305.87
14273.0,34,2,218.7,59,109.35,109,10,1.0169491525423728,29.5,341.27
14274.0,503,1,256.6,503,256.6,178,15,0.059642147117296214,503.0,0.0
14275.0,212,6,1189.3799999999999,424,198.23,538,14,0.42452830188679247,70.66666666666667,0.0
14276.0,106,5,1324.14,477,264.82800000000003,878,50,0.3144654088050315,95.4,778.54
14277.0,29,7,14647.04,543,2092.434285714286,88689,218,0.3867403314917127,77.57142857142857,2578.77
14278.0,226,1,205.83,226,205.83,131,13,0.1327433628318584,226.0,0.0
14279.0,337,2,191.86,498,95.93,46,3,0.12048192771084336,249.0,0.0
14280.0,13,1,134.04,13,134.04,52,8,2.307692307692308,13.0,0.0
14281.0,225,1,245.15,225,245.15,45,7,0.13333333333333333,225.0,0.0
14282.0,20,15,5929.5,479,395.3,4051,80,0.9394572025052192,31.933333333333334,1920.16
14283.0,280,4,628.4399999999999,386,157.10999999999999,550,36,0.31088082901554404,96.5,0.0
14284.0,470,1,704.4,470,704.4,349,35,0.06382978723404255,470.0,595.25
14285.0,330,4,1374.41,548,343.6025,413,33,0.218978102189781,137.0,1910.01
14286.0,59,5,5901.09,552,1180.218,6455,218,0.2717391304347826,110.4,2578.67
14287.0,15,2,83.28,15,41.64,216,4,4.0,7.5,93.35
14288.0,30,1,426.6,30,426.6,188,16,1.0,30.0,0.0
14289.0,16,3,594.22,106,198.07333333333335,214,30,0.8490566037735849,35.333333333333336,317.04
14290.0,178,4,2979.4700000000003,548,744.8675000000001,905,59,0.218978102189781,137.0,1537.0900000000001
14291.0,27,15,5634.31,547,375.6206666666667,4271,195,0.8226691042047531,36.46666666666667,2269.79
14292.0,21,9,5479.53,447,608.8366666666666,2229,98,0.6040268456375839,49.666666666666664,3746.7200000000003
14293.0,122,7,2729.39,546,389.91285714285715,1283,63,0.3846153846153846,78.0,538.5400000000001
14294.0,224,1,375.34,224,375.34,190,23,0.13392857142857142,224.0,0.0
14295.0,255,4,2196.71,548,549.1775,945,61,0.218978102189781,137.0,166.20000000000002
14296.0,238,2,456.40000000000003,391,228.20000000000002,314,27,0.1534526854219949,195.5,0.0
14297.0,91,1,232.6,91,232.6,78,11,0.3296703296703297,91.0,1072.73
14298.0,7,68,70161.18,545,1031.7820588235293,77993,1092,3.743119266055046,8.014705882352942,21033.31
14299.0,135,22,12099.81,554,549.9913636363636,6421,99,1.1913357400722022,25.181818181818183,2399.68
14301.0,233,3,1352.04,483,450.68,1080,29,0.18633540372670807,161.0,640.14
14302.0,247,3,742.9000000000001,554,247.63333333333335,298,25,0.1624548736462094,184.66666666666666,0.0
14303.0,224,2,277.94,251,138.97,218,21,0.23904382470119523,125.5,0.0
14304.0,39,3,1725.01,387,575.0033333333333,775,69,0.23255813953488372,129.0,0.0
14306.0,195,4,1058.0800000000002,494,264.52000000000004,990,12,0.24291497975708504,123.5,2093.32
14307.0,36,7,3770.29,549,538.6128571428571,2495,150,0.38251366120218583,78.42857142857143,1300.74
14308.0,366,2,1147.02,366,573.51,2,1,0.16393442622950818,183.0,0.0
14309.0,51,6,2364.16,367,394.02666666666664,1574,96,0.49046321525885556,61.166666666666664,1416.65
14310.0,249,1,492.1,249,492.1,230,22,0.12048192771084336,249.0,0.0
14311.0,59,2,516.45,384,258.225,235,31,0.15625,192.0,0.0
14312.0,3,9,2333.29,321,259.25444444444446,1277,120,0.8411214953271028,35.666666666666664,757.0
14314.0,247,1,109.80000000000001,247,109.80000000000001,36,2,0.12145748987854252,247.0,120.0
14315.0,8,4,1572.8899999999999,451,393.22249999999997,707,52,0.2660753880266075,112.75,1624.93
14316.0,239,5,1370.34,447,274.068,4494,21,0.33557046979865773,89.4,0.0
14318.0,277,1,158.02,277,158.02,152,9,0.10830324909747292,277.0,0.0
14319.0,241,1,494.85,241,494.85,329,26,0.12448132780082988,241.0,0.0
14320.0,23,5,1346.75,504,269.35,713,68,0.2976190476190476,100.8,0.0
14321.0,150,3,1014.13,290,338.04333333333335,1514,84,0.3103448275862069,96.66666666666667,1203.93
14322.0,246,4,474.1,476,118.525,158,10,0.25210084033613445,119.0,0.0
14323.0,55,1,299.82,55,299.82,222,19,0.5454545454545454,55.0,305.24
14324.0,226,2,701.61,510,350.805,402,41,0.11764705882352941,255.0,0.0
14325.0,386,1,245.48000000000002,386,245.48000000000002,320,18,0.07772020725388601,386.0,0.0
14326.0,59,3,940.98,349,313.66,572,54,0.25787965616045844,116.33333333333333,0.0
14327.0,199,5,1583.28,517,316.656,1157,89,0.2901353965183753,103.4,311.65
14328.0,255,1,445.05,255,445.05,1,1,0.11764705882352941,255.0,0.0
14329.0,90,10,7037.9800000000005,540,703.798,3946,265,0.5555555555555556,54.0,2889.2400000000002
14330.0,440,1,200.63,440,200.63,103,13,0.06818181818181818,440.0,0.0
14332.0,198,2,1077.2,233,538.6,412,31,0.2575107296137339,116.5,866.31
14334.0,20,9,3444.5,385,382.72222222222223,2402,137,0.7012987012987013,42.77777777777778,873.98
14336.0,15,3,1114.39,93,371.46333333333337,989,53,0.967741935483871,31.0,500.52000000000004
14338.0,13,2,919.85,353,459.925,621,43,0.16997167138810199,176.5,8.25
14339.0,59,2,620.27,245,310.135,456,21,0.2448979591836735,122.5,0.0
14340.0,35,1,134.7,35,134.7,58,6,0.8571428571428571,35.0,0.0
14341.0,32,14,2988.19,555,213.44214285714287,1834,126,0.7567567567567567,39.642857142857146,1479.13
14342.0,27,3,559.48,289,186.49333333333334,276,18,0.31141868512110726,96.33333333333333,358.96
14343.0,238,4,1088.91,507,272.2275,631,193,0.2366863905325444,126.75,0.0
14344.0,23,18,3089.65,443,171.64722222222224,1525,124,1.2189616252821671,24.61111111111111,244.05
14346.0,114,4,1556.61,314,389.1525,1377,88,0.3821656050955414,78.5,759.14
14347.0,553,1,82.6,553,82.6,48,6,0.054249547920433995,553.0,0.0
14348.0,77,1,409.57,77,409.57,183,18,0.38961038961038963,77.0,0.0
14350.0,91,3,972.03,247,324.01,543,55,0.3643724696356275,82.33333333333333,0.0
14352.0,51,2,845.32,90,422.66,410,35,0.6666666666666667,45.0,233.64000000000001
14353.0,32,3,376.5,248,125.5,344,18,0.3629032258064516,82.66666666666667,0.0
14355.0,182,3,1014.45,444,338.15000000000003,709,57,0.20270270270270271,148.0,0.0
14358.0,206,2,400.06,245,200.03,338,21,0.2448979591836735,122.5,0.0
14361.0,395,1,214.70999999999998,395,214.70999999999998,251,14,0.0759493670886076,395.0,0.0
14363.0,219,2,227.47000000000003,268,113.73500000000001,105,8,0.22388059701492538,134.0,0.0
14364.0,4,4,2161.85,28,540.4625,1025,22,4.285714285714286,7.0,1555.5
14365.0,211,2,634.68,498,317.34,557,50,0.12048192771084336,249.0,0.0
14366.0,342,1,136.0,342,136.0,16,1,0.08771929824561403,342.0,0.0
14367.0,1,8,4145.52,93,518.19,1884,183,2.580645161290323,11.625,5116.0
14368.0,136,1,155.0,136,155.0,36,8,0.22058823529411764,136.0,0.0
14369.0,459,2,469.13,478,234.565,255,24,0.12552301255230125,239.0,0.0
14370.0,267,6,1175.78,493,195.96333333333334,266,37,0.36511156186612576,82.16666666666667,0.0
14371.0,112,1,100.5,112,100.5,34,4,0.26785714285714285,112.0,0.0
14372.0,260,2,860.08,416,430.04,378,36,0.14423076923076925,208.0,0.0
14373.0,175,1,76.55,175,76.55,17,4,0.17142857142857143,175.0,0.0
14374.0,358,1,108.0,358,108.0,20,7,0.08379888268156425,358.0,0.0
14375.0,2,3,1132.99,358,377.66333333333336,659,176,0.25139664804469275,119.33333333333333,0.0
14376.0,500,1,215.46,500,215.46,50,17,0.06,500.0,0.0
14377.0,8,2,617.05,79,308.525,219,11,0.7594936708860759,39.5,0.0
14378.0,438,1,131.25,438,131.25,57,9,0.0684931506849315,438.0,0.0
14379.0,112,3,1031.79,297,343.93,549,75,0.30303030303030304,99.0,237.12
14380.0,499,1,48.96,499,48.96,1,1,0.06012024048096192,499.0,0.0
14381.0,268,1,428.65999999999997,268,428.65999999999997,307,56,0.11194029850746269,268.0,202.68
14382.0,207,1,620.73,207,620.73,464,137,0.14492753623188406,207.0,626.0699999999999
14384.0,317,1,58.5,317,58.5,30,3,0.0946372239747634,317.0,0.0
14386.0,113,1,142.4,113,142.4,54,7,0.2654867256637168,113.0,0.0
14388.0,20,11,4661.35,505,423.75909090909096,3164,130,0.6534653465346534,45.90909090909091,2039.65
14389.0,7,4,1165.69,407,291.4225,848,40,0.29484029484029484,101.75,732.32
14390.0,28,7,2783.09,242,397.5842857142857,1204,150,0.8677685950413223,34.57142857142857,3616.7400000000002
14391.0,393,1,135.6,393,135.6,168,14,0.07633587786259542,393.0,0.0
14392.0,249,1,266.4,249,266.4,114,14,0.12048192771084336,249.0,0.0
14393.0,35,1,67.95,35,67.95,13,5,0.8571428571428571,35.0,0.0
14394.0,381,1,93.8,381,93.8,58,6,0.07874015748031496,381.0,0.0
14395.0,39,16,6326.24,417,395.39,3205,254,1.1510791366906474,26.0625,1881.77
14396.0,188,6,1744.29,554,290.715,836,167,0.3249097472924188,92.33333333333333,377.64
14397.0,15,2,242.24,30,121.12,224,11,2.0,15.0,2370.72
14398.0,218,2,707.79,344,353.895,267,50,0.1744186046511628,172.0,0.0
14399.0,211,8,2113.16,491,264.145,968,119,0.4887983706720977,61.375,0.0
14400.0,225,2,1157.77,448,578.885,1252,47,0.13392857142857142,224.0,574.7
14401.0,132,11,3296.54,542,299.68545454545455,2362,79,0.6088560885608856,49.27272727272727,3499.36
14402.0,469,1,285.6,469,285.6,240,8,0.06396588486140725,469.0,0.0
14403.0,34,4,1380.71,456,345.1775,621,20,0.2631578947368421,114.0,499.79999999999995
14404.0,76,10,2148.37,536,214.837,1122,90,0.5597014925373134,53.6,750.74
14405.0,203,1,195.0,203,195.0,100,2,0.1477832512315271,203.0,0.0
14407.0,22,2,1002.6800000000001,93,501.34000000000003,416,33,0.6451612903225807,46.5,1155.05
14408.0,6,7,2585.03,549,369.29,1470,32,0.38251366120218583,78.42857142857143,1524.74
14409.0,135,6,2362.7400000000002,384,393.79,1592,52,0.46875,64.0,1393.3500000000001
14410.0,23,8,2324.87,254,290.60875,1156,251,0.9448818897637795,31.75,326.27
14411.0,127,1,1063.0,127,1063.0,196,14,0.23622047244094488,127.0,0.0
14412.0,241,1,656.16,241,656.16,642,41,0.12448132780082988,241.0,770.03
14413.0,179,4,770.37,506,192.5925,280,93,0.23715415019762845,126.5,0.0
14414.0,175,2,1119.55,191,559.775,511,28,0.31413612565445026,95.5,1279.78
14415.0,15,15,8590.57,540,572.7046666666666,4400,345,0.8333333333333333,36.0,3501.03
14417.0,204,1,604.2,204,604.2,567,106,0.14705882352941177,204.0,0.0
14419.0,69,3,510.41,199,170.13666666666668,231,53,0.4522613065326633,66.33333333333333,750.5
14420.0,213,3,1251.65,508,417.2166666666667,786,58,0.17716535433070865,169.33333333333334,387.52
14421.0,28,5,2111.44,508,422.288,1171,67,0.2952755905511811,101.6,357.93
14422.0,84,14,6409.1900000000005,539,457.79928571428576,3336,206,0.7792207792207793,38.5,3862.33
14423.0,35,3,916.6099999999999,511,305.53666666666663,419,12,0.1761252446183953,170.33333333333334,0.0
14425.0,251,3,661.39,554,220.46333333333334,325,35,0.1624548736462094,184.66666666666666,0.0
14426.0,93,10,8741.85,462,874.1850000000001,5166,384,0.6493506493506493,46.2,2986.09
14427.0,311,2,900.1800000000001,448,450.09000000000003,310,27,0.13392857142857142,224.0,363.34000000000003
14428.0,56,2,330.62,142,165.31,145,25,0.4225352112676056,71.0,914.21
14429.0,220,1,516.28,220,516.28,286,22,0.13636363636363635,220.0,0.0
14430.0,328,3,1220.9,424,406.9666666666667,446,29,0.21226415094339623,141.33333333333334,0.0
14431.0,119,4,2614.2,504,653.55,1202,72,0.23809523809523808,126.0,0.0
14433.0,282,1,289.6,282,289.6,134,72,0.10638297872340426,282.0,0.0
14435.0,318,1,90.42,318,90.42,282,3,0.09433962264150944,318.0,0.0
14436.0,370,1,182.64000000000001,370,182.64000000000001,168,2,0.08108108108108109,370.0,89.06
14437.0,182,5,958.84,400,191.768,486,34,0.375,80.0,0.0
14438.0,123,1,131.9,123,131.9,82,9,0.24390243902439027,123.0,0.0
14439.0,136,5,9443.04,504,1888.6080000000002,2244,105,0.2976190476190476,100.8,0.0
14440.0,133,10,5466.76,554,546.676,1508,55,0.5415162454873647,55.4,1171.97
14441.0,72,8,3255.64,507,406.955,922,76,0.4733727810650888,63.375,1356.05
14442.0,21,7,5367.0199999999995,507,766.7171428571428,1431,128,0.41420118343195267,72.42857142857143,0.0
14443.0,127,3,1574.67,196,524.89,929,72,0.45918367346938777,65.33333333333333,811.8
14444.0,273,1,132.04,273,132.04,180,11,0.10989010989010989,273.0,0.0
14445.0,272,1,221.65,272,221.65,83,32,0.11029411764705882,272.0,0.0
14446.0,63,2,504.77,203,252.385,501,113,0.2955665024630542,101.5,736.54
14447.0,13,3,1149.53,217,383.1766666666667,655,63,0.4147465437788019,72.33333333333333,562.2
14448.0,181,1,102.35000000000001,181,102.35000000000001,44,18,0.16574585635359115,181.0,273.0
14449.0,63,6,1977.0,253,329.5,1357,211,0.7114624505928854,42.166666666666664,505.8
14450.0,60,6,914.64,427,152.44,433,37,0.4215456674473068,71.16666666666667,213.8
14451.0,11,11,3006.18,508,273.2890909090909,1572,218,0.6496062992125984,46.18181818181818,302.59
14452.0,212,2,401.15,338,200.575,170,62,0.17751479289940827,169.0,264.44
14453.0,7,1,119.93,7,119.93,49,22,4.285714285714286,7.0,0.0
14454.0,193,5,977.3,550,195.45999999999998,400,93,0.2727272727272727,110.0,0.0
14455.0,249,4,628.21,312,157.0525,719,65,0.3846153846153846,78.0,0.0
14457.0,127,1,113.64,127,113.64,88,4,0.23622047244094488,127.0,0.0
14458.0,197,1,237.42,197,237.42,328,46,0.15228426395939085,197.0,0.0
14459.0,468,1,3537.821,468,3537.821,1543,76,0.06410256410256411,468.0,1837.92
14460.0,127,7,689.16,541,98.45142857142856,1022,23,0.3881700554528651,77.28571428571429,404.34
14461.0,78,11,5386.67,507,489.6972727272727,2538,424,0.650887573964497,46.09090909090909,1326.83
14462.0,2,8,1406.71,249,175.83875,618,139,0.9638554216867469,31.125,863.3
14463.0,22,2,372.87,316,186.435,127,4,0.18987341772151897,158.0,413.7
14464.0,385,2,111.0,444,55.5,62,4,0.13513513513513514,222.0,0.0
14465.0,63,11,3946.03,518,358.73,2546,128,0.637065637065637,47.09090909090909,0.0
14466.0,4,10,3720.2,543,372.02,2096,73,0.5524861878453039,54.3,926.7
14467.0,129,9,1753.93,554,194.88111111111112,955,120,0.4873646209386281,61.55555555555556,467.06
14468.0,550,1,204.24,550,204.24,164,12,0.05454545454545454,550.0,0.0
14469.0,233,4,2112.21,496,528.0525,980,120,0.24193548387096775,124.0,0.0
14470.0,104,2,548.49,247,274.245,227,48,0.24291497975708504,123.5,163.55
14471.0,408,2,400.95,549,200.475,187,38,0.1092896174863388,274.5,0.0
14472.0,4,6,1821.01,506,303.50166666666667,1058,158,0.3557312252964427,84.33333333333333,407.21
14473.0,99,1,85.0,99,85.0,10,1,0.30303030303030304,99.0,149.34000000000003
14474.0,396,1,730.42,396,730.42,313,97,0.07575757575757576,396.0,547.66
14475.0,3,3,847.47,225,282.49,337,28,0.4,75.0,303.68
14476.0,74,1,215.7,74,215.7,132,17,0.40540540540540543,74.0,0.0
14477.0,1,5,1183.0,521,236.6,700,5,0.28790786948176583,104.2,786.6
14478.0,199,4,1276.66,555,319.165,1226,59,0.21621621621621623,138.75,0.0
14479.0,70,4,1299.11,550,324.7775,620,127,0.21818181818181817,137.5,0.0
14480.0,219,3,1020.47,535,340.1566666666667,527,43,0.16822429906542055,178.33333333333334,279.05
14481.0,104,4,1977.84,494,494.46,1329,106,0.24291497975708504,123.5,333.65
14482.0,56,7,2527.86,287,361.1228571428572,1356,99,0.7317073170731707,41.0,1830.05
14483.0,98,2,257.1,553,128.55,193,13,0.10849909584086799,276.5,0.0
14484.0,218,3,749.0600000000001,539,249.6866666666667,534,37,0.16697588126159554,179.66666666666666,321.92
14486.0,328,2,175.5,370,87.75,90,4,0.16216216216216217,185.0,0.0
14487.0,185,2,382.38,196,191.19,139,32,0.3061224489795918,98.0,1071.23
14489.0,24,4,1574.93,429,393.7325,1011,65,0.27972027972027974,107.25,0.0
14490.0,223,2,1273.47,245,636.735,933,72,0.2448979591836735,122.5,0.0
14491.0,189,1,254.4,189,254.4,80,4,0.15873015873015872,189.0,213.73
14492.0,247,7,1921.91,436,274.55857142857144,751,70,0.481651376146789,62.285714285714285,0.0
14493.0,207,5,2746.91,458,549.382,1898,204,0.32751091703056767,91.6,2383.2400000000002
14494.0,218,2,261.9,548,130.95,118,10,0.1094890510948905,274.0,139.56
14495.0,476,1,51.0,476,51.0,6,1,0.06302521008403361,476.0,123.8
14496.0,128,7,2668.23,450,381.17571428571426,991,64,0.4666666666666667,64.28571428571429,0.0
14497.0,126,2,697.0600000000001,490,348.53000000000003,332,40,0.12244897959183675,245.0,0.0
14498.0,3,7,2267.19,367,323.88428571428574,1190,163,0.5722070844686649,52.42857142857143,1644.08
14499.0,95,5,1449.67,286,289.934,822,119,0.5244755244755245,57.2,689.3
14500.0,6,1,284.85,6,284.85,103,4,5.0,6.0,72.0
14501.0,136,1,66.93,136,66.93,45,4,0.22058823529411764,136.0,184.28
14502.0,51,6,1070.23,130,178.37166666666667,443,176,1.3846153846153846,21.666666666666668,1400.44
14504.0,60,3,542.71,95,180.90333333333334,263,81,0.9473684210526316,31.666666666666668,130.55
14505.0,21,16,9288.960000000001,547,580.5600000000001,3971,737,0.8775137111517367,34.1875,2712.88
14506.0,100,4,1845.3600000000001,416,461.34000000000003,567,133,0.2884615384615385,104.0,1445.31
14507.0,32,8,2516.56,546,314.57,1272,169,0.43956043956043955,68.25,767.87
14508.0,193,3,598.52,357,199.50666666666666,228,100,0.25210084033613445,119.0,276.42
14509.0,351,1,110.95,351,110.95,38,25,0.08547008547008547,351.0,0.0
14510.0,192,3,1007.28,253,335.76,821,67,0.3557312252964427,84.33333333333333,0.0
14512.0,4,7,1223.47,549,174.78142857142856,742,55,0.38251366120218583,78.42857142857143,0.0
14513.0,23,5,649.77,385,129.954,401,15,0.38961038961038963,77.0,138.24
14514.0,18,8,3946.7400000000002,543,493.34250000000003,2080,197,0.44198895027624313,67.875,652.24
14515.0,8,8,2412.82,367,301.6025,1154,72,0.6539509536784741,45.875,1336.44
14516.0,333,1,163.92,333,163.92,68,35,0.09009009009009009,333.0,0.0
14519.0,500,2,206.09,545,103.045,82,38,0.11009174311926606,272.5,0.0
14520.0,107,1,165.0,107,165.0,100,1,0.2803738317757009,107.0,105.60000000000001
14521.0,308,1,199.45000000000002,308,199.45000000000002,211,17,0.09740259740259741,308.0,0.0
14522.0,15,5,1062.71,501,212.542,611,27,0.29940119760479045,100.2,695.91
14524.0,53,8,1843.6100000000001,233,230.45125000000002,816,193,1.0300429184549356,29.125,1090.1
14525.0,2,13,5941.38,543,457.02923076923076,3654,268,0.7182320441988951,41.76923076923077,2299.26
14526.0,206,1,262.4,206,262.4,179,41,0.14563106796116504,206.0,0.0
14527.0,1,94,22845.84,554,243.0408510638298,5557,527,5.090252707581227,5.8936170212765955,4946.46
14530.0,2,13,4832.33,504,371.7176923076923,2280,227,0.7738095238095237,38.76923076923077,1365.07
14531.0,296,1,376.34,296,376.34,260,29,0.10135135135135136,296.0,0.0
14532.0,53,11,3859.1800000000003,515,350.8345454545455,1115,209,0.6407766990291262,46.81818181818182,0.0
14533.0,169,5,1950.15,427,390.03000000000003,2559,32,0.351288056206089,85.4,1516.22
14534.0,3,17,3686.26,451,216.83882352941177,1685,289,1.130820399113082,26.529411764705884,2584.85
14535.0,65,7,4020.51,470,574.3585714285715,1871,437,0.4468085106382979,67.14285714285714,2010.22
14536.0,76,1,171.8,76,171.8,40,18,0.39473684210526316,76.0,0.0
14537.0,440,1,285.84000000000003,440,285.84000000000003,108,13,0.06818181818181818,440.0,355.56
14538.0,73,4,1089.0900000000001,500,272.27250000000004,159,30,0.24,125.0,281.75
14540.0,126,9,2994.98,549,332.77555555555557,1320,149,0.49180327868852464,61.0,800.36
14541.0,31,12,2051.78,518,170.98166666666668,985,99,0.6949806949806949,43.166666666666664,447.9
14542.0,2,1,103.25,2,103.25,19,5,15.0,2.0,0.0
14543.0,7,32,13731.99,555,429.1246875,2500,95,1.7297297297297298,17.34375,1174.78
14544.0,178,2,2079.9,287,1039.95,1738,111,0.20905923344947736,143.5,902.53
14545.0,491,1,349.25,491,349.25,236,23,0.06109979633401221,491.0,0.0
14546.0,18,8,3494.69,550,436.83625,1880,314,0.43636363636363634,68.75,1703.21
14548.0,134,8,2301.09,550,287.63625,893,66,0.43636363636363634,68.75,326.4
14549.0,128,4,916.5500000000001,554,229.13750000000002,395,117,0.21660649819494585,138.5,0.0
14550.0,205,2,587.69,300,293.845,382,46,0.2,150.0,765.62
14551.0,21,6,819.24,498,136.54,447,68,0.3614457831325301,83.0,60.8
14552.0,197,2,346.21,409,173.105,170,80,0.1466992665036675,204.5,165.07
14553.0,35,6,1294.59,326,215.765,829,169,0.5521472392638037,54.333333333333336,546.95
14555.0,119,5,2189.43,538,437.88599999999997,818,93,0.2788104089219331,107.6,126.2
14556.0,413,3,835.34,505,278.44666666666666,331,158,0.1782178217821782,168.33333333333334,0.0
14558.0,471,3,655.5,548,218.5,162,13,0.1642335766423358,182.66666666666666,0.0
14559.0,207,1,75.6,207,75.6,72,2,0.14492753623188406,207.0,0.0
14560.0,13,31,5108.26,554,164.7825806451613,3555,51,1.6787003610108302,17.870967741935484,1005.77
14561.0,1,1,222.07,1,222.07,183,16,30.0,1.0,858.6899999999999
14562.0,49,11,2570.73,487,233.7027272727273,1208,157,0.6776180698151951,44.27272727272727,4158.67
14563.0,326,2,679.44,409,339.72,335,95,0.1466992665036675,204.5,0.0
14564.0,251,2,2605.62,552,1302.81,1295,107,0.10869565217391304,276.0,0.0
14565.0,22,3,2637.65,290,879.2166666666667,1299,104,0.3103448275862069,96.66666666666667,1221.57
14566.0,234,3,2660.0,350,886.6666666666666,1600,8,0.2571428571428572,116.66666666666667,1432.0
14568.0,252,1,919.7,252,919.7,645,47,0.11904761904761904,252.0,0.0
14569.0,269,3,371.59,420,123.86333333333333,179,21,0.21428571428571427,140.0,227.39
14570.0,97,3,613.75,260,204.58333333333334,431,64,0.34615384615384615,86.66666666666667,0.0
14571.0,242,1,161.65,242,161.65,57,30,0.12396694214876033,242.0,0.0
14572.0,71,7,3860.27,438,551.4671428571429,1969,251,0.4794520547945205,62.57142857142857,1754.91
14573.0,17,11,2346.9,517,213.35454545454547,747,177,0.6382978723404256,47.0,274.52
14574.0,549,1,143.70000000000002,549,143.70000000000002,63,11,0.0546448087431694,549.0,0.0
14575.0,305,1,460.71,305,460.71,176,71,0.09836065573770492,305.0,0.0
14576.0,189,1,70.80000000000001,189,70.80000000000001,24,1,0.15873015873015872,189.0,0.0
14577.0,49,5,982.5500000000001,545,196.51000000000002,411,80,0.27522935779816515,109.0,391.7
14579.0,249,1,105.56,249,105.56,56,24,0.12048192771084336,249.0,0.0
14580.0,335,1,14.850000000000001,335,14.850000000000001,3,1,0.08955223880597014,335.0,0.0
14581.0,361,1,295.2,361,295.2,92,43,0.08310249307479224,361.0,138.6
14583.0,2,5,1042.81,438,208.56199999999998,616,216,0.3424657534246575,87.6,738.22
14584.0,14,6,1180.45,477,196.74166666666667,763,114,0.37735849056603776,79.5,567.46
14585.0,199,4,986.22,233,246.555,539,64,0.5150214592274678,58.25,157.05
14586.0,93,1,237.36,93,237.36,444,19,0.32258064516129037,93.0,0.0
14587.0,1,8,1473.53,148,184.19125,728,166,1.6216216216216217,18.5,127.61
14588.0,395,1,135.39,395,135.39,62,16,0.0759493670886076,395.0,0.0
14589.0,188,1,79.5,188,79.5,10,3,0.1595744680851064,188.0,0.0
14590.0,241,20,3006.62,549,150.331,904,124,1.092896174863388,27.45,0.0
14591.0,30,1,250.22,30,250.22,105,33,1.0,30.0,1196.92
14593.0,15,11,3433.61,547,312.1463636363637,1661,369,0.6032906764168191,49.72727272727273,278.4
14594.0,190,1,510.0,190,510.0,292,31,0.15789473684210525,190.0,124.83
14595.0,130,3,587.6500000000001,505,195.88333333333335,326,30,0.1782178217821782,168.33333333333334,1576.8
14596.0,443,1,229.47,443,229.47,79,50,0.06772009029345372,443.0,0.0
14597.0,8,5,1483.49,254,296.698,988,44,0.5905511811023622,50.8,718.05
14598.0,386,1,162.07,386,162.07,165,40,0.07772020725388601,386.0,221.97
14599.0,207,2,474.54,326,237.27,295,77,0.18404907975460122,163.0,0.0
14600.0,122,2,865.1700000000001,210,432.58500000000004,487,53,0.28571428571428575,105.0,0.0
14602.0,473,1,205.35999999999999,473,205.35999999999999,80,31,0.06342494714587738,473.0,0.0
14603.0,91,1,660.0,91,660.0,400,2,0.3296703296703297,91.0,0.0
14604.0,450,1,143.85999999999999,450,143.85999999999999,88,20,0.06666666666666667,450.0,0.0
14605.0,191,4,937.16,548,234.29,424,88,0.218978102189781,137.0,0.0
14606.0,2,149,25701.14,553,172.49087248322147,12938,1180,8.083182640144665,3.7114093959731544,5159.92
14607.0,78,9,8063.13,541,895.9033333333333,4119,76,0.49907578558225507,60.111111111111114,16074.5
14608.0,179,8,1771.79,550,221.47375,538,10,0.43636363636363634,68.75,1581.15
14609.0,113,7,1028.6399999999999,485,146.9485714285714,8094,6,0.4329896907216495,69.28571428571429,457.56
14610.0,212,2,24.35,331,12.175,15,10,0.18126888217522658,165.5,0.0
14611.0,260,2,604.3299999999999,415,302.16499999999996,582,37,0.14457831325301207,207.5,0.0
14612.0,232,1,877.7,232,877.7,134,14,0.12931034482758622,232.0,0.0
14613.0,497,1,76.32000000000001,497,76.32000000000001,72,1,0.06036217303822938,497.0,0.0
14614.0,203,1,295.13,203,295.13,189,19,0.1477832512315271,203.0,0.0
14615.0,211,5,951.76,365,190.352,495,40,0.410958904109589,73.0,0.0
14616.0,59,5,527.78,365,105.556,170,3,0.410958904109589,73.0,0.0
14617.0,219,2,190.47000000000003,232,95.23500000000001,81,7,0.25862068965517243,116.0,0.0
14618.0,154,5,1000.6800000000001,363,200.13600000000002,532,35,0.4132231404958678,72.6,341.64
14619.0,62,2,1291.24,358,645.62,594,58,0.1675977653631285,179.0,0.0
14620.0,22,2,412.78000000000003,100,206.39000000000001,214,26,0.6,50.0,0.0
14621.0,4,6,1848.52,500,308.08666666666664,995,88,0.36,83.33333333333333,1152.05
14622.0,1,1,320.58000000000004,1,320.58000000000004,146,21,30.0,1.0,0.0
14623.0,3,7,1568.19,419,224.02714285714288,835,157,0.5011933174224343,59.857142857142854,491.39
14624.0,232,4,588.22,421,147.055,483,30,0.2850356294536817,105.25,225.85
14625.0,13,11,4497.88,540,408.89818181818185,2155,167,0.6111111111111112,49.09090909090909,0.0
14626.0,50,8,3206.55,546,400.81875,2164,112,0.43956043956043955,68.25,2204.37
14627.0,196,1,462.75,196,462.75,284,29,0.1530612244897959,196.0,0.0
14628.0,59,4,1657.6200000000001,500,414.40500000000003,981,60,0.24,125.0,340.38
14630.0,301,1,338.65,301,338.65,111,21,0.09966777408637874,301.0,0.0
14631.0,52,5,1648.79,304,329.758,1137,55,0.4934210526315789,60.8,376.90000000000003
14632.0,79,1,114.56,79,114.56,96,8,0.37974683544303794,79.0,0.0
14633.0,83,1,344.90000000000003,83,344.90000000000003,96,20,0.3614457831325301,83.0,0.0
14634.0,254,4,2124.46,358,531.115,1906,105,0.335195530726257,89.5,0.0
14635.0,270,1,215.22,270,215.22,118,15,0.11111111111111112,270.0,0.0
14636.0,85,1,300.19,85,300.19,117,16,0.3529411764705882,85.0,309.66
14637.0,494,1,106.67999999999999,494,106.67999999999999,100,7,0.06072874493927126,494.0,0.0
14639.0,108,5,3229.6,478,645.92,1490,133,0.3138075313807531,95.6,1749.36
14640.0,44,5,1955.43,503,391.086,944,105,0.29821073558648115,100.6,1711.63
14643.0,175,4,1344.02,545,336.005,948,42,0.22018348623853212,136.25,335.87
14644.0,115,6,1604.46,553,267.41,578,37,0.325497287522604,92.16666666666667,643.26
14645.0,92,2,519.9,451,259.95,284,26,0.13303769401330376,225.5,356.99
14646.0,8,105,364532.42,554,3471.737333333333,251910,729,5.6859205776173285,5.276190476190476,164070.1
14647.0,18,2,519.97,340,259.985,180,42,0.1764705882352941,170.0,0.0
14648.0,233,15,4546.86,546,303.12399999999997,3326,286,0.8241758241758241,36.4,0.0
14649.0,29,7,2942.24,505,420.32,1796,301,0.4158415841584158,72.14285714285714,833.0699999999999
14650.0,406,1,62.5,406,62.5,22,4,0.07389162561576355,406.0,0.0
14651.0,28,8,1795.84,448,224.48,728,185,0.5357142857142857,56.0,238.28
14653.0,155,6,2011.8,554,335.3,1331,150,0.3249097472924188,92.33333333333333,1602.74
14654.0,555,1,246.86,555,246.86,273,27,0.05405405405405406,555.0,0.0
14655.0,39,4,2756.84,413,689.21,1774,55,0.2905569007263923,103.25,1121.67
14656.0,100,4,656.71,420,164.1775,238,112,0.28571428571428575,105.0,157.94
14657.0,99,4,1137.05,252,284.2625,690,120,0.47619047619047616,63.0,323.82
14659.0,4,5,1381.76,132,276.352,650,96,1.1363636363636365,26.4,1148.17
14662.0,51,6,1170.02,553,195.00333333333333,673,139,0.325497287522604,92.16666666666667,246.31
14663.0,247,2,490.6,247,245.3,397,60,0.24291497975708504,123.5,0.0
14665.0,113,5,1645.6100000000001,409,329.122,672,78,0.36674816625916873,81.8,1104.04
14667.0,31,40,16639.75,554,415.99375,10067,473,2.1660649819494586,13.85,5287.39
14668.0,262,1,111.63,262,111.63,49,10,0.11450381679389313,262.0,0.0
14669.0,58,7,3243.93,554,463.4185714285714,2054,334,0.3790613718411552,79.14285714285714,0.0
14670.0,97,3,602.0,549,200.66666666666666,434,159,0.16393442622950818,183.0,0.0
14671.0,366,2,1127.45,385,563.725,571,48,0.15584415584415584,192.5,0.0
14672.0,51,4,1113.14,497,278.285,646,93,0.24144869215291753,124.25,0.0
14673.0,184,3,2047.9,226,682.6333333333333,1244,65,0.39823008849557523,75.33333333333333,1362.91
14674.0,326,1,173.66,326,173.66,103,14,0.09202453987730061,326.0,0.0
14675.0,205,1,462.15,205,462.15,385,114,0.14634146341463414,205.0,604.75
14676.0,24,9,6957.07,456,773.0077777777777,7372,66,0.5921052631578947,50.666666666666664,1399.72
14677.0,409,1,184.91,409,184.91,139,14,0.07334963325183375,409.0,0.0
14678.0,396,1,403.39,396,403.39,179,24,0.07575757575757576,396.0,0.0
14679.0,198,3,1289.44,548,429.81333333333333,794,49,0.1642335766423358,182.66666666666666,0.0
14680.0,15,51,43192.54,552,846.9125490196078,20488,215,2.7717391304347823,10.823529411764707,14220.23
14681.0,28,4,770.1500000000001,470,192.53750000000002,144,18,0.2553191489361702,117.5,105.0
14682.0,4,6,1514.81,489,252.46833333333333,949,79,0.36809815950920244,81.5,0.0
14683.0,405,1,146.56,405,146.56,386,21,0.07407407407407407,405.0,0.0
14684.0,32,3,751.53,207,250.51,481,195,0.43478260869565216,69.0,717.02
14685.0,393,8,4619.79,543,577.47375,2012,109,0.44198895027624313,67.875,0.0
14686.0,231,5,885.83,476,177.166,475,185,0.3151260504201681,95.2,0.0
14687.0,217,2,773.6800000000001,368,386.84000000000003,380,23,0.16304347826086957,184.0,628.38
14688.0,15,17,4870.38,273,286.4929411764706,4026,152,1.8681318681318682,16.058823529411764,2843.19
14689.0,25,1,112.8,25,112.8,76,13,1.2,25.0,0.0
14690.0,209,2,422.63,227,211.315,174,43,0.2643171806167401,113.5,371.7
14691.0,29,1,439.6,29,439.6,162,17,1.0344827586206897,29.0,1674.73
14692.0,52,11,1633.84,434,148.5309090909091,869,95,0.7603686635944701,39.45454545454545,111.25
14693.0,81,7,1165.36,342,166.48,388,43,0.6140350877192982,48.857142857142854,0.0
14694.0,434,1,244.31,434,244.31,193,15,0.06912442396313365,434.0,0.0
14695.0,336,3,1620.07,549,540.0233333333333,678,76,0.16393442622950818,183.0,0.0
14696.0,4,5,1860.34,238,372.068,1272,88,0.6302521008403362,47.6,907.5600000000001
14697.0,35,2,188.60999999999999,35,94.30499999999999,181,22,1.7142857142857142,17.5,0.0
14699.0,31,4,702.6,342,175.65,484,45,0.3508771929824561,85.5,0.0
14700.0,6,4,2438.56,302,609.64,1150,88,0.3973509933774834,75.5,677.6999999999999
14701.0,64,11,3763.47,501,342.13363636363636,1425,363,0.6586826347305389,45.54545454545455,798.62
14702.0,98,18,4684.2300000000005,546,260.235,2015,240,0.989010989010989,30.333333333333332,2069.9900000000002
14704.0,241,2,266.66,441,133.33,127,53,0.1360544217687075,220.5,1546.91
14705.0,15,1,179.0,15,179.0,100,1,2.0,15.0,0.0
14706.0,435,1,390.69,435,390.69,263,25,0.06896551724137931,435.0,0.0
14707.0,252,2,139.2,393,69.6,96,1,0.15267175572519084,196.5,0.0
14708.0,185,3,1504.97,272,501.6566666666667,1238,14,0.3308823529411765,90.66666666666667,707.31
14709.0,4,17,5908.33,551,347.5488235294118,2577,85,0.9255898366606171,32.411764705882355,2978.0
14710.0,196,9,1316.46,553,146.27333333333334,773,203,0.488245931283906,61.44444444444444,606.13
14711.0,2,6,1603.99,79,267.33166666666665,679,138,2.278481012658228,13.166666666666666,1264.81
14712.0,235,1,411.0,235,411.0,96,7,0.1276595744680851,235.0,917.07
14713.0,3,17,4202.15,553,247.18529411764703,2699,185,0.9222423146473779,32.529411764705884,1216.72
14714.0,224,3,746.05,504,248.6833333333333,413,59,0.17857142857142855,168.0,160.19
14715.0,115,6,1220.52,506,203.42,641,69,0.3557312252964427,84.33333333333333,619.9300000000001
14716.0,261,1,235.77,261,235.77,148,44,0.11494252873563218,261.0,329.68
14717.0,550,1,81.3,550,81.3,32,11,0.05454545454545454,550.0,0.0
14718.0,227,1,226.42,227,226.42,202,11,0.13215859030837004,227.0,0.0
14719.0,66,1,223.46,66,223.46,188,40,0.4545454545454546,66.0,1378.67
14721.0,196,1,115.77,196,115.77,59,24,0.1530612244897959,196.0,0.0
14722.0,294,2,325.45,303,162.725,102,53,0.19801980198019803,151.5,187.92000000000002
14723.0,175,8,1405.76,552,175.72,819,180,0.43478260869565216,69.0,687.3000000000001
14724.0,407,1,345.25,407,345.25,187,40,0.07371007371007371,407.0,0.0
14725.0,211,3,597.16,351,199.0533333333333,747,41,0.25641025641025644,117.0,718.08
14726.0,471,1,124.75,471,124.75,91,15,0.06369426751592357,471.0,0.0
14727.0,91,3,467.92999999999995,363,155.97666666666666,468,43,0.24793388429752067,121.0,0.0
14728.0,230,1,190.58,230,190.58,68,14,0.13043478260869565,230.0,0.0
14729.0,190,3,907.38,442,302.46,574,126,0.20361990950226244,147.33333333333334,0.0
14730.0,49,3,555.6,93,185.20000000000002,328,80,0.967741935483871,31.0,1449.46
14731.0,22,2,251.01999999999998,29,125.50999999999999,182,23,2.0689655172413794,14.5,129.0
14732.0,3,15,4097.78,547,273.1853333333333,1608,128,0.8226691042047531,36.46666666666667,1419.29
14733.0,21,11,14506.64,219,1318.7854545454545,5990,133,1.506849315068493,19.90909090909091,1678.3300000000002
14734.0,242,4,1056.42,368,264.105,378,48,0.32608695652173914,92.0,0.0
14735.0,13,41,8729.880000000001,552,212.9239024390244,3112,158,2.2282608695652173,13.463414634146341,3510.28
14736.0,302,2,401.08,302,200.54,164,70,0.1986754966887417,151.0,0.0
14737.0,170,2,2823.62,217,1411.81,876,28,0.2764976958525346,108.5,730.55
14738.0,16,6,1033.14,549,172.19000000000003,375,41,0.32786885245901637,91.5,788.76
14739.0,36,21,9692.84,554,461.56380952380954,7426,116,1.1371841155234657,26.38095238095238,2594.66
14740.0,14,11,4161.06,469,378.27818181818185,2081,173,0.7036247334754798,42.63636363636363,0.0
14741.0,178,3,992.55,234,330.84999999999997,689,26,0.3846153846153846,78.0,905.04
14742.0,252,1,579.85,252,579.85,374,34,0.11904761904761904,252.0,0.0
14743.0,409,1,50.48,409,50.48,40,3,0.07334963325183375,409.0,0.0
14744.0,114,12,3713.13,387,309.4275,2439,53,0.9302325581395349,32.25,171.95
14745.0,1,9,1933.22,454,214.8022222222222,1410,58,0.5947136563876653,50.44444444444444,638.59
14746.0,223,4,593.5,240,148.375,398,7,0.5,60.0,0.0
14747.0,66,1,328.2,66,328.2,84,18,0.4545454545454546,66.0,0.0
14748.0,29,8,2507.7,462,313.4625,2138,94,0.5194805194805194,57.75,644.62
14749.0,296,1,310.15,296,310.15,403,18,0.10135135135135136,296.0,0.0
14750.0,553,1,112.03,553,112.03,65,32,0.054249547920433995,553.0,0.0
14751.0,501,2,126.45,543,63.225,65,7,0.11049723756906078,271.5,0.0
14753.0,277,1,306.36,277,306.36,201,18,0.10830324909747292,277.0,563.15
14754.0,112,5,1140.7,507,228.14000000000001,698,90,0.2958579881656805,101.4,409.78
14755.0,24,18,6824.78,553,379.15444444444444,2941,184,0.976491862567812,30.72222222222222,3147.77
14756.0,199,2,1914.8,241,957.4,1007,68,0.24896265560165975,120.5,738.96
14758.0,22,6,2587.85,427,431.30833333333334,740,84,0.4215456674473068,71.16666666666667,277.12
14759.0,49,1,572.25,49,572.25,119,35,0.6122448979591836,49.0,1053.72
14760.0,114,1,89.2,114,89.2,40,5,0.2631578947368421,114.0,0.0
14761.0,151,2,289.52,261,144.76,146,20,0.22988505747126436,130.5,158.4
14762.0,80,2,417.57,443,208.785,428,28,0.13544018058690743,221.5,0.0
14766.0,30,8,5248.97,368,656.12125,3447,203,0.6521739130434783,46.0,1307.16
14767.0,291,1,382.81,291,382.81,117,18,0.10309278350515463,291.0,0.0
14769.0,18,13,10934.48,540,841.1138461538461,7741,616,0.7222222222222222,41.53846153846154,4837.4
14770.0,49,8,3637.64,469,454.705,1598,152,0.511727078891258,58.625,0.0
14771.0,438,2,594.62,553,297.31,622,46,0.10849909584086799,276.5,0.0
14773.0,409,1,140.55,409,140.55,53,10,0.07334963325183375,409.0,0.0
14774.0,345,1,241.45,345,241.45,99,13,0.08695652173913043,345.0,0.0
14775.0,189,1,813.12,189,813.12,768,20,0.15873015873015872,189.0,605.3399999999999
14776.0,35,7,2244.6,263,320.65714285714284,2828,62,0.7984790874524714,37.57142857142857,1463.7
14777.0,220,1,307.56,220,307.56,212,16,0.13636363636363635,220.0,0.0
14778.0,125,1,334.05,125,334.05,141,18,0.24,125.0,396.81
14779.0,97,3,386.15,140,128.71666666666667,84,40,0.6428571428571429,46.666666666666664,0.0
14782.0,136,1,200.10000000000002,136,200.10000000000002,114,6,0.22058823529411764,136.0,0.0
14783.0,476,1,307.3,476,307.3,262,17,0.06302521008403361,476.0,0.0
14784.0,140,2,274.62,206,137.31,182,14,0.2912621359223301,103.0,175.31
14786.0,367,1,90.96,367,90.96,112,7,0.08174386920980926,367.0,0.0
14787.0,288,1,110.65,288,110.65,59,14,0.10416666666666666,288.0,0.0
14788.0,413,1,476.88,413,476.88,298,28,0.07263922518159807,413.0,679.4399999999999
14790.0,70,7,1933.72,545,276.2457142857143,2079,54,0.3853211009174312,77.85714285714286,592.9
14791.0,423,1,303.63,423,303.63,127,19,0.07092198581560283,423.0,0.0
14793.0,352,1,396.91,352,396.91,270,25,0.08522727272727273,352.0,228.99
14794.0,20,7,1313.53,304,187.64714285714285,421,57,0.6907894736842105,43.42857142857143,640.37
14796.0,34,19,6345.9,542,333.9947368421052,3982,313,1.051660516605166,28.526315789473685,4543.74
14797.0,324,1,300.31,324,300.31,99,16,0.09259259259259259,324.0,0.0
14798.0,127,6,626.25,465,104.375,527,26,0.3870967741935484,77.5,98.06
14799.0,554,1,180.45,554,180.45,349,10,0.05415162454873646,554.0,157.7
14800.0,8,12,6828.64,252,569.0533333333334,6002,286,1.4285714285714284,21.0,945.6800000000001
14802.0,255,2,1502.98,255,751.49,2,1,0.23529411764705882,127.5,0.0
14803.0,92,2,730.79,109,365.395,264,15,0.5504587155963303,54.5,114.76
14805.0,130,4,659.24,438,164.81,335,82,0.273972602739726,109.5,445.4
14806.0,256,1,110.03999999999999,256,110.03999999999999,93,9,0.1171875,256.0,193.39000000000001
14807.0,207,2,519.29,466,259.645,247,37,0.12875536480686695,233.0,0.0
14809.0,438,2,686.76,438,343.38,232,18,0.136986301369863,219.0,0.0
14810.0,15,10,1727.84,246,172.784,842,100,1.2195121951219512,24.6,809.18
14811.0,204,1,170.5,204,170.5,74,28,0.14705882352941177,204.0,0.0
14812.0,415,1,185.8,415,185.8,136,36,0.07228915662650603,415.0,0.0
14813.0,186,4,1090.87,427,272.7175,474,110,0.2810304449648712,106.75,0.0
14814.0,398,1,160.46,398,160.46,96,28,0.07537688442211056,398.0,0.0
14816.0,14,1,271.85,14,271.85,5,4,2.142857142857143,14.0,0.0
14817.0,17,7,3959.86,444,565.6942857142857,2462,142,0.4729729729729729,63.42857142857143,0.0
14818.0,70,4,630.86,464,157.715,253,62,0.25862068965517243,116.0,539.55
14819.0,9,3,282.81,535,94.27,112,43,0.16822429906542055,178.33333333333334,187.35
14820.0,197,5,767.47,494,153.494,471,31,0.30364372469635625,98.8,507.29
14821.0,183,7,1286.45,493,183.77857142857144,485,65,0.4259634888438134,70.42857142857143,0.0
14822.0,302,1,157.70000000000002,302,157.70000000000002,94,9,0.09933774834437085,302.0,0.0
14823.0,11,2,210.65,11,105.325,48,38,5.454545454545455,5.5,110.78
14824.0,196,6,2895.2000000000003,454,482.53333333333336,1429,76,0.39647577092511016,75.66666666666667,1127.71
14825.0,21,17,3724.04,429,219.06117647058824,2269,170,1.1888111888111887,25.235294117647058,1201.04
14826.0,398,2,385.2,512,192.6,152,10,0.1171875,256.0,0.0
14828.0,13,13,9839.460000000001,549,756.8815384615385,9718,72,0.7103825136612022,42.23076923076923,0.0
14829.0,1,6,1526.92,253,254.48666666666668,1059,72,0.7114624505928854,42.166666666666664,165.92
14831.0,497,3,1676.57,554,558.8566666666667,885,67,0.1624548736462094,184.66666666666666,0.0
14832.0,447,1,322.69,447,322.69,1,1,0.06711409395973154,447.0,0.0
14833.0,315,1,94.8,315,94.8,58,7,0.09523809523809523,315.0,0.0
14834.0,57,2,729.55,224,364.775,219,28,0.26785714285714285,112.0,1476.61
14835.0,345,2,297.0,434,148.5,180,1,0.1382488479262673,217.0,0.0
14837.0,18,6,2303.08,501,383.84666666666664,1932,114,0.3592814371257485,83.5,1157.24
14838.0,240,2,773.6700000000001,553,386.83500000000004,362,69,0.10849909584086799,276.5,0.0
14839.0,235,3,915.28,521,305.0933333333333,927,61,0.17274472168905952,173.66666666666666,0.0
14840.0,84,2,362.71,356,181.355,179,20,0.16853932584269662,178.0,0.0
14841.0,91,11,5649.09,554,513.5536363636364,3337,166,0.5956678700361011,50.36363636363637,1513.91
14842.0,8,2,1688.48,125,844.24,633,77,0.48,62.5,1136.21
14843.0,253,1,211.79999999999998,253,211.79999999999998,132,9,0.11857707509881422,253.0,0.0
14844.0,58,7,4387.17,423,626.7385714285714,3118,122,0.49645390070921985,60.42857142857143,2315.26
14845.0,416,1,150.0,416,150.0,600,1,0.07211538461538462,416.0,0.0
14846.0,244,1,437.4,244,437.4,193,12,0.12295081967213116,244.0,0.0
14847.0,224,2,1039.55,381,519.775,413,47,0.15748031496062992,190.5,309.4
14848.0,221,1,310.56,221,310.56,260,11,0.13574660633484165,221.0,0.0
14849.0,30,28,10245.82,515,365.92214285714283,7871,194,1.6310679611650485,18.392857142857142,5517.63
14850.0,128,7,1794.01,385,256.28714285714284,1408,129,0.5454545454545454,55.0,0.0
14851.0,73,2,524.19,447,262.095,445,24,0.1342281879194631,223.5,305.22
14852.0,69,13,3800.89,461,292.37615384615384,2992,92,0.8459869848156182,35.46153846153846,2346.29
14853.0,28,4,1115.57,422,278.8925,297,21,0.28436018957345977,105.5,261.3
14854.0,44,7,2754.36,503,393.48,1850,110,0.41749502982107356,71.85714285714286,1568.5
14855.0,291,5,5874.65,427,1174.9299999999998,3243,156,0.351288056206089,85.4,645.65
14857.0,259,5,2478.731,451,495.74620000000004,1617,125,0.33259423503325947,90.2,1173.12
14858.0,322,1,180.75,322,180.75,105,11,0.09316770186335403,322.0,0.0
14859.0,21,2,648.76,371,324.38,426,17,0.16172506738544476,185.5,1056.88
14861.0,197,9,1254.94,548,139.4377777777778,959,58,0.4927007299270073,60.888888888888886,125.79
14865.0,189,3,114.72,555,38.24,288,3,0.16216216216216217,185.0,15.0
14866.0,183,8,6564.0,287,820.5,2625,13,0.8362369337979094,35.875,14286.22
14867.0,2,16,2952.06,551,184.50375,996,67,0.8711433756805808,34.4375,0.0
14868.0,50,5,1669.75,237,333.95,1056,80,0.6329113924050632,47.4,2514.26
14869.0,205,4,2078.54,540,519.635,1588,136,0.22222222222222224,135.0,725.7
14870.0,78,6,1838.95,500,306.4916666666667,483,43,0.36,83.33333333333333,0.0
14871.0,72,7,985.19,555,140.74142857142857,345,89,0.37837837837837834,79.28571428571429,273.78000000000003
14872.0,300,3,816.6,450,272.2,662,34,0.2,150.0,0.0
14873.0,27,2,854.13,450,427.065,311,48,0.13333333333333333,225.0,0.0
14874.0,352,1,116.18,352,116.18,148,6,0.08522727272727273,352.0,0.0
14875.0,79,2,1759.08,258,879.54,874,47,0.23255813953488372,129.0,1103.32
14876.0,338,2,256.7,378,128.35,162,12,0.15873015873015872,189.0,0.0
14877.0,235,2,437.0,459,218.5,171,57,0.13071895424836602,229.5,0.0
14878.0,18,20,3471.44,473,173.572,2155,149,1.2684989429175475,23.65,633.8
14879.0,501,1,185.06,501,185.06,104,27,0.05988023952095808,501.0,0.0
14880.0,2,2,363.27,105,181.635,245,25,0.5714285714285715,52.5,342.92
14882.0,207,12,3038.4500000000003,436,253.20416666666668,1482,31,0.8256880733944955,36.333333333333336,589.7
14883.0,28,1,310.56,28,310.56,234,19,1.0714285714285714,28.0,451.03
14884.0,486,1,120.6,486,120.6,72,8,0.0617283950617284,486.0,0.0
14885.0,244,2,832.8,282,416.4,584,16,0.2127659574468085,141.0,765.3199999999999
14886.0,69,1,364.8,69,364.8,160,18,0.43478260869565216,69.0,0.0
14888.0,24,1,369.2,24,369.2,184,20,1.25,24.0,0.0
14889.0,153,1,135.9,153,135.9,90,10,0.19607843137254902,153.0,0.0
14890.0,70,3,817.25,476,272.4166666666667,636,55,0.18907563025210083,158.66666666666666,0.0
14891.0,4,3,1001.73,253,333.91,717,52,0.3557312252964427,84.33333333333333,105.0
14892.0,507,1,202.35000000000002,507,202.35000000000002,79,13,0.0591715976331361,507.0,0.0
14893.0,434,1,571.76,434,571.76,248,33,0.06912442396313365,434.0,1237.8500000000001
14894.0,260,2,837.0600000000001,554,418.53000000000003,338,23,0.10830324909747292,277.0,655.75
14895.0,21,21,17900.61,546,852.4100000000001,7369,341,1.153846153846154,26.0,7218.93
14896.0,21,8,2092.42,550,261.5525,1117,150,0.43636363636363634,68.75,0.0
14897.0,113,5,1949.66,541,389.932,816,65,0.27726432532347506,108.2,1190.88
14898.0,57,12,2815.22,553,234.60166666666666,1648,135,0.650994575045208,46.083333333333336,692.59
14899.0,212,1,1384.88,212,1384.88,586,126,0.14150943396226415,212.0,0.0
14900.0,339,1,13.919999999999998,339,13.919999999999998,48,1,0.08849557522123894,339.0,0.0
14901.0,177,6,1365.41,315,227.56833333333336,598,61,0.5714285714285715,52.5,924.24
14902.0,212,2,702.96,370,351.48,498,34,0.16216216216216217,185.0,332.66
14903.0,17,3,1800.23,95,600.0766666666667,924,156,0.9473684210526316,31.666666666666668,1010.4
14904.0,225,2,615.2,244,307.6,564,62,0.24590163934426232,122.0,1025.44
14905.0,50,7,1663.79,553,237.68428571428572,863,43,0.37974683544303794,79.0,307.6
14906.0,262,1,68.44,262,68.44,1,1,0.11450381679389313,262.0,0.0
14907.0,177,12,3625.38,419,302.115,1490,82,0.8591885441527447,34.916666666666664,2540.41
14908.0,280,1,104.10000000000001,280,104.10000000000001,50,5,0.10714285714285714,280.0,277.8
14909.0,254,3,1404.68,480,468.2266666666667,888,61,0.1875,160.0,0.0
14911.0,1,261,194552.98,555,745.4137164750958,90490,2004,14.108108108108109,2.1264367816091956,101419.65
14912.0,63,5,1504.1899999999998,499,300.83799999999997,1293,37,0.3006012024048096,99.8,385.06
14913.0,90,6,3461.53,302,576.9216666666667,3119,149,0.5960264900662252,50.333333333333336,611.6
14915.0,94,10,1646.05,553,164.605,671,63,0.5424954792043399,55.3,165.20000000000002
14916.0,141,5,2069.02,434,413.804,1522,62,0.3456221198156682,86.8,973.93
14917.0,413,2,1123.75,413,561.875,891,29,0.14527845036319614,206.5,0.0
14918.0,221,7,4345.66,427,620.8085714285714,1876,64,0.49180327868852464,61.0,1610.15
14919.0,356,1,359.35,356,359.35,129,13,0.08426966292134831,356.0,0.0
14920.0,29,3,1607.17,382,535.7233333333334,886,90,0.2356020942408377,127.33333333333333,0.0
14921.0,18,1,903.01,18,903.01,631,53,1.6666666666666665,18.0,413.06
14922.0,210,2,843.74,324,421.87,376,49,0.18518518518518517,162.0,0.0
14924.0,62,3,931.01,456,310.33666666666664,312,30,0.19736842105263158,152.0,0.0
14926.0,198,2,359.4,415,179.7,204,2,0.14457831325301207,207.5,0.0
14927.0,213,1,308.2,213,308.2,196,20,0.14084507042253522,213.0,0.0
14928.0,444,1,223.91000000000003,444,223.91000000000003,268,21,0.06756756756756757,444.0,0.0
14929.0,238,1,612.8100000000001,238,612.8100000000001,351,23,0.12605042016806722,238.0,223.88
14930.0,91,4,3977.9,423,994.475,1734,166,0.2836879432624113,105.75,1268.73
14931.0,23,2,586.0,57,293.0,98,10,1.0526315789473684,28.5,671.6800000000001
14932.0,182,2,1029.66,202,514.83,337,29,0.297029702970297,101.0,0.0
14933.0,260,4,1770.0,261,442.5,600,1,0.45977011494252873,65.25,0.0
14934.0,99,4,2441.4,258,610.35,1517,89,0.46511627906976744,64.5,1062.1
14935.0,114,2,2849.83,436,1424.915,1931,25,0.13761467889908258,218.0,0.0
14936.0,92,5,5850.15,400,1170.03,3133,186,0.375,80.0,6560.66
14938.0,379,2,2322.43,379,1161.215,1369,71,0.15831134564643798,189.5,0.0
14940.0,234,2,531.49,550,265.745,384,32,0.10909090909090909,275.0,0.0
14941.0,395,1,182.1,395,182.1,80,7,0.0759493670886076,395.0,0.0
14942.0,218,4,746.56,546,186.64,354,12,0.21978021978021978,136.5,0.0
14943.0,480,1,107.62,480,107.62,46,5,0.0625,480.0,0.0
14944.0,3,12,5716.45,477,476.37083333333334,3050,134,0.7547169811320755,39.75,4068.2200000000003
14945.0,230,1,179.4,230,179.4,156,11,0.13043478260869565,230.0,0.0
14947.0,205,4,758.97,441,189.7425,237,37,0.272108843537415,110.25,290.82
14948.0,36,1,278.4,36,278.4,72,13,0.8333333333333333,36.0,823.57
14949.0,286,4,515.0,538,128.75,250,16,0.22304832713754646,134.5,0.0
14952.0,23,28,13064.47,553,466.5882142857143,5409,209,1.5189873417721518,19.75,4564.88
14953.0,235,3,723.95,252,241.3166666666667,803,153,0.3571428571428571,84.0,289.82
14954.0,520,1,167.27,520,167.27,92,41,0.057692307692307696,520.0,336.17
14955.0,549,1,163.77,549,163.77,74,30,0.0546448087431694,549.0,0.0
14956.0,238,1,1325.0,238,1325.0,2500,4,0.12605042016806722,238.0,0.0
14957.0,70,2,333.29,461,166.645,105,27,0.1301518438177874,230.5,0.0
14958.0,2,5,850.54,553,170.108,229,46,0.27124773960216997,110.6,107.39999999999999
14959.0,32,2,422.38,113,211.19,342,31,0.5309734513274336,56.5,273.04
14961.0,49,18,12545.130000000001,552,696.9516666666667,6360,266,0.9782608695652174,30.666666666666668,3865.02
14962.0,87,4,366.91,401,91.7275,123,14,0.29925187032418954,100.25,0.0
14963.0,196,7,1676.68,342,239.5257142857143,1141,193,0.6140350877192982,48.857142857142854,1487.8
14964.0,64,1,206.21,64,206.21,143,13,0.46875,64.0,0.0
14966.0,204,5,924.5200000000001,541,184.90400000000002,911,93,0.27726432532347506,108.2,191.32
14967.0,258,5,1518.81,553,303.762,512,19,0.27124773960216997,110.6,463.8
14968.0,275,1,357.4,275,357.4,131,47,0.10909090909090909,275.0,147.59
14969.0,520,1,906.23,520,906.23,665,13,0.057692307692307696,520.0,0.0
14970.0,69,10,4109.54,480,410.954,847,56,0.625,48.0,809.81
14972.0,198,1,30.300000000000004,198,30.300000000000004,12,2,0.15151515151515152,198.0,114.77
14973.0,42,1,654.6,42,654.6,51,5,0.7142857142857142,42.0,659.85
14975.0,238,1,192.45,238,192.45,127,15,0.12605042016806722,238.0,279.94
14976.0,13,3,450.26,143,150.08666666666667,115,35,0.6293706293706294,47.666666666666664,340.6
14977.0,542,1,31.929999999999996,542,31.929999999999996,17,4,0.055350553505535055,542.0,0.0
14978.0,52,9,2748.0,407,305.3333333333333,632,159,0.6633906633906633,45.22222222222222,394.14
14979.0,552,1,439.46,552,439.46,213,42,0.05434782608695652,552.0,0.0
14980.0,554,1,150.68,554,150.68,79,24,0.05415162454873646,554.0,0.0
14981.0,63,2,372.92,240,186.46,241,20,0.25,120.0,0.0
14982.0,389,1,237.78,389,237.78,125,39,0.07712082262210797,389.0,0.0
14983.0,506,1,183.20000000000002,506,183.20000000000002,90,30,0.05928853754940711,506.0,0.0
14984.0,205,4,1058.1399999999999,514,264.53499999999997,290,11,0.23346303501945526,128.5,213.27
14985.0,15,2,296.75,175,148.375,260,78,0.34285714285714286,87.5,0.0
14986.0,193,2,566.9,501,283.45,342,87,0.11976047904191615,250.5,0.0
14987.0,182,7,1550.6499999999999,554,221.52142857142854,607,4,0.3790613718411552,79.14285714285714,163.2
14988.0,28,7,2066.6,419,295.2285714285714,1276,171,0.5011933174224343,59.857142857142854,0.0
14989.0,478,1,342.4,478,342.4,200,18,0.06276150627615062,478.0,0.0
14990.0,429,2,305.42,547,152.71,130,41,0.10968921389396709,273.5,0.0
14991.0,247,1,314.67,247,314.67,191,21,0.12145748987854252,247.0,0.0
14992.0,259,1,210.5,259,210.5,145,27,0.11583011583011583,259.0,0.0
14993.0,380,1,36.13,380,36.13,21,9,0.07894736842105263,380.0,0.0
14994.0,199,5,960.63,440,192.126,577,233,0.34090909090909094,88.0,0.0
14995.0,97,1,119.31,97,119.31,51,37,0.30927835051546393,97.0,113.92
14996.0,298,2,442.28999999999996,298,221.14499999999998,404,37,0.20134228187919462,149.0,0.0
14997.0,472,1,230.4,472,230.4,288,12,0.0635593220338983,472.0,546.1999999999999
14998.0,58,3,524.5,422,174.83333333333334,202,85,0.21327014218009477,140.66666666666666,246.23
14999.0,409,1,129.48000000000002,409,129.48000000000002,88,9,0.07334963325183375,409.0,0.0
15001.0,211,2,230.85999999999999,211,115.42999999999999,81,44,0.28436018957345977,105.5,0.0
15002.0,113,8,4323.11,513,540.38875,2181,194,0.4678362573099415,64.125,494.17
15003.0,290,6,1060.7,499,176.78333333333333,547,253,0.3607214428857715,83.16666666666667,0.0
15005.0,4,41,10740.75,555,261.969512195122,6414,494,2.2162162162162162,13.536585365853659,3365.45
15006.0,270,1,323.05,270,323.05,114,47,0.11111111111111112,270.0,502.09
15008.0,297,2,360.0,454,180.0,1500,6,0.13215859030837004,227.0,0.0
15011.0,212,2,416.6,233,208.3,289,17,0.2575107296137339,116.5,0.0
15012.0,190,2,628.64,393,314.32,334,107,0.15267175572519084,196.5,231.98
15013.0,304,10,1641.3,494,164.13,1747,177,0.6072874493927125,49.4,0.0
15015.0,318,13,2365.02,542,181.92461538461538,1593,158,0.7195571955719557,41.69230769230769,0.0
15016.0,210,4,460.26,360,115.065,171,77,0.33333333333333337,90.0,170.04
15018.0,69,2,402.59000000000003,184,201.29500000000002,115,17,0.32608695652173914,92.0,204.87
15019.0,83,1,266.0,83,266.0,159,64,0.3614457831325301,83.0,0.0
15020.0,196,1,203.42,196,203.42,112,27,0.1530612244897959,196.0,0.0
15021.0,35,6,1554.1,315,259.01666666666665,700,231,0.5714285714285715,52.5,1229.73
15022.0,494,1,281.05,494,281.05,113,19,0.06072874493927126,494.0,905.04
15023.0,35,13,8225.65,491,632.7423076923077,3819,386,0.7942973523421589,37.76923076923077,3945.03
15024.0,113,9,3102.27,241,344.69666666666666,1620,124,1.120331950207469,26.77777777777778,973.24
15025.0,385,1,636.08,385,636.08,326,72,0.07792207792207792,385.0,377.01
15026.0,57,4,823.39,265,205.8475,469,83,0.4528301886792453,66.25,238.22
15027.0,36,8,2783.57,441,347.94625,2621,52,0.54421768707483,55.125,412.03000000000003
15028.0,185,3,716.55,211,238.85,456,45,0.42654028436018954,70.33333333333333,441.16
15029.0,436,1,365.1,436,365.1,234,10,0.06880733944954129,436.0,0.0
15030.0,85,7,1614.39,462,230.62714285714287,1009,21,0.4545454545454546,66.0,365.52000000000004
15031.0,99,11,2639.27,548,239.93363636363637,1281,205,0.6021897810218978,49.81818181818182,517.31
15032.0,73,8,13780.65,546,1722.58125,8259,39,0.43956043956043955,68.25,0.0
15033.0,25,3,1169.14,146,389.71333333333337,667,151,0.6164383561643836,48.666666666666664,1417.53
15034.0,49,11,6669.62,394,606.329090909091,3699,308,0.8375634517766497,35.81818181818182,1643.78
15037.0,193,2,402.51,193,201.255,301,40,0.31088082901554404,96.5,0.0
15038.0,4,7,1121.82,242,160.26,352,176,0.8677685950413223,34.57142857142857,188.04
15039.0,1,73,34209.78,546,468.6271232876712,15627,487,4.010989010989011,7.47945205479452,5821.650000000001
15040.0,358,1,7.49,358,7.49,1,1,0.08379888268156425,358.0,0.0
15041.0,261,1,113.67,261,113.67,93,35,0.11494252873563218,261.0,180.35
15042.0,16,2,315.45,412,157.725,238,9,0.14563106796116504,206.0,0.0
15043.0,280,5,2336.7999999999997,350,467.35999999999996,731,39,0.42857142857142855,70.0,537.0
15044.0,24,29,13009.43,540,448.6010344827586,3846,256,1.6111111111111112,18.620689655172413,3194.9
15045.0,74,1,388.9,74,388.9,38,4,0.40540540540540543,74.0,346.76
15046.0,11,18,4916.08,511,273.11555555555555,2477,198,1.0567514677103718,28.38888888888889,2896.31
15047.0,86,1,343.62,86,343.62,222,22,0.3488372093023256,86.0,0.0
15048.0,37,2,355.15,185,177.575,154,58,0.32432432432432434,92.5,127.6
15049.0,90,1,121.17000000000002,90,121.17000000000002,63,3,0.33333333333333337,90.0,0.0
15050.0,238,2,2411.7,297,1205.85,1404,58,0.20202020202020202,148.5,1782.09
15051.0,196,6,2543.55,555,423.925,2042,113,0.32432432432432434,92.5,1391.61
15052.0,136,1,215.78,136,215.78,82,27,0.22058823529411764,136.0,0.0
15053.0,98,1,222.65,98,222.65,257,19,0.3061224489795918,98.0,475.14
15055.0,291,3,560.07,540,186.69000000000003,230,77,0.16666666666666669,180.0,0.0
15056.0,337,1,133.45,337,133.45,81,6,0.08902077151335312,337.0,0.0
15057.0,92,5,3255.96,551,651.192,1394,62,0.2722323049001815,110.2,0.0
15058.0,60,10,2025.8,470,202.57999999999998,937,157,0.6382978723404256,47.0,1384.23
15059.0,32,14,2754.87,550,196.77642857142857,1241,249,0.7636363636363637,39.285714285714285,768.7
15061.0,1,109,114565.0,555,1051.0550458715597,68076,116,5.891891891891891,5.091743119266055,23253.52
15062.0,34,7,2411.8,427,344.54285714285714,1650,95,0.49180327868852464,61.0,173.82
15063.0,30,1,370.79999999999995,30,370.79999999999995,56,5,1.0,30.0,0.0
15064.0,227,4,1254.41,534,313.6025,810,75,0.2247191011235955,133.5,0.0
15065.0,44,3,1575.13,227,525.0433333333334,784,79,0.39647577092511016,75.66666666666667,1751.73
15067.0,99,3,2981.17,424,993.7233333333334,1544,125,0.21226415094339623,141.33333333333334,896.71
15068.0,73,3,863.4499999999999,438,287.81666666666666,601,139,0.2054794520547945,146.0,313.4
15070.0,189,3,843.25,541,281.0833333333333,375,26,0.16635859519408502,180.33333333333334,0.0
15071.0,92,3,1062.16,387,354.05333333333334,312,31,0.23255813953488372,129.0,393.40000000000003
15072.0,296,1,187.51999999999998,296,187.51999999999998,164,13,0.10135135135135136,296.0,0.0
15073.0,2,7,2606.57,498,372.3671428571429,1347,109,0.4216867469879518,71.14285714285714,181.45
15074.0,246,2,817.46,284,408.73,608,31,0.2112676056338028,142.0,748.87
15076.0,309,2,566.89,339,283.445,295,30,0.17699115044247787,169.5,880.85
15077.0,311,2,2428.08,547,1214.04,528,28,0.10968921389396709,273.5,0.0
15078.0,7,35,12202.93,552,348.6551428571429,6009,99,1.9021739130434785,15.771428571428572,5558.95
15079.0,29,11,3767.35,548,342.48636363636365,1504,119,0.6021897810218978,49.81818181818182,0.0
15080.0,244,2,546.25,318,273.125,287,31,0.18867924528301888,159.0,0.0
15081.0,25,9,1708.97,352,189.88555555555556,729,65,0.7670454545454546,39.111111111111114,256.75
15082.0,485,1,93.35000000000001,485,93.35000000000001,43,6,0.061855670103092786,485.0,0.0
15083.0,73,1,88.2,73,88.2,38,5,0.410958904109589,73.0,0.0
15084.0,196,2,965.2,462,482.6,600,31,0.12987012987012986,231.0,0.0
15085.0,546,1,347.54,546,347.54,169,9,0.054945054945054944,546.0,0.0
15086.0,381,2,218.53,442,109.265,95,10,0.13574660633484165,221.0,0.0
15087.0,98,1,306.94,98,306.94,470,15,0.3061224489795918,98.0,0.0
15090.0,125,1,381.32,125,381.32,208,23,0.24,125.0,0.0
15091.0,491,2,565.9,491,282.95,236,27,0.12219959266802442,245.5,480.71
15092.0,32,3,776.46,279,258.82,230,39,0.32258064516129037,93.0,0.0
15093.0,23,21,13125.77,548,625.0366666666666,10834,104,1.1496350364963503,26.095238095238095,1200.34
15094.0,280,2,83.0,461,41.5,28,4,0.1301518438177874,230.5,0.0
15095.0,20,7,2541.54,504,363.07714285714286,1859,89,0.41666666666666663,72.0,600.1
15097.0,400,2,660.27,400,330.135,254,39,0.15,200.0,248.08
15100.0,150,7,2894.7,518,413.5285714285714,334,11,0.40540540540540543,74.0,0.0
15101.0,176,5,1262.69,407,252.538,469,48,0.36855036855036855,81.4,215.25
15102.0,347,2,554.67,363,277.335,339,26,0.1652892561983471,181.5,0.0
15104.0,13,2,1027.44,99,513.72,637,66,0.6060606060606061,49.5,0.0
15105.0,247,2,795.98,443,397.99,536,50,0.13544018058690743,221.5,2298.93
15106.0,28,2,778.45,86,389.225,560,51,0.6976744186046512,43.0,644.0699999999999
15107.0,128,9,940.35,268,104.48333333333333,356,32,1.007462686567164,29.77777777777778,0.0
15108.0,3,3,623.45,44,207.8166666666667,164,24,2.0454545454545454,14.666666666666666,676.8
15109.0,62,3,983.1,552,327.7,258,46,0.16304347826086957,184.0,0.0
15110.0,135,3,679.4,302,226.46666666666667,160,17,0.2980132450331126,100.66666666666667,826.45
15111.0,189,3,1451.89,409,483.96333333333337,560,60,0.2200488997555012,136.33333333333334,1278.98
15112.0,428,1,209.4,428,209.4,72,7,0.07009345794392523,428.0,0.0
15114.0,34,5,1357.47,238,271.494,1089,67,0.6302521008403362,47.6,2042.65
15115.0,549,1,191.74,549,191.74,88,14,0.0546448087431694,549.0,340.11
15116.0,21,1,479.65,21,479.65,147,15,1.4285714285714284,21.0,873.1
15117.0,32,4,1246.5900000000001,451,311.64750000000004,1815,51,0.2660753880266075,112.75,1239.38
15119.0,62,1,266.4,62,266.4,88,14,0.4838709677419355,62.0,0.0
15121.0,105,1,295.15,105,295.15,125,18,0.28571428571428575,105.0,162.57
15122.0,21,10,3794.3,436,379.43,1742,139,0.6880733944954129,43.6,703.17
15123.0,23,4,3526.33,450,881.5825,1838,113,0.26666666666666666,112.5,1129.84
15124.0,8,3,357.38,468,119.12666666666667,318,25,0.1923076923076923,156.0,93.44
15125.0,24,13,12807.11,435,985.1623076923078,6204,127,0.896551724137931,33.46153846153846,4217.76
15126.0,353,2,449.49,504,224.745,273,25,0.11904761904761904,252.0,0.0
15127.0,336,1,304.97,336,304.97,213,12,0.08928571428571427,336.0,406.53
15128.0,36,2,796.38,247,398.19,600,47,0.24291497975708504,123.5,987.3
15129.0,27,16,4533.16,427,283.3225,3067,68,1.1241217798594847,26.6875,2327.02
15131.0,211,1,80.28,211,80.28,88,7,0.14218009478672988,211.0,0.0
15132.0,16,2,489.87,79,244.935,377,24,0.7594936708860759,39.5,488.06
15133.0,74,4,1482.38,337,370.595,592,34,0.3560830860534125,84.25,324.52
15134.0,30,4,447.75,239,111.9375,333,20,0.502092050209205,59.75,1148.54
15135.0,56,2,305.68,373,152.84,84,17,0.16085790884718498,186.5,0.0
15137.0,337,2,823.4,497,411.7,596,34,0.12072434607645877,248.5,0.0
15138.0,210,1,502.52,210,502.52,300,31,0.14285714285714288,210.0,0.0
15139.0,56,2,178.96,153,89.48,208,13,0.39215686274509803,76.5,0.0
15140.0,15,4,2016.8899999999999,259,504.22249999999997,1339,67,0.46332046332046334,64.75,1226.8
15141.0,274,7,1388.47,438,198.35285714285715,1197,44,0.4794520547945205,62.57142857142857,0.0
15142.0,227,5,2121.18,317,424.236,1790,97,0.473186119873817,63.4,498.74
15143.0,42,2,563.63,249,281.815,320,27,0.24096385542168672,124.5,0.0
15144.0,34,17,7274.89,543,427.93470588235294,2999,121,0.9392265193370166,31.941176470588236,4885.42
15145.0,44,2,724.03,65,362.015,438,35,0.9230769230769231,32.5,470.7
15146.0,108,1,834.22,108,834.22,914,63,0.2777777777777778,108.0,492.94
15147.0,57,1,623.5,57,623.5,366,28,0.5263157894736842,57.0,0.0
15149.0,393,4,1033.81,466,258.4525,252,44,0.2575107296137339,116.5,520.8000000000001
15150.0,3,5,5004.68,360,1000.936,3479,318,0.41666666666666663,72.0,3996.4
15151.0,240,2,2085.61,326,1042.805,795,56,0.18404907975460122,163.0,0.0
15152.0,4,2,1274.24,518,637.12,719,70,0.11583011583011583,259.0,3989.59
15154.0,295,2,1091.99,295,545.995,245,101,0.20338983050847456,147.5,296.42
15155.0,200,1,383.96999999999997,200,383.96999999999997,192,24,0.15,200.0,0.0
15157.0,175,3,1803.5,546,601.1666666666666,2152,81,0.16483516483516486,182.0,850.61
15158.0,218,1,204.62,218,204.62,21,4,0.13761467889908258,218.0,401.40000000000003
15159.0,1,18,9151.59,248,508.4216666666667,4673,203,2.17741935483871,13.777777777777779,12965.14
15160.0,174,4,589.27,238,147.3175,307,17,0.5042016806722689,59.5,0.0
15161.0,205,1,119.92,205,119.92,144,33,0.14634146341463414,205.0,0.0
15162.0,548,1,312.9,548,312.9,74,12,0.05474452554744525,548.0,0.0
15163.0,9,1,155.0,9,155.0,48,10,3.333333333333333,9.0,149.47
15164.0,25,8,1594.05,507,199.25625,714,223,0.4733727810650888,63.375,474.87
15165.0,190,1,975.5,190,975.5,320,27,0.15789473684210525,190.0,0.0
15166.0,284,1,167.16,284,167.16,140,12,0.1056338028169014,284.0,0.0
15167.0,137,5,1659.67,490,331.934,872,262,0.3061224489795918,98.0,0.0
15169.0,199,2,569.22,543,284.61,356,58,0.11049723756906078,271.5,0.0
15170.0,223,1,81.15,223,81.15,33,4,0.13452914798206278,223.0,0.0
15171.0,148,1,1289.5,148,1289.5,290,5,0.20270270270270271,148.0,0.0
15172.0,13,2,526.2,53,263.1,480,38,1.1320754716981132,26.5,1097.85
15173.0,197,7,1494.6,434,213.5142857142857,840,68,0.4838709677419355,62.0,0.0
15174.0,139,2,481.46,227,240.73,382,34,0.2643171806167401,113.5,0.0
15176.0,484,1,988.04,484,988.04,448,52,0.06198347107438017,484.0,0.0
15177.0,242,1,948.93,242,948.93,485,26,0.12396694214876033,242.0,0.0
15178.0,77,1,40.5,77,40.5,30,3,0.38961038961038963,77.0,0.0
15179.0,50,11,6740.09,553,612.7354545454546,4772,190,0.596745027124774,50.27272727272727,751.83
15180.0,184,3,904.4300000000001,406,301.4766666666667,690,46,0.22167487684729062,135.33333333333334,0.0
15181.0,86,3,810.72,548,270.24,192,6,0.1642335766423358,182.66666666666666,389.47999999999996
15182.0,85,10,2746.582,473,274.65819999999997,1077,75,0.6342494714587738,47.3,252.37
15183.0,364,3,639.93,401,213.30999999999997,297,33,0.22443890274314213,133.66666666666666,0.0
15184.0,7,3,518.42,540,172.80666666666664,336,34,0.16666666666666669,180.0,171.53
15186.0,291,3,991.7900000000001,513,330.5966666666667,501,22,0.17543859649122806,171.0,411.41
15187.0,29,1,431.6,29,431.6,172,9,1.0344827586206897,29.0,4345.58
15188.0,542,1,310.43,542,310.43,233,23,0.055350553505535055,542.0,0.0
15189.0,1,22,6829.2,326,310.41818181818184,2656,55,2.0245398773006134,14.818181818181818,10695.18
15190.0,251,1,834.4399999999999,251,834.4399999999999,790,40,0.11952191235059761,251.0,0.0
15191.0,280,3,588.05,505,196.01666666666665,287,33,0.1782178217821782,168.33333333333334,0.0
15192.0,8,4,1675.06,496,418.765,1363,56,0.24193548387096775,124.0,306.33
15194.0,15,22,8472.34,553,385.10636363636365,6059,203,1.193490054249548,25.136363636363637,3955.35
15196.0,249,2,316.25,543,158.125,131,34,0.11049723756906078,271.5,0.0
15197.0,69,5,1571.15,545,314.23,791,35,0.27522935779816515,109.0,306.36
15198.0,225,3,377.71,506,125.90333333333332,207,20,0.17786561264822134,168.66666666666666,193.64
15199.0,52,8,2510.85,392,313.85625,725,17,0.6122448979591836,49.0,611.55
15200.0,311,1,549.05,311,549.05,195,30,0.09646302250803858,311.0,0.0
15201.0,21,4,1208.68,428,302.17,1109,36,0.2803738317757009,107.0,634.27
15202.0,237,3,6001.49,237,2000.4966666666667,3,1,0.37974683544303794,79.0,0.0
15203.0,15,11,3265.28,548,296.8436363636364,3102,126,0.6021897810218978,49.81818181818182,1134.9
15204.0,174,1,316.58,174,316.58,258,9,0.1724137931034483,174.0,0.0
15206.0,92,1,17.700000000000003,92,17.700000000000003,6,1,0.32608695652173914,92.0,402.59999999999997
15207.0,233,3,683.9200000000001,364,227.97333333333336,428,19,0.24725274725274726,121.33333333333333,0.0
15208.0,170,2,165.8,240,82.9,60,8,0.25,120.0,804.72
15209.0,547,1,178.98000000000002,547,178.98000000000002,94,13,0.054844606946983544,547.0,0.0
15210.0,42,3,1176.19,392,392.06333333333333,841,66,0.22959183673469388,130.66666666666666,0.0
15211.0,182,1,766.14,182,766.14,234,23,0.16483516483516486,182.0,511.34000000000003
15212.0,58,2,208.28,193,104.14,84,7,0.31088082901554404,96.5,0.0
15213.0,135,2,328.35,146,164.175,272,22,0.410958904109589,73.0,0.0
15214.0,59,1,514.9300000000001,59,514.9300000000001,402,35,0.5084745762711864,59.0,1146.51
15215.0,210,4,1687.49,429,421.8725,551,59,0.27972027972027974,107.25,734.94
15216.0,435,1,389.49,435,389.49,189,22,0.06896551724137931,435.0,96.6
15217.0,380,1,426.24,380,426.24,190,28,0.07894736842105263,380.0,0.0
15218.0,34,14,7516.94,499,536.9242857142857,4191,113,0.8416833667334669,35.642857142857146,3999.63
15219.0,465,1,379.7,465,379.7,226,17,0.06451612903225806,465.0,305.75
15220.0,20,3,858.1899999999999,97,286.06333333333333,783,53,0.9278350515463918,32.333333333333336,920.77
15221.0,183,4,2465.4500000000003,454,616.3625000000001,287,21,0.2643171806167401,113.5,0.0
15222.0,135,11,3550.91,540,322.81,4458,98,0.6111111111111112,49.09090909090909,0.0
15223.0,42,5,1417.95,551,283.59000000000003,385,26,0.2722323049001815,110.2,0.0
15224.0,175,5,871.36,510,174.272,443,24,0.29411764705882354,102.0,0.0
15225.0,51,1,409.40000000000003,51,409.40000000000003,226,23,0.5882352941176471,51.0,0.0
15226.0,127,1,154.41,127,154.41,71,8,0.23622047244094488,127.0,0.0
15227.0,32,7,2145.91,450,306.5585714285714,1056,79,0.4666666666666667,64.28571428571429,342.58
15228.0,111,3,3098.41,316,1032.8033333333333,1871,119,0.2848101265822785,105.33333333333333,2481.86
15229.0,403,1,160.5,403,160.5,114,9,0.07444168734491315,403.0,0.0
15230.0,56,2,429.6,57,214.8,351,23,1.0526315789473684,28.5,0.0
15231.0,438,1,250.26,438,250.26,190,14,0.0684931506849315,438.0,0.0
15233.0,218,1,59.400000000000006,218,59.400000000000006,12,1,0.13761467889908258,218.0,0.0
15234.0,93,1,197.0,93,197.0,196,14,0.32258064516129037,93.0,0.0
15235.0,34,16,2937.81,205,183.613125,1735,161,2.341463414634146,12.8125,0.0
15236.0,115,1,321.05,115,321.05,269,15,0.2608695652173913,115.0,0.0
15237.0,20,2,1093.65,44,546.825,798,74,1.3636363636363638,22.0,318.67
15238.0,1,1,300.14,1,300.14,222,14,30.0,1.0,771.85
15240.0,8,10,3798.79,551,379.879,2600,108,0.544464609800363,55.1,661.1899999999999
15241.0,9,6,2259.12,471,376.52,2410,95,0.3821656050955414,78.5,791.04
15242.0,239,1,302.04,239,302.04,196,4,0.12552301255230125,239.0,0.0
15243.0,252,1,610.6,252,610.6,358,39,0.11904761904761904,252.0,316.68
15244.0,65,2,578.45,483,289.225,307,28,0.12422360248447206,241.5,333.63
15245.0,4,7,3832.72,412,547.5314285714286,2471,72,0.5097087378640777,58.857142857142854,778.12
15246.0,55,3,780.4,372,260.1333333333333,359,45,0.24193548387096775,124.0,0.0
15247.0,294,2,620.06,354,310.03,354,10,0.1694915254237288,177.0,356.0
15248.0,228,3,1893.93,351,631.3100000000001,1065,103,0.25641025641025644,117.0,0.0
15249.0,13,10,5418.91,440,541.891,2838,214,0.6818181818181819,44.0,3847.09
15250.0,457,1,60.0,457,60.0,48,3,0.06564551422319474,457.0,0.0
15251.0,27,12,13935.27,496,1161.2725,8585,137,0.7258064516129032,41.333333333333336,6389.27
15252.0,238,3,1362.63,428,454.21000000000004,908,73,0.2102803738317757,142.66666666666666,740.78
15253.0,220,3,1136.89,403,378.96333333333337,722,58,0.22332506203473945,134.33333333333334,918.1999999999999
15254.0,363,2,787.99,377,393.995,436,46,0.15915119363395225,188.5,300.36
15255.0,213,8,2838.57,553,354.82125,1737,101,0.43399638336347196,69.125,890.85
15256.0,378,1,71.95,378,71.95,37,4,0.07936507936507936,378.0,98.45
15257.0,100,2,685.9,231,342.95,71,11,0.2597402597402597,115.5,0.0
15258.0,34,1,315.66,34,315.66,78,16,0.8823529411764706,34.0,307.5
15259.0,329,4,1182.3799999999999,499,295.59499999999997,631,50,0.24048096192384769,124.75,0.0
15260.0,3,23,8647.94,550,375.99739130434784,4459,176,1.2545454545454544,23.91304347826087,540.29
15261.0,198,3,1253.18,251,417.7266666666667,536,70,0.35856573705179284,83.66666666666667,254.82
15262.0,140,3,418.82,305,139.60666666666665,218,22,0.2950819672131148,101.66666666666667,0.0
15264.0,347,1,454.66,347,454.66,178,32,0.08645533141210374,347.0,393.74
15265.0,52,3,2551.76,555,850.5866666666667,1198,146,0.16216216216216217,185.0,793.88
15266.0,155,5,852.21,518,170.442,236,38,0.28957528957528955,103.6,0.0
15268.0,295,3,961.9000000000001,422,320.6333333333334,428,21,0.21327014218009477,140.66666666666666,0.0
15269.0,197,2,816.56,207,408.28,346,32,0.2898550724637681,103.5,408.8
15270.0,55,18,7459.12,539,414.3955555555556,3166,65,1.0018552875695732,29.944444444444443,1065.74
15271.0,21,14,2938.08,308,209.86285714285714,1618,274,1.3636363636363638,22.0,1771.46
15272.0,267,4,1363.54,480,340.885,377,209,0.25,120.0,721.94
15273.0,416,1,228.96,416,228.96,216,1,0.07211538461538462,416.0,0.0
15276.0,211,3,514.22,251,171.40666666666667,267,115,0.35856573705179284,83.66666666666667,135.31
15277.0,242,1,220.44,242,220.44,168,14,0.12396694214876033,242.0,255.89999999999998
15278.0,378,4,496.15999999999997,482,124.03999999999999,458,29,0.24896265560165975,120.5,0.0
15279.0,171,5,1580.54,492,316.108,802,74,0.3048780487804878,98.4,0.0
15280.0,305,2,293.09999999999997,388,146.54999999999998,359,39,0.15463917525773196,194.0,113.12
15281.0,14,13,8138.83,244,626.0638461538462,5027,414,1.5983606557377048,18.76923076923077,404.74
15282.0,387,1,348.59,387,348.59,395,27,0.07751937984496124,387.0,0.0
15283.0,207,3,148.33,335,49.443333333333335,27,9,0.26865671641791045,111.66666666666667,0.0
15284.0,317,1,24.75,317,24.75,5,1,0.0946372239747634,317.0,0.0
15285.0,224,1,94.92,224,94.92,120,6,0.13392857142857142,224.0,0.0
15287.0,196,3,369.34000000000003,554,123.11333333333334,577,13,0.1624548736462094,184.66666666666666,486.69
15288.0,17,8,3200.61,482,400.07625,1202,114,0.4979253112033195,60.25,682.52
15289.0,66,3,1028.76,438,342.92,952,45,0.2054794520547945,146.0,564.33
15290.0,20,16,4585.63,470,286.601875,3199,62,1.0212765957446808,29.375,5910.65
15291.0,64,34,11857.85,553,348.76029411764705,3746,103,1.8444846292947559,16.264705882352942,1988.71
15292.0,18,1,180.94,18,180.94,56,24,1.6666666666666665,18.0,0.0
15293.0,482,1,247.5,482,247.5,178,19,0.06224066390041494,482.0,0.0
15294.0,227,1,233.35,227,233.35,97,15,0.13215859030837004,227.0,0.0
15295.0,471,1,217.23999999999998,471,217.23999999999998,151,50,0.06369426751592357,471.0,0.0
15296.0,29,8,8447.78,504,1055.9725,4739,321,0.47619047619047616,63.0,1895.05
15298.0,4,16,6436.67,548,402.291875,4495,166,0.875912408759124,34.25,3022.7
15299.0,80,7,5919.54,513,845.6485714285715,5082,6,0.4093567251461988,73.28571428571429,2072.0
15301.0,4,11,5309.0,267,482.6363636363636,3044,181,1.2359550561797752,24.272727272727273,2294.44
15302.0,547,1,308.0,547,308.0,102,15,0.054844606946983544,547.0,0.0
15303.0,107,3,1224.18,500,408.06,514,63,0.18,166.66666666666666,0.0
15304.0,35,6,606.75,238,101.125,77,5,0.7563025210084033,39.666666666666664,312.8
15305.0,372,1,93.6,372,93.6,40,5,0.08064516129032259,372.0,0.0
15306.0,317,6,2310.38,476,385.06333333333333,2264,80,0.37815126050420167,79.33333333333333,1174.35
15308.0,91,1,310.47,91,310.47,175,19,0.3296703296703297,91.0,0.0
15309.0,427,4,797.96,552,199.49,440,49,0.21739130434782608,138.0,0.0
15310.0,295,1,1634.64,295,1634.64,1476,45,0.10169491525423728,295.0,0.0
15311.0,2,162,89729.37,555,553.885,54563,699,8.756756756756758,3.425925925925926,27041.79
15312.0,32,10,2613.2400000000002,540,261.324,1517,111,0.5555555555555556,54.0,316.95
15314.0,16,3,820.4499999999999,245,273.4833333333333,750,49,0.36734693877551017,81.66666666666667,0.0
15316.0,143,1,165.0,143,165.0,100,1,0.2097902097902098,143.0,0.0
15317.0,494,1,129.75,494,129.75,45,5,0.06072874493927126,494.0,0.0
15319.0,100,1,204.5,100,204.5,175,16,0.3,100.0,0.0
15321.0,108,10,5120.89,491,512.089,3017,206,0.6109979633401222,49.1,1588.8400000000001
15322.0,293,1,711.18,293,711.18,555,41,0.10238907849829351,293.0,679.68
15323.0,379,3,434.6,478,144.86666666666667,188,29,0.18828451882845187,159.33333333333334,0.0
15324.0,518,1,140.22000000000003,518,140.22000000000003,74,8,0.05791505791505792,518.0,0.0
15325.0,212,7,1439.72,478,205.67428571428573,1151,141,0.4393305439330544,68.28571428571429,162.29
15326.0,150,5,1700.52,555,340.104,1351,94,0.2702702702702703,111.0,0.0
15328.0,224,1,107.24,224,107.24,88,8,0.13392857142857142,224.0,0.0
15329.0,191,8,1934.63,542,241.82875,733,60,0.44280442804428044,67.75,1049.7
15331.0,316,3,767.91,426,255.97,701,41,0.2112676056338028,142.0,0.0
15332.0,183,6,6553.74,330,1092.29,2958,113,0.5454545454545454,55.0,0.0
15333.0,25,1,1028.56,25,1028.56,344,16,1.2,25.0,0.0
15336.0,218,1,240.5,218,240.5,84,15,0.13761467889908258,218.0,0.0
15337.0,228,1,373.02,228,373.02,200,21,0.13157894736842105,228.0,0.0
15338.0,494,1,283.43,494,283.43,150,56,0.06072874493927126,494.0,0.0
15339.0,135,6,1511.67,486,251.94500000000002,886,134,0.37037037037037035,81.0,316.17
15340.0,378,1,105.5,378,105.5,76,7,0.07936507936507936,378.0,0.0
15341.0,266,1,382.2,266,382.2,196,7,0.11278195488721804,266.0,2020.52
15346.0,149,3,596.12,248,198.70666666666668,260,36,0.3629032258064516,82.66666666666667,0.0
15347.0,183,4,1363.6,254,340.9,672,29,0.47244094488188976,63.5,0.0
15349.0,4,1,366.11,4,366.11,250,58,7.5,4.0,107.7
15350.0,190,2,663.25,200,331.625,323,26,0.3,100.0,0.0
15351.0,186,4,2052.85,249,513.2125,867,103,0.48192771084337344,62.25,1685.44
15352.0,365,1,114.95,365,114.95,43,34,0.0821917808219178,365.0,0.0
15353.0,71,7,3175.95,554,453.70714285714286,1551,274,0.3790613718411552,79.14285714285714,0.0
15354.0,420,3,284.4,420,94.8,3,1,0.21428571428571427,140.0,0.0
15356.0,35,8,1900.26,239,237.5325,1006,232,1.00418410041841,29.875,1564.69
15358.0,24,31,13066.28,549,421.49290322580646,12106,307,1.6939890710382515,17.70967741935484,3984.13
15359.0,479,8,181.35,510,22.66875,145,10,0.47058823529411764,63.75,0.0
15361.0,178,4,689.07,360,172.2675,373,10,0.33333333333333337,90.0,0.0
15362.0,265,2,613.08,555,306.54,368,38,0.10810810810810811,277.5,0.0
15363.0,189,2,1004.11,309,502.055,527,32,0.1941747572815534,154.5,0.0
15364.0,71,1,331.80000000000007,71,331.80000000000007,84,3,0.4225352112676056,71.0,581.39
15365.0,132,7,2451.42,490,350.20285714285717,1132,87,0.42857142857142855,70.0,2105.71
15366.0,175,6,1892.11,468,315.35166666666663,1887,68,0.3846153846153846,78.0,496.97
15367.0,62,9,4619.92,546,513.3244444444445,2637,191,0.4945054945054945,60.666666666666664,461.40999999999997
15368.0,211,1,275.8,211,275.8,176,4,0.14218009478672988,211.0,446.94000000000005
15369.0,309,11,6251.26,548,568.2963636363637,3288,44,0.6021897810218978,49.81818181818182,0.0
15370.0,20,4,2480.9,227,620.225,1029,77,0.5286343612334802,56.75,1258.11
15371.0,479,1,59.400000000000006,479,59.400000000000006,12,1,0.06263048016701461,479.0,0.0
15372.0,267,7,4009.66,480,572.8085714285714,3486,19,0.4375,68.57142857142857,2007.3999999999999
15373.0,27,11,2197.23,403,199.74818181818182,512,91,0.8188585607940447,36.63636363636363,1224.16
15374.0,441,1,139.32,441,139.32,164,6,0.06802721088435375,441.0,168.0
15375.0,507,1,60.959999999999994,507,60.959999999999994,84,6,0.0591715976331361,507.0,0.0
15376.0,39,1,654.17,39,654.17,375,57,0.7692307692307692,39.0,579.19
15377.0,199,4,1211.75,232,302.9375,253,15,0.5172413793103449,58.0,0.0
15378.0,279,2,246.5,318,123.25,130,8,0.18867924528301888,159.0,0.0
15379.0,3,7,4747.04,217,678.1485714285715,2962,175,0.967741935483871,31.0,130.8
15380.0,182,7,2018.9,555,288.4142857142857,734,6,0.37837837837837834,79.28571428571429,1460.16
15381.0,30,5,1890.5700000000002,400,378.11400000000003,802,20,0.375,80.0,0.0
15382.0,1,10,9904.960000000001,552,990.4960000000001,6794,243,0.5434782608695652,55.2,3828.59
15384.0,176,3,1688.95,409,562.9833333333333,1419,77,0.2200488997555012,136.33333333333334,338.84
15385.0,209,2,625.2,494,312.6,267,8,0.12145748987854252,247.0,316.88
15386.0,3,1,394.14,3,394.14,446,31,10.0,3.0,0.0
15387.0,309,1,468.65,309,468.65,335,20,0.0970873786407767,309.0,0.0
15388.0,87,1,140.54,87,140.54,88,10,0.3448275862068966,87.0,0.0
15389.0,217,4,2233.8,498,558.45,3540,2,0.24096385542168672,124.5,500.0
15390.0,213,2,1216.66,226,608.33,894,77,0.2654867256637168,113.0,0.0
15391.0,401,1,289.87,401,289.87,109,12,0.07481296758104738,401.0,0.0
15392.0,177,4,1715.07,248,428.7675,1269,54,0.4838709677419355,62.0,1196.55
15393.0,98,4,783.58,541,195.895,322,35,0.22181146025878004,135.25,107.76
15394.0,21,9,4539.7,541,504.4111111111111,2008,119,0.49907578558225507,60.111111111111114,747.1
15395.0,142,1,107.45,142,107.45,17,7,0.2112676056338028,142.0,0.0
15396.0,400,1,508.20000000000005,400,508.20000000000005,156,2,0.075,400.0,288.18
15397.0,106,1,94.0,106,94.0,20,6,0.2830188679245283,106.0,0.0
15400.0,1,5,1044.9,377,208.98000000000002,508,15,0.3978779840848807,75.4,257.4
15401.0,269,2,216.95000000000002,385,108.47500000000001,93,14,0.15584415584415584,192.5,0.0
15402.0,13,5,1644.76,408,328.952,1771,72,0.3676470588235294,81.6,185.78
15403.0,308,2,170.88,547,85.44,492,6,0.10968921389396709,273.5,0.0
15404.0,192,1,257.06,192,257.06,334,16,0.15625,192.0,0.0
15405.0,6,2,659.84,393,329.92,348,29,0.15267175572519084,196.5,0.0
15406.0,118,3,717.45,270,239.15,423,101,0.33333333333333337,90.0,258.42
15407.0,39,2,329.86,122,164.93,209,49,0.49180327868852464,61.0,726.58
15408.0,81,1,267.18,81,267.18,106,34,0.37037037037037035,81.0,0.0
15409.0,538,1,131.25,538,131.25,59,9,0.055762081784386616,538.0,0.0
15410.0,20,6,3035.77,416,505.96166666666664,1267,71,0.4326923076923077,69.33333333333333,1649.95
15413.0,508,5,6798.72,555,1359.7440000000001,2694,20,0.2702702702702703,111.0,0.0
15414.0,59,1,36.2,59,36.2,12,5,0.5084745762711864,59.0,738.7
15415.0,130,1,572.8100000000001,130,572.8100000000001,575,46,0.23076923076923078,130.0,0.0
15416.0,56,5,2862.93,493,572.586,1638,123,0.3042596348884381,98.6,1709.89
15418.0,242,2,452.32,403,226.16,266,64,0.1488833746898263,201.5,0.0
15420.0,251,6,743.0,551,123.83333333333333,844,52,0.32667876588021777,91.83333333333333,0.0
15421.0,32,9,3594.34,549,399.37111111111113,1806,170,0.49180327868852464,61.0,211.0
15422.0,140,7,1619.97,487,231.42428571428573,710,80,0.43121149897330596,69.57142857142857,0.0
15423.0,398,2,223.39,438,111.695,97,12,0.136986301369863,219.0,43.5
15424.0,71,3,597.78,280,199.26,873,33,0.32142857142857145,93.33333333333333,0.0
15425.0,217,4,1944.57,480,486.1425,1042,114,0.25,120.0,0.0
15426.0,74,6,1830.98,403,305.16333333333336,811,218,0.4466501240694789,67.16666666666667,784.41
15428.0,204,3,668.97,539,222.99,245,35,0.16697588126159554,179.66666666666666,93.78
15430.0,284,2,954.75,345,477.375,309,36,0.17391304347826086,172.5,0.0
15431.0,319,1,153.24,319,153.24,84,2,0.09404388714733541,319.0,0.0
15432.0,358,1,149.57,358,149.57,27,6,0.08379888268156425,358.0,171.19
15433.0,30,2,533.3,84,266.65,534,40,0.7142857142857142,42.0,0.0
15434.0,17,7,1832.54,501,261.7914285714286,975,70,0.41916167664670656,71.57142857142857,734.5200000000001
15436.0,51,1,489.05,51,489.05,251,124,0.5882352941176471,51.0,633.48
15437.0,79,2,393.45,457,196.725,177,56,0.13129102844638948,228.5,0.0
15439.0,221,4,1269.05,470,317.2625,572,49,0.2553191489361702,117.5,0.0
15440.0,25,1,125.8,25,125.8,78,20,1.2,25.0,257.88
15441.0,213,3,1254.21,547,418.07,587,45,0.16453382084095064,182.33333333333334,0.0
15442.0,65,1,594.0,65,594.0,120,2,0.46153846153846156,65.0,0.0
15443.0,137,8,2376.73,459,297.09125,1254,249,0.5228758169934641,57.375,2799.2
15445.0,81,2,284.5,407,142.25,118,12,0.14742014742014742,203.5,0.0
15446.0,193,3,406.95,543,135.65,267,90,0.16574585635359115,181.0,0.0
15447.0,147,5,492.88,442,98.576,228,27,0.3393665158371041,88.4,0.0
15448.0,129,2,788.81,491,394.405,487,49,0.12219959266802442,245.5,0.0
15449.0,2,2,647.7,78,323.85,516,30,0.7692307692307692,39.0,326.82
15451.0,251,2,233.21,416,116.605,79,56,0.14423076923076925,208.0,0.0
15452.0,81,4,1507.63,328,376.9075,945,148,0.36585365853658536,82.0,291.48
15453.0,4,1,197.09,4,197.09,97,39,7.5,4.0,1191.28
15454.0,179,2,307.69,435,153.845,148,35,0.13793103448275862,217.5,0.0
15455.0,414,1,38.25,414,38.25,3,2,0.07246376811594203,414.0,0.0
15456.0,100,10,2119.27,548,211.927,2826,128,0.5474452554744526,54.8,0.0
15457.0,79,1,237.07,79,237.07,132,56,0.37974683544303794,79.0,0.0
15458.0,219,1,208.79999999999998,219,208.79999999999998,144,6,0.136986301369863,219.0,161.64
15459.0,234,2,202.82999999999998,314,101.41499999999999,121,6,0.1910828025477707,157.0,0.0
15460.0,171,1,216.76,171,216.76,109,53,0.17543859649122806,171.0,0.0
15461.0,277,2,429.7,448,214.85,230,1,0.13392857142857142,224.0,0.0
15462.0,4,2,607.45,262,303.725,399,32,0.22900763358778625,131.0,129.6
15464.0,155,1,1048.85,155,1048.85,350,155,0.1935483870967742,155.0,0.0
15465.0,50,26,10464.49,546,402.4803846153846,2273,89,1.4285714285714284,21.0,2191.16
15466.0,206,3,1236.48,553,412.16,698,172,0.162748643761302,184.33333333333334,334.53
15468.0,209,1,962.97,209,962.97,1245,56,0.14354066985645933,209.0,467.51
15469.0,255,1,335.7,255,335.7,134,19,0.11764705882352941,255.0,538.55
15470.0,392,1,63.419999999999995,392,63.419999999999995,232,4,0.07653061224489795,392.0,0.0
15471.0,197,2,847.0799999999999,367,423.53999999999996,417,67,0.16348773841961853,183.5,469.48
15473.0,261,1,274.8,261,274.8,104,3,0.11494252873563218,261.0,1771.2
15474.0,412,1,163.1,412,163.1,56,19,0.07281553398058252,412.0,0.0
15476.0,197,4,2209.98,259,552.495,1174,67,0.46332046332046334,64.75,0.0
15477.0,466,1,368.4,466,368.4,216,2,0.06437768240343347,466.0,0.0
15478.0,392,1,583.56,392,583.56,319,24,0.07653061224489795,392.0,1441.42
15479.0,550,1,147.4,550,147.4,38,9,0.05454545454545454,550.0,0.0
15480.0,282,4,5373.5,493,1343.375,1549,162,0.2434077079107505,123.25,905.5
15481.0,218,1,1993.34,218,1993.34,1450,38,0.13761467889908258,218.0,0.0
15482.0,67,10,4975.04,554,497.504,1952,43,0.5415162454873647,55.4,9617.52
15483.0,83,7,743.24,501,106.17714285714285,794,191,0.41916167664670656,71.57142857142857,118.96
15484.0,357,2,1061.69,551,530.845,924,53,0.1088929219600726,275.5,3594.31
15485.0,153,6,4475.14,555,745.8566666666667,1891,56,0.32432432432432434,92.5,1296.37
15486.0,344,1,102.0,344,102.0,40,1,0.0872093023255814,344.0,0.0
15487.0,496,1,231.32,496,231.32,144,14,0.06048387096774194,496.0,0.0
15488.0,273,4,340.6,400,85.15,178,8,0.3,100.0,91.32000000000001
15489.0,28,6,1633.5900000000001,510,272.26500000000004,876,66,0.3529411764705882,85.0,786.02
15490.0,247,1,217.6,247,217.6,85,22,0.12145748987854252,247.0,0.0
15491.0,35,3,1644.92,52,548.3066666666667,894,80,1.7307692307692308,17.333333333333332,1455.17
15493.0,66,6,3264.43,471,544.0716666666666,961,234,0.3821656050955414,78.5,1050.55
15494.0,295,3,2480.82,546,826.94,1949,219,0.16483516483516486,182.0,1299.23
15495.0,196,1,246.5,196,246.5,194,20,0.1530612244897959,196.0,0.0
15496.0,448,1,146.14000000000001,448,146.14000000000001,98,22,0.06696428571428571,448.0,0.0
15497.0,136,8,8365.789999999999,538,1045.7237499999999,2841,65,0.44609665427509293,67.25,291.6
15498.0,6,30,19866.03,540,662.2009999999999,9985,502,1.6666666666666665,18.0,6173.55
15499.0,540,1,161.6,540,161.6,60,40,0.05555555555555556,540.0,0.0
15501.0,221,2,402.5,232,201.25,206,64,0.25862068965517243,116.0,0.0
15502.0,92,6,6249.0,371,1041.5,3481,154,0.48517520215633425,61.833333333333336,7744.469999999999
15503.0,179,2,267.15,543,133.575,136,112,0.11049723756906078,271.5,0.0
15504.0,337,3,371.02,482,123.67333333333333,115,33,0.1867219917012448,160.66666666666666,52.83
15506.0,198,3,1060.77,294,353.59,799,82,0.3061224489795918,98.0,979.26
15508.0,6,6,1000.27,52,166.71166666666667,440,78,3.4615384615384617,8.666666666666666,0.0
15509.0,197,1,166.51,197,166.51,72,26,0.15228426395939085,197.0,0.0
15510.0,147,1,250.0,147,250.0,2,1,0.20408163265306123,147.0,0.0
15512.0,176,3,311.78,493,103.92666666666666,223,28,0.18255578093306288,164.33333333333334,19.799999999999997
15513.0,16,28,19061.79,512,680.7782142857143,7552,219,1.640625,18.285714285714285,8688.76
15514.0,42,13,5021.03,552,386.2330769230769,3302,129,0.7065217391304348,42.46153846153846,1577.52
15515.0,204,1,171.81,204,171.81,131,7,0.14705882352941177,204.0,0.0
15517.0,50,1,267.03,50,267.03,293,27,0.6,50.0,0.0
15518.0,32,11,3264.06,536,296.7327272727273,2253,213,0.6156716417910448,48.72727272727273,954.88
15519.0,200,2,344.61,263,172.305,116,34,0.22813688212927757,131.5,0.0
15521.0,29,12,5774.2699999999995,520,481.1891666666666,3581,177,0.6923076923076923,43.333333333333336,1332.42
15523.0,205,15,16947.98,554,1129.8653333333334,15741,63,0.8122743682310469,36.93333333333333,412.01000000000005
15524.0,423,1,151.4,423,151.4,24,8,0.07092198581560283,423.0,440.0
15525.0,190,2,783.71,199,391.855,388,66,0.30150753768844224,99.5,511.99
15527.0,36,18,4045.9,541,224.77222222222224,1591,151,0.9981515711645101,30.055555555555557,1529.74
15528.0,71,1,229.33,71,229.33,123,26,0.4225352112676056,71.0,0.0
15529.0,27,8,3048.93,211,381.11625,2601,296,1.137440758293839,26.375,2063.02
15530.0,63,2,864.5,329,432.25,714,71,0.182370820668693,164.5,949.22
15532.0,175,7,2547.32,366,363.90285714285716,920,297,0.5737704918032787,52.285714285714285,1224.58
15534.0,542,1,162.25,542,162.25,63,8,0.055350553505535055,542.0,0.0
15535.0,53,5,962.8100000000001,266,192.562,285,75,0.5639097744360901,53.2,125.01
15536.0,226,1,259.09,226,259.09,242,16,0.1327433628318584,226.0,0.0
15538.0,354,6,3358.3999999999996,480,559.7333333333332,1016,3,0.375,80.0,0.0
15540.0,192,1,247.38,192,247.38,244,16,0.15625,192.0,213.3
15542.0,329,3,918.45,554,306.15000000000003,469,212,0.1624548736462094,184.66666666666666,0.0
15543.0,105,2,242.84,276,121.42,169,50,0.21739130434782608,138.0,0.0
15544.0,28,15,6375.19,497,425.01266666666663,5286,147,0.9054325955734407,33.13333333333333,1787.24
15545.0,188,1,270.65999999999997,188,270.65999999999997,150,31,0.1595744680851064,188.0,157.39000000000001
15546.0,423,2,1079.1000000000001,423,539.5500000000001,198,6,0.14184397163120566,211.5,0.0
15547.0,11,19,7604.08,550,400.21473684210525,4935,449,1.0363636363636364,28.94736842105263,2550.31
15548.0,412,1,158.09,412,158.09,64,23,0.07281553398058252,412.0,0.0
15549.0,133,6,1594.8,514,265.8,640,94,0.35019455252918286,85.66666666666667,751.16
15550.0,118,9,1781.07,553,197.89666666666665,945,141,0.488245931283906,61.44444444444444,437.73
15551.0,211,6,1274.02,367,212.33666666666667,596,95,0.49046321525885556,61.166666666666664,436.06
15552.0,34,2,252.52,440,126.26,166,29,0.13636363636363635,220.0,0.0
15554.0,94,1,217.2,94,217.2,74,14,0.3191489361702128,94.0,0.0
15555.0,7,26,9090.68,550,349.64153846153846,5981,501,1.4181818181818182,21.153846153846153,3021.67
15558.0,456,1,214.13,456,214.13,86,23,0.06578947368421052,456.0,0.0
15559.0,385,1,1109.4,385,1109.4,526,62,0.07792207792207792,385.0,0.0
15560.0,214,2,153.52,214,76.76,72,10,0.2803738317757009,107.0,0.0
15561.0,32,5,1399.55,480,279.90999999999997,1118,49,0.3125,96.0,534.84
15562.0,168,3,673.3800000000001,543,224.46000000000004,561,32,0.16574585635359115,181.0,0.0
15563.0,17,5,2202.18,497,440.436,2260,151,0.30181086519114686,99.4,664.8199999999999
15564.0,280,2,70.74000000000001,493,35.370000000000005,42,4,0.12170385395537525,246.5,0.0
15566.0,209,2,227.87,541,113.935,153,9,0.11090573012939002,270.5,0.0
15569.0,149,6,2499.14,466,416.5233333333333,1252,108,0.38626609442060084,77.66666666666667,1087.21
15570.0,23,21,7670.9400000000005,438,365.28285714285715,3149,392,1.4383561643835616,20.857142857142858,1640.1
15571.0,203,10,3401.2,550,340.12,2242,410,0.5454545454545454,55.0,650.4300000000001
15572.0,65,6,2391.85,421,398.64166666666665,1341,174,0.4275534441805226,70.16666666666667,1676.82
15573.0,435,3,599.73,546,199.91,417,104,0.16483516483516486,182.0,607.45
15574.0,175,5,1406.6,281,281.32,903,186,0.5338078291814947,56.2,112.1
15575.0,436,1,30.1,436,30.1,6,3,0.06880733944954129,436.0,0.0
15577.0,122,3,168.75,543,56.25,39,24,0.16574585635359115,181.0,229.23
15579.0,130,4,1153.5,249,288.375,659,125,0.48192771084337344,62.25,149.0
15580.0,193,8,1381.19,487,172.64875,959,150,0.49281314168377827,60.875,0.0
15581.0,43,33,4749.58,554,143.92666666666668,3110,523,1.7870036101083033,16.78787878787879,3045.01
15582.0,37,1,303.61,37,303.61,255,22,0.8108108108108109,37.0,379.3
15583.0,193,1,107.86,193,107.86,63,37,0.15544041450777202,193.0,0.0
15584.0,216,2,552.39,487,276.195,173,93,0.12320328542094457,243.5,725.11
15586.0,409,3,1139.1,517,379.7,1338,30,0.17408123791102514,172.33333333333334,0.0
15587.0,168,4,953.28,308,238.32,336,3,0.38961038961038963,77.0,568.8000000000001
15588.0,494,1,579.6,494,579.6,96,4,0.06072874493927126,494.0,0.0
15589.0,72,3,478.53000000000003,127,159.51000000000002,243,28,0.7086614173228346,42.333333333333336,0.0
15590.0,199,5,1496.6,423,299.32,832,75,0.3546099290780142,84.6,0.0
15591.0,399,3,217.9,490,72.63333333333334,58,6,0.18367346938775508,163.33333333333334,0.0
15594.0,51,1,267.91,51,267.91,145,15,0.5882352941176471,51.0,1503.87
15595.0,304,1,357.6,304,357.6,144,4,0.09868421052631579,304.0,0.0
15596.0,31,8,3113.14,316,389.1425,1374,82,0.7594936708860759,39.5,16.9
15597.0,392,1,238.8,392,238.8,114,15,0.07653061224489795,392.0,324.57
15598.0,244,1,307.34,244,307.34,244,22,0.12295081967213116,244.0,240.68
15599.0,21,2,937.15,262,468.575,741,58,0.22900763358778625,131.0,312.90999999999997
15600.0,245,4,1199.31,410,299.8275,657,55,0.2926829268292683,102.5,0.0
15601.0,20,25,12932.15,555,517.286,9678,246,1.3513513513513513,22.2,2027.97
15602.0,17,12,2475.59,554,206.29916666666668,1557,53,0.6498194945848376,46.166666666666664,754.92
15603.0,465,1,40.0,465,40.0,32,2,0.06451612903225806,465.0,48.480000000000004
15605.0,69,7,1428.75,511,204.10714285714286,537,59,0.410958904109589,73.0,508.05
15606.0,39,14,4137.18,464,295.5128571428572,1276,73,0.9051724137931035,33.142857142857146,1093.81
15607.0,153,9,1708.97,517,189.88555555555556,1470,95,0.5222437137330754,57.44444444444444,0.0
15608.0,232,1,692.3,232,692.3,548,45,0.12931034482758622,232.0,1093.68
15609.0,1,1,298.48,1,298.48,148,16,30.0,1.0,0.0
15611.0,8,17,1837.93,500,108.11352941176472,293,27,1.02,29.41176470588235,1159.3500000000001
15613.0,427,1,433.71999999999997,427,433.71999999999997,700,27,0.0702576112412178,427.0,0.0
15614.0,254,4,3147.36,443,786.84,1632,73,0.27088036117381487,110.75,0.0
15615.0,29,34,15713.29,554,462.15558823529415,8956,236,1.8411552346570397,16.294117647058822,5660.68
15616.0,255,1,317.11,255,317.11,137,13,0.11764705882352941,255.0,0.0
15617.0,213,3,828.5500000000001,324,276.18333333333334,485,41,0.2777777777777778,108.0,0.0
15620.0,37,3,1264.19,226,421.3966666666667,934,84,0.39823008849557523,75.33333333333333,678.17
15622.0,14,13,6745.05,462,518.85,3642,296,0.8441558441558442,35.53846153846154,1107.56
15623.0,210,7,2136.02,546,305.1457142857143,962,77,0.3846153846153846,78.0,301.03
15624.0,23,2,311.4,73,155.7,120,18,0.821917808219178,36.5,276.73
15625.0,52,6,2397.47,359,399.5783333333333,2345,101,0.5013927576601671,59.833333333333336,838.93
15626.0,146,2,673.6,238,336.8,684,50,0.25210084033613445,119.0,393.92
15627.0,274,2,566.9,339,283.45,344,23,0.17699115044247787,169.5,0.0
15628.0,72,10,3473.03,543,347.303,2348,95,0.5524861878453039,54.3,2179.23
15629.0,267,4,2240.9,349,560.225,1518,39,0.3438395415472779,87.25,0.0
15630.0,21,2,691.91,461,345.955,467,41,0.1301518438177874,230.5,789.49
15631.0,459,1,596.67,459,596.67,525,39,0.06535947712418301,459.0,0.0
15632.0,42,3,1242.5,91,414.1666666666667,688,51,0.989010989010989,30.333333333333332,2042.81
15633.0,326,13,4352.46,548,334.8046153846154,2058,77,0.7116788321167883,42.15384615384615,0.0
15634.0,200,1,311.1,200,311.1,128,19,0.15,200.0,243.55
15635.0,212,1,100.35,212,100.35,5,2,0.14150943396226415,212.0,0.0
15636.0,99,3,1026.52,386,342.17333333333335,358,28,0.23316062176165803,128.66666666666666,418.06
15637.0,230,4,574.23,541,143.5575,523,23,0.22181146025878004,135.25,223.36
15638.0,195,6,2265.2,427,377.5333333333333,1134,20,0.4215456674473068,71.16666666666667,0.0
15639.0,268,2,639.76,422,319.88,526,40,0.14218009478672988,211.0,425.32
15640.0,2,22,18222.14,542,828.2790909090909,9278,240,1.2177121771217712,24.636363636363637,5735.4400000000005
15641.0,77,11,4763.7300000000005,550,433.0663636363637,3956,228,0.6,50.0,581.82
15642.0,546,1,105.78000000000002,546,105.78000000000002,270,6,0.054945054945054944,546.0,0.0
15643.0,8,3,664.0,99,221.33333333333334,246,31,0.9090909090909092,33.0,0.0
15644.0,73,3,423.19,78,141.06333333333333,279,85,1.153846153846154,26.0,389.81
15645.0,231,2,443.16,242,221.58,140,16,0.24793388429752067,121.0,612.01
15646.0,63,4,867.01,227,216.7525,1027,58,0.5286343612334802,56.75,107.60000000000001
15647.0,232,1,169.0,232,169.0,124,11,0.12931034482758622,232.0,0.0
15648.0,21,2,657.35,84,328.675,221,23,0.7142857142857142,42.0,0.0
15649.0,153,4,2170.35,204,542.5875,485,8,0.5882352941176471,51.0,0.0
15650.0,338,2,553.88,445,276.94,210,33,0.13483146067415733,222.5,0.0
15651.0,77,3,840.08,413,280.0266666666667,630,44,0.2179176755447942,137.66666666666666,418.98
15652.0,204,4,1082.6,302,270.65,451,76,0.3973509933774834,75.5,337.74
15655.0,60,1,560.67,60,560.67,324,34,0.5,60.0,0.0
15656.0,37,2,306.86,101,153.43,100,19,0.594059405940594,50.5,441.64
15658.0,7,8,2423.4700000000003,553,302.93375000000003,691,79,0.43399638336347196,69.125,0.0
15659.0,203,2,226.04,470,113.02,50,8,0.1276595744680851,235.0,306.45
15660.0,21,10,1951.15,489,195.115,1273,53,0.6134969325153374,48.9,861.84
15661.0,134,8,1215.95,395,151.99375,779,27,0.6075949367088608,49.375,0.0
15662.0,478,2,283.73,555,141.865,145,12,0.10810810810810811,277.5,0.0
15664.0,266,3,867.6,466,289.2,373,46,0.19313304721030042,155.33333333333334,386.43
15665.0,60,4,3249.33,452,812.3325,2302,156,0.2654867256637168,113.0,765.79
15666.0,289,2,632.9399999999999,312,316.46999999999997,469,62,0.1923076923076923,156.0,0.0
15668.0,34,1,76.32000000000001,34,76.32000000000001,72,1,0.8823529411764706,34.0,0.0
15669.0,80,1,198.8,80,198.8,64,11,0.375,80.0,485.54
15670.0,113,2,325.2,373,162.6,132,19,0.16085790884718498,186.5,0.0
15671.0,59,3,1033.13,87,344.3766666666667,561,41,1.0344827586206897,29.0,1624.0
15672.0,542,1,45.300000000000004,542,45.300000000000004,10,3,0.055350553505535055,542.0,0.0
15673.0,31,7,5319.5,472,759.9285714285714,2711,147,0.44491525423728817,67.42857142857143,1095.29
15674.0,30,12,5881.29,548,490.1075,2999,219,0.6569343065693432,45.666666666666664,1066.94
15675.0,97,2,263.35,221,131.675,133,16,0.2714932126696833,110.5,278.69
15676.0,100,1,897.8,100,897.8,555,61,0.3,100.0,2537.96
15677.0,238,2,648.4,280,324.2,356,32,0.21428571428571427,140.0,657.23
15678.0,212,2,1541.19,339,770.595,883,67,0.17699115044247787,169.5,352.7
15680.0,183,8,3652.79,554,456.59875,2453,128,0.4332129963898917,69.25,854.79
15681.0,97,10,1909.22,381,190.922,832,36,0.7874015748031495,38.1,1080.48
15682.0,416,2,318.24,504,159.12,222,25,0.11904761904761904,252.0,0.0
15683.0,290,1,330.79,290,330.79,201,16,0.10344827586206896,290.0,193.75
15684.0,364,3,173.95,552,57.98333333333333,77,9,0.16304347826086957,184.0,0.0
15685.0,267,1,55.980000000000004,267,55.980000000000004,36,17,0.11235955056179775,267.0,0.0
15686.0,237,1,90.0,237,90.0,72,1,0.12658227848101264,237.0,0.0
15687.0,3,5,1679.45,147,335.89,657,69,1.0204081632653061,29.4,1313.65
15688.0,235,1,190.57,235,190.57,95,26,0.1276595744680851,235.0,0.0
15689.0,178,2,370.43,434,185.215,179,19,0.1382488479262673,217.0,150.6
15691.0,69,4,571.3,550,142.825,212,12,0.21818181818181817,137.5,0.0
15693.0,476,1,37.5,476,37.5,30,1,0.06302521008403361,476.0,0.0
15694.0,4,18,7333.11,549,407.395,1632,46,0.9836065573770493,30.5,3477.7
15695.0,83,4,1131.04,498,282.76,484,55,0.24096385542168672,124.5,0.0
15696.0,37,11,2808.01,501,255.27363636363637,1089,116,0.6586826347305389,45.54545454545455,1098.56
15697.0,506,1,246.75,506,246.75,127,14,0.05928853754940711,506.0,0.0
15698.0,441,1,46.2,441,46.2,60,2,0.06802721088435375,441.0,0.0
15702.0,293,2,140.39000000000001,499,70.19500000000001,103,30,0.12024048096192384,249.5,0.0
15703.0,81,1,211.5,81,211.5,66,5,0.37037037037037035,81.0,0.0
15704.0,4,4,3031.66,400,757.915,1357,110,0.3,100.0,786.3000000000001
15705.0,18,1,143.1,18,143.1,62,6,1.6666666666666665,18.0,0.0
15708.0,39,7,3082.78,242,440.3971428571429,1211,98,0.8677685950413223,34.57142857142857,1295.94
15709.0,100,2,327.85,406,163.925,169,26,0.1477832512315271,203.0,0.0
15710.0,234,1,898.87,234,898.87,641,110,0.12820512820512822,234.0,0.0
15711.0,373,2,420.25,501,210.125,199,25,0.11976047904191615,250.5,0.0
15712.0,104,8,2699.85,555,337.48125,900,71,0.43243243243243246,69.375,772.5600000000001
15713.0,183,3,825.24,540,275.08,419,39,0.16666666666666669,180.0,185.55
15714.0,270,3,453.93,372,151.31,175,14,0.24193548387096775,124.0,330.88
15715.0,372,5,658.02,436,131.60399999999998,246,33,0.34403669724770647,87.2,0.0
15716.0,18,10,2840.44,549,284.044,1725,175,0.546448087431694,54.9,216.37
15717.0,51,5,607.0,409,121.4,224,17,0.36674816625916873,81.8,0.0
15718.0,357,1,293.79,357,293.79,95,18,0.08403361344537816,357.0,0.0
15719.0,16,25,7608.42,555,304.3368,3937,366,1.3513513513513513,22.2,2614.64
15720.0,367,1,143.19,367,143.19,48,25,0.08174386920980926,367.0,598.73
15722.0,4,8,3806.19,457,475.77375,1555,83,0.5251641137855579,57.125,1451.91
15723.0,181,4,947.65,391,236.9125,444,108,0.3069053708439898,97.75,0.0
15724.0,18,3,310.85,217,103.61666666666667,117,17,0.4147465437788019,72.33333333333333,0.0
15726.0,207,1,321.91,207,321.91,123,23,0.14492753623188406,207.0,0.0
15727.0,15,12,7517.42,501,626.4516666666667,4294,344,0.718562874251497,41.75,1928.09
15728.0,196,2,544.6,261,272.3,132,10,0.22988505747126436,130.5,0.0
15729.0,29,3,192.55,220,64.18333333333334,47,10,0.40909090909090906,73.33333333333333,0.0
15730.0,23,3,1073.13,248,357.71000000000004,686,65,0.3629032258064516,82.66666666666667,653.45
15731.0,370,1,125.3,370,125.3,122,8,0.08108108108108109,370.0,0.0
15732.0,29,10,1682.07,490,168.207,1361,53,0.6122448979591836,49.0,0.0
15733.0,99,1,162.3,99,162.3,62,10,0.30303030303030304,99.0,0.0
15734.0,17,3,1502.5,364,500.8333333333333,303,22,0.24725274725274726,121.33333333333333,760.8000000000001
15735.0,238,1,327.68,238,327.68,206,19,0.12605042016806722,238.0,0.0
15736.0,252,2,1815.72,252,907.86,1268,95,0.23809523809523808,126.0,0.0
15737.0,3,4,729.73,59,182.4325,371,39,2.0338983050847457,14.75,475.39
15738.0,21,34,11173.59,546,328.635,7913,66,1.8681318681318682,16.058823529411764,2199.38
15741.0,275,2,208.62,435,104.31,70,11,0.13793103448275862,217.5,0.0
15742.0,436,1,156.87,436,156.87,51,41,0.06880733944954129,436.0,0.0
15743.0,1,1,322.55,1,322.55,91,18,30.0,1.0,461.91
15745.0,53,1,302.85,53,302.85,127,18,0.5660377358490566,53.0,791.74
15747.0,192,6,1588.57,507,264.76166666666666,890,78,0.35502958579881655,84.5,974.04
15748.0,266,2,465.45000000000005,266,232.72500000000002,211,16,0.22556390977443608,133.0,149.31
15749.0,52,3,44534.3,149,14844.766666666668,18028,5,0.6040268456375839,49.666666666666664,0.0
15750.0,100,13,4944.281,555,380.3293076923077,3372,280,0.7027027027027027,42.69230769230769,1852.91
15751.0,277,11,1380.44,550,125.49454545454546,443,90,0.6,50.0,0.0
15752.0,66,5,2615.34,274,523.068,1766,266,0.5474452554744526,54.8,1592.2
15753.0,121,1,79.2,121,79.2,144,1,0.24793388429752067,121.0,0.0
15754.0,63,7,2670.84,472,381.54857142857145,1599,96,0.44491525423728817,67.42857142857143,366.77
15755.0,52,13,4249.6,552,326.8923076923077,2962,208,0.7065217391304348,42.46153846153846,1743.52
15756.0,30,2,249.12,66,124.56,106,83,0.9090909090909092,33.0,283.84
15757.0,34,5,2487.3,364,497.46000000000004,1433,140,0.41208791208791207,72.8,453.06
15759.0,35,7,830.9300000000001,554,118.70428571428572,523,10,0.3790613718411552,79.14285714285714,0.0
15760.0,447,2,13916.34,447,6958.17,2,1,0.1342281879194631,223.5,0.0
15761.0,259,1,143.05,259,143.05,31,5,0.11583011583011583,259.0,0.0
15764.0,1,5,2917.63,295,583.5260000000001,1766,123,0.5084745762711864,59.0,1585.45
15765.0,483,1,370.63,483,370.63,335,25,0.06211180124223603,483.0,0.0
15766.0,273,2,516.0,499,258.0,164,15,0.12024048096192384,249.5,315.06
15768.0,20,33,15458.41,553,468.43666666666667,4168,432,1.7902350813743217,16.757575757575758,142.68
15769.0,14,33,60341.32,545,1828.5248484848485,34444,18,1.8165137614678901,16.515151515151516,28363.0
15770.0,429,1,321.45,429,321.45,67,18,0.06993006993006994,429.0,0.0
15771.0,421,3,1006.54,510,335.5133333333333,512,26,0.1764705882352941,170.0,0.0
15772.0,235,1,280.88,235,280.88,110,16,0.1276595744680851,235.0,0.0
15773.0,226,1,138.84,226,138.84,99,37,0.1327433628318584,226.0,635.6800000000001
15774.0,235,5,1059.14,473,211.82800000000003,386,69,0.3171247357293869,94.6,270.8
15775.0,62,2,150.5,448,75.25,260,9,0.13392857142857142,224.0,0.0
15777.0,58,7,1762.61,385,251.80142857142854,599,29,0.5454545454545454,55.0,0.0
15778.0,248,1,307.95,248,307.95,101,17,0.12096774193548387,248.0,0.0
15779.0,280,2,124.08000000000001,349,62.040000000000006,20,8,0.17191977077363896,174.5,0.0
15780.0,59,2,402.76,174,201.38,192,24,0.3448275862068966,87.0,72.52
15781.0,122,1,83.35,122,83.35,29,5,0.24590163934426232,122.0,262.11
15782.0,247,1,1399.36,247,1399.36,980,18,0.12145748987854252,247.0,2614.7400000000002
15784.0,284,2,848.3299999999999,489,424.16499999999996,381,33,0.1226993865030675,244.5,0.0
15785.0,14,13,4971.36,541,382.41230769230765,3621,87,0.7208872458410351,41.61538461538461,998.5699999999999
15786.0,234,2,3582.62,353,1791.31,2617,166,0.16997167138810199,176.5,4932.2
15788.0,325,1,221.82999999999998,325,221.82999999999998,115,14,0.09230769230769231,325.0,0.0
15789.0,175,6,1962.01,440,327.00166666666667,2499,110,0.40909090909090906,73.33333333333333,0.0
15791.0,21,4,3218.89,458,804.7225,1797,112,0.26200873362445415,114.5,389.45000000000005
15792.0,216,2,933.84,435,466.92,606,57,0.13793103448275862,217.5,0.0
15793.0,85,6,1740.6,555,290.09999999999997,1324,9,0.32432432432432434,92.5,658.97
15794.0,553,2,777.0,554,388.5,288,15,0.10830324909747292,277.0,0.0
15795.0,247,7,1369.8600000000001,507,195.69428571428574,830,74,0.41420118343195267,72.42857142857143,610.01
15796.0,4,13,3714.19,435,285.7069230769231,1287,132,0.896551724137931,33.46153846153846,1461.64
15797.0,31,5,2453.88,498,490.776,1137,11,0.3012048192771084,99.6,367.2
15798.0,309,3,1535.37,498,511.78999999999996,915,73,0.18072289156626506,166.0,0.0
15799.0,2,3,1021.39,235,340.4633333333333,926,91,0.3829787234042553,78.33333333333333,402.90000000000003
15800.0,63,6,788.0,435,131.33333333333334,361,110,0.41379310344827586,72.5,454.58
15803.0,262,3,1513.84,493,504.6133333333333,740,42,0.18255578093306288,164.33333333333334,415.82000000000005
15804.0,15,1,525.36,15,525.36,314,34,2.0,15.0,3681.03
15805.0,2,20,7365.17,546,368.2585,4499,253,1.098901098901099,27.3,2824.06
15806.0,93,1,300.36,93,300.36,274,16,0.32258064516129037,93.0,484.22
15807.0,225,2,913.62,483,456.81,1102,40,0.12422360248447206,241.5,903.9
15808.0,123,21,18409.93,555,876.6633333333333,7229,348,1.135135135135135,26.428571428571427,0.0
15809.0,1,6,1157.88,352,192.98000000000002,650,45,0.5113636363636364,58.666666666666664,116.56
15810.0,49,6,2461.18,490,410.19666666666666,1322,76,0.36734693877551017,81.66666666666667,537.86
15811.0,22,5,2966.7400000000002,205,593.3480000000001,1319,161,0.7317073170731707,41.0,923.78
15812.0,6,10,4454.55,541,445.45500000000004,3127,83,0.5545286506469501,54.1,746.9200000000001
15813.0,24,2,1303.9099999999999,56,651.9549999999999,603,40,1.0714285714285714,28.0,0.0
15814.0,210,2,689.11,420,344.555,457,23,0.14285714285714288,210.0,1945.33
15815.0,29,3,1394.08,76,464.6933333333333,1068,12,1.1842105263157894,25.333333333333332,706.52
15816.0,359,2,144.14999999999998,359,72.07499999999999,54,11,0.1671309192200557,179.5,0.0
15817.0,237,3,2766.4,360,922.1333333333333,1596,133,0.25,120.0,0.0
15818.0,405,1,340.5,405,340.5,284,11,0.07407407407407407,405.0,0.0
15819.0,16,8,3206.48,448,400.81,2485,162,0.5357142857142857,56.0,728.3100000000001
15820.0,136,1,206.98,136,206.98,128,17,0.22058823529411764,136.0,0.0
15822.0,176,5,1394.79,550,278.95799999999997,735,34,0.2727272727272727,110.0,445.27
15823.0,189,3,3897.17,548,1299.0566666666666,1775,155,0.1642335766423358,182.66666666666666,0.0
15824.0,270,2,890.94,349,445.47,478,24,0.17191977077363896,174.5,0.0
15826.0,27,2,1663.97,385,831.985,1349,66,0.15584415584415584,192.5,934.3100000000001
15827.0,32,23,2869.67,517,124.76826086956522,1311,90,1.3346228239845261,22.47826086956522,924.4
15828.0,192,1,1108.82,192,1108.82,367,74,0.15625,192.0,0.0
15831.0,141,1,309.94,141,309.94,308,17,0.2127659574468085,141.0,491.82
15832.0,71,1,836.79,71,836.79,465,54,0.4225352112676056,71.0,0.0
15833.0,554,1,80.4,554,80.4,24,5,0.05415162454873646,554.0,0.0
15834.0,94,5,2820.61,241,564.1220000000001,1264,245,0.6224066390041494,48.2,952.38
15835.0,77,2,488.31,147,244.155,243,25,0.40816326530612246,73.5,465.78
15837.0,302,1,385.03000000000003,302,385.03000000000003,216,28,0.09933774834437085,302.0,391.98
15838.0,7,22,48728.799999999996,541,2214.945454545454,50644,44,1.2199630314232903,24.59090909090909,25434.2
15841.0,35,7,2131.61,546,304.5157142857143,1815,47,0.3846153846153846,78.0,610.8000000000001
15842.0,210,2,548.8,344,274.4,296,24,0.1744186046511628,172.0,0.0
15843.0,120,1,118.95000000000002,120,118.95000000000002,27,8,0.25,120.0,0.0
15845.0,27,6,2251.67,499,375.27833333333336,896,77,0.3607214428857715,83.16666666666667,2174.61
15846.0,202,1,107.01,202,107.01,79,27,0.1485148514851485,202.0,0.0
15847.0,105,4,613.98,458,153.495,542,28,0.26200873362445415,114.5,208.59
15848.0,438,1,139.94,438,139.94,46,34,0.0684931506849315,438.0,0.0
15850.0,193,4,819.87,543,204.9675,1077,197,0.22099447513812157,135.75,238.85
15851.0,343,1,109.73,343,109.73,67,8,0.08746355685131195,343.0,0.0
15852.0,3,3,257.26,343,85.75333333333333,60,31,0.2623906705539359,114.33333333333333,0.0
15854.0,21,15,4193.55,546,279.57,1345,134,0.8241758241758241,36.4,1390.26
15855.0,23,4,682.99,293,170.7475,493,51,0.40955631399317405,73.25,369.73
15856.0,20,33,24772.24,553,750.6739393939395,13409,231,1.7902350813743217,16.757575757575758,9448.1
15857.0,247,1,273.48,247,273.48,276,10,0.12145748987854252,247.0,297.0
15858.0,106,10,3337.7400000000002,546,333.774,2477,231,0.5494505494505495,54.6,622.63
15859.0,249,1,438.46,249,438.46,174,22,0.12048192771084336,249.0,0.0
15860.0,49,12,1948.26,550,162.355,1080,192,0.6545454545454545,45.833333333333336,556.95
15861.0,84,6,1958.91,497,326.485,1877,266,0.36217303822937624,82.83333333333333,2442.88
15862.0,21,11,2586.42,539,235.1290909090909,1454,367,0.6122448979591836,49.0,341.87
15863.0,9,4,299.06,539,74.765,147,58,0.22263450834879406,134.75,59.64
15864.0,133,2,486.86,198,243.43,404,9,0.30303030303030304,99.0,1693.9
15865.0,30,3,1667.72,520,555.9066666666666,957,99,0.17307692307692307,173.33333333333334,581.2
15867.0,13,25,7006.36,542,280.2544,4047,452,1.3837638376383763,21.68,2057.59
15868.0,400,1,94.53,400,94.53,57,4,0.075,400.0,0.0
15869.0,94,3,323.65999999999997,443,107.88666666666666,274,29,0.20316027088036118,147.66666666666666,0.0
15870.0,213,3,508.52,263,169.50666666666666,173,61,0.3422053231939164,87.66666666666667,354.09000000000003
15871.0,254,1,33.099999999999994,254,33.099999999999994,5,5,0.11811023622047244,254.0,0.0
15872.0,195,2,434.75,367,217.375,294,70,0.16348773841961853,183.5,360.93
15873.0,316,4,313.91999999999996,317,78.47999999999999,1152,3,0.3785488958990536,79.25,0.0
15874.0,34,19,9041.68,518,475.8778947368421,3618,233,1.1003861003861004,27.263157894736842,2243.08
15875.0,463,1,111.72,463,111.72,76,18,0.06479481641468683,463.0,0.0
15876.0,226,2,1449.1399999999999,265,724.5699999999999,886,11,0.22641509433962265,132.5,0.0
15878.0,378,2,330.77,550,165.385,243,47,0.10909090909090909,275.0,0.0
15879.0,221,4,1157.3,539,289.325,643,171,0.22263450834879406,134.75,0.0
15880.0,186,1,686.5600000000001,186,686.5600000000001,422,95,0.16129032258064518,186.0,0.0
15881.0,129,5,501.39000000000004,181,100.278,260,26,0.8287292817679558,36.2,0.0
15882.0,15,8,1495.98,546,186.9975,814,49,0.43956043956043955,68.25,0.0
15884.0,249,2,249.70000000000002,553,124.85000000000001,158,14,0.10849909584086799,276.5,0.0
15885.0,126,13,1587.47,504,122.11307692307693,512,69,0.7738095238095237,38.76923076923077,364.35
15886.0,233,3,871.78,415,290.5933333333333,520,47,0.21686746987951808,138.33333333333334,181.09
15887.0,223,3,1027.15,372,342.3833333333334,605,27,0.24193548387096775,124.0,0.0
15888.0,217,2,260.85,343,130.425,63,24,0.1749271137026239,171.5,168.31
15889.0,186,7,1657.33,546,236.76142857142855,923,237,0.3846153846153846,78.0,148.95
15890.0,211,5,535.65,421,107.13,119,10,0.3562945368171021,84.2,0.0
15891.0,43,1,524.52,43,524.52,442,60,0.6976744186046512,43.0,0.0
15892.0,486,1,128.2,486,128.2,46,38,0.0617283950617284,486.0,0.0
15893.0,298,1,305.28000000000003,298,305.28000000000003,288,1,0.10067114093959731,298.0,0.0
15894.0,70,2,420.29,186,210.145,283,35,0.32258064516129037,93.0,0.0
15897.0,11,2,222.05,11,111.025,261,17,5.454545454545455,5.5,0.0
15898.0,43,24,5210.42,545,217.10083333333333,2272,280,1.3211009174311927,22.708333333333332,385.89
15899.0,185,1,112.5,185,112.5,78,4,0.16216216216216217,185.0,0.0
15900.0,230,3,549.29,379,183.09666666666666,440,68,0.237467018469657,126.33333333333333,351.11
15901.0,268,4,339.34,360,84.835,318,49,0.33333333333333337,90.0,363.88
15902.0,197,1,145.01,197,145.01,124,18,0.15228426395939085,197.0,0.0
15903.0,44,7,4454.72,511,636.3885714285715,2192,39,0.410958904109589,73.0,4485.12
15905.0,360,1,114.69,360,114.69,82,22,0.08333333333333334,360.0,0.0
15906.0,36,6,1671.1100000000001,267,278.5183333333334,432,84,0.6741573033707865,44.5,884.53
15907.0,27,1,251.18,27,251.18,157,46,1.1111111111111112,27.0,716.27
15908.0,307,2,764.57,329,382.285,174,37,0.182370820668693,164.5,0.0
15910.0,24,11,2000.23,504,181.8390909090909,1587,322,0.6547619047619048,45.81818181818182,681.57
15911.0,440,8,1702.34,547,212.7925,811,162,0.43875685557586835,68.375,0.0
15912.0,50,8,951.57,546,118.94625,640,77,0.43956043956043955,68.25,123.13
15913.0,351,1,6.300000000000001,351,6.300000000000001,3,1,0.08547008547008547,351.0,0.0
15914.0,195,2,205.99,195,102.995,149,13,0.3076923076923077,97.5,0.0
15915.0,218,1,429.21,218,429.21,451,105,0.13761467889908258,218.0,0.0
15916.0,8,10,2747.61,546,274.761,1341,178,0.5494505494505495,54.6,679.5600000000001
15917.0,64,5,560.63,554,112.126,263,127,0.27075812274368233,110.8,0.0
15918.0,7,3,582.88,448,194.29333333333332,240,49,0.20089285714285712,149.33333333333334,0.0
15919.0,185,1,541.44,185,541.44,484,38,0.16216216216216217,185.0,369.17
15920.0,241,5,404.14,542,80.828,141,42,0.2767527675276753,108.4,167.5
15921.0,213,3,466.08,457,155.35999999999999,176,52,0.19693654266958424,152.33333333333334,336.03000000000003
15922.0,190,1,739.0,190,739.0,276,11,0.15789473684210525,190.0,0.0
15923.0,189,1,254.16,189,254.16,244,21,0.15873015873015872,189.0,0.0
15924.0,548,1,102.82,548,102.82,103,14,0.05474452554744525,548.0,0.0
15925.0,11,1,207.15,11,207.15,93,12,2.7272727272727275,11.0,0.0
15926.0,359,1,134.44,359,134.44,155,7,0.08356545961002786,359.0,0.0
15927.0,464,1,123.39,464,123.39,69,13,0.06465517241379311,464.0,0.0
15928.0,473,1,293.53,473,293.53,164,11,0.06342494714587738,473.0,0.0
15929.0,461,1,594.0,461,594.0,120,1,0.0650759219088937,461.0,0.0
15931.0,245,1,239.9,245,239.9,118,14,0.12244897959183675,245.0,0.0
15932.0,31,4,1273.25,106,318.3125,879,44,1.1320754716981132,26.5,1222.62
15934.0,234,2,2190.66,246,1095.33,2166,29,0.24390243902439027,123.0,0.0
15935.0,56,2,416.86,58,208.43,115,12,1.0344827586206897,29.0,0.0
15936.0,196,2,282.79,284,141.395,211,16,0.2112676056338028,142.0,0.0
15938.0,18,8,665.53,373,83.19125,401,24,0.6434316353887399,46.625,69.28
15939.0,13,10,7577.7300000000005,191,757.773,5266,52,1.5706806282722514,19.1,1482.66
15940.0,128,1,35.8,128,35.8,4,1,0.234375,128.0,0.0
15941.0,454,1,405.0,454,405.0,60,6,0.06607929515418502,454.0,0.0
15943.0,466,2,271.28999999999996,494,135.64499999999998,183,12,0.12145748987854252,247.0,0.0
15944.0,93,4,2164.24,543,541.06,859,25,0.22099447513812157,135.75,0.0
15945.0,182,4,827.27,555,206.8175,397,24,0.21621621621621623,138.75,0.0
15946.0,319,3,2304.18,450,768.06,1614,25,0.2,150.0,0.0
15948.0,241,1,553.85,241,553.85,285,35,0.12448132780082988,241.0,955.24
15950.0,176,7,5844.02,499,834.86,2790,194,0.42084168336673344,71.28571428571429,1336.69
15951.0,102,2,680.12,198,340.06,281,35,0.30303030303030304,99.0,333.05
15952.0,42,1,232.65,42,232.65,123,14,0.7142857142857142,42.0,573.92
15953.0,28,14,2836.31,553,202.59357142857144,1411,69,0.7594936708860759,39.5,833.24
15954.0,406,1,190.75,406,190.75,119,20,0.07389162561576355,406.0,0.0
15955.0,20,11,5687.72,471,517.0654545454546,2668,130,0.7006369426751592,42.81818181818182,2970.64
15956.0,368,2,617.6,543,308.8,278,18,0.11049723756906078,271.5,0.0
15957.0,237,2,501.21,237,250.605,247,88,0.2531645569620253,118.5,428.89
15958.0,220,3,388.64,367,129.54666666666665,131,45,0.24523160762942778,122.33333333333333,104.35
15959.0,499,3,579.49,499,193.16333333333333,282,58,0.18036072144288576,166.33333333333334,0.0
15960.0,191,4,410.95,252,102.7375,258,24,0.47619047619047616,63.0,0.0
15961.0,196,1,451.28999999999996,196,451.28999999999996,154,42,0.1530612244897959,196.0,0.0
15962.0,266,1,295.83,266,295.83,235,43,0.11278195488721804,266.0,0.0
15964.0,480,1,272.96000000000004,480,272.96000000000004,94,20,0.0625,480.0,0.0
15965.0,184,10,2323.64,553,232.36399999999998,1054,144,0.5424954792043399,55.3,689.45
15966.0,267,1,426.53000000000003,267,426.53000000000003,275,27,0.11235955056179775,267.0,0.0
15967.0,135,11,2796.57,555,254.23363636363638,1055,290,0.5945945945945945,50.45454545454545,245.03
15968.0,205,1,418.05,205,418.05,253,70,0.14634146341463414,205.0,0.0
15969.0,2,3,769.65,339,256.55,143,23,0.2654867256637168,113.0,357.4
15970.0,120,2,1017.32,415,508.66,498,19,0.14457831325301207,207.5,0.0
15971.0,59,10,2789.13,548,278.913,1061,9,0.5474452554744526,54.8,3113.7
15972.0,273,5,1810.27,417,362.054,480,104,0.3597122302158273,83.4,0.0
15973.0,183,3,988.44,246,329.48,301,8,0.36585365853658536,82.0,0.0
15974.0,1,4,2054.85,105,513.7125,1300,90,1.142857142857143,26.25,1387.3
15976.0,37,5,1525.69,368,305.13800000000003,926,240,0.4076086956521739,73.6,220.95
15978.0,249,2,2180.64,461,1090.32,1556,72,0.1301518438177874,230.5,1098.78
15979.0,419,1,329.22,419,329.22,450,22,0.07159904534606205,419.0,0.0
15980.0,71,5,4955.0,373,991.0,3894,83,0.40214477211796246,74.6,1638.68
15981.0,27,17,7576.49,437,445.6758823529412,3817,124,1.1670480549199085,25.705882352941178,1786.28
15982.0,422,1,324.51,422,324.51,131,45,0.07109004739336494,422.0,0.0
15983.0,177,7,3632.07,550,518.8671428571429,2258,117,0.38181818181818183,78.57142857142857,326.75
15984.0,50,25,6703.73,555,268.1492,4600,318,1.3513513513513513,22.2,2055.59
15985.0,53,6,2472.44,378,412.0733333333333,2542,48,0.47619047619047616,63.0,242.84
15986.0,198,1,186.3,198,186.3,100,11,0.15151515151515152,198.0,168.12
15987.0,16,5,746.9300000000001,196,149.38600000000002,1237,50,0.7653061224489797,39.2,935.2
15988.0,368,2,612.0600000000001,473,306.03000000000003,305,93,0.12684989429175475,236.5,158.03
15989.0,192,2,372.51,554,186.255,171,81,0.10830324909747292,277.0,0.0
15990.0,104,6,1619.31,466,269.885,818,95,0.38626609442060084,77.66666666666667,390.74
15991.0,351,1,150.55,351,150.55,41,6,0.08547008547008547,351.0,0.0
15992.0,213,2,854.61,270,427.305,497,51,0.22222222222222224,135.0,41.989999999999995
15994.0,228,2,775.11,452,387.555,292,69,0.1327433628318584,226.0,427.07
15995.0,231,1,696.19,231,696.19,353,108,0.12987012987012986,231.0,0.0
15996.0,80,4,1281.49,214,320.3725,623,104,0.5607476635514018,53.5,405.41
15998.0,79,13,7000.59,555,538.506923076923,4440,596,0.7027027027027027,42.69230769230769,1307.75
15999.0,552,1,20.4,552,20.4,24,1,0.05434782608695652,552.0,0.0
16001.0,198,1,583.39,198,583.39,337,29,0.15151515151515152,198.0,0.0
16002.0,442,1,169.21,442,169.21,70,42,0.06787330316742082,442.0,0.0
16003.0,176,6,4059.46,553,676.5766666666667,1209,102,0.325497287522604,92.16666666666667,1554.3700000000001
16004.0,291,5,2146.39,500,429.27799999999996,1076,63,0.3,100.0,0.0
16005.0,87,7,1998.42,267,285.48857142857145,1092,212,0.7865168539325843,38.142857142857146,437.8
16006.0,28,2,347.17,204,173.585,211,75,0.29411764705882354,102.0,0.0
16007.0,32,4,1742.95,360,435.7375,1670,230,0.33333333333333337,90.0,1332.19
16008.0,21,13,5044.5,447,388.03846153846155,3025,58,0.87248322147651,34.38461538461539,339.63
16010.0,62,11,1724.06,228,156.73272727272726,931,122,1.4473684210526314,20.727272727272727,0.0
16011.0,1,20,3746.16,555,187.308,2237,156,1.0810810810810811,27.75,2134.2999999999997
16012.0,218,2,1574.5,346,787.25,967,138,0.17341040462427745,173.0,1415.29
16013.0,1,60,33117.159999999996,548,551.9526666666666,15284,35,3.2846715328467155,9.133333333333333,24329.28
16014.0,108,3,730.82,494,243.60666666666668,319,168,0.18218623481781376,164.66666666666666,399.45
16016.0,13,7,1842.75,219,263.25,750,127,0.958904109589041,31.285714285714285,691.19
16017.0,234,4,1341.95,520,335.4875,538,81,0.23076923076923078,130.0,211.88
16018.0,213,2,289.23,549,144.615,313,26,0.1092896174863388,274.5,408.90000000000003
16019.0,49,24,16169.11,542,673.7129166666667,6127,192,1.3284132841328413,22.583333333333332,1296.74
16021.0,212,2,532.25,361,266.125,297,117,0.16620498614958448,180.5,0.0
16022.0,77,1,628.28,77,628.28,261,68,0.38961038961038963,77.0,0.0
16023.0,9,2,500.69,83,250.345,227,59,0.7228915662650602,41.5,219.12
16024.0,228,2,232.96,228,116.48,107,21,0.2631578947368421,114.0,251.24
16027.0,35,12,1630.41,517,135.8675,1462,14,0.6963249516441006,43.083333333333336,417.95000000000005
16028.0,412,1,82.2,412,82.2,18,5,0.07281553398058252,412.0,0.0
16029.0,3,74,77572.56,548,1048.2778378378378,33184,39,4.051094890510949,7.405405405405405,44636.58
16030.0,126,1,331.24,126,331.24,283,28,0.23809523809523808,126.0,0.0
16031.0,64,1,305.63,64,305.63,219,39,0.46875,64.0,243.31
16032.0,273,6,1970.45,340,328.40833333333336,1480,130,0.5294117647058824,56.666666666666664,0.0
16033.0,17,18,5297.4,302,294.29999999999995,1888,328,1.7880794701986755,16.77777777777778,5538.7300000000005
16034.0,13,6,928.72,226,154.78666666666666,597,43,0.7964601769911505,37.666666666666664,0.0
16035.0,377,1,217.73,377,217.73,33,21,0.07957559681697612,377.0,0.0
16036.0,80,3,1986.65,437,662.2166666666667,780,88,0.20594965675057206,145.66666666666666,570.19
16037.0,86,5,1509.34,465,301.868,766,62,0.32258064516129037,93.0,0.0
16038.0,18,1,316.95,18,316.95,187,19,1.6666666666666665,18.0,154.83
16039.0,240,2,456.4,445,228.2,409,27,0.13483146067415733,222.5,0.0
16040.0,85,5,1525.78,426,305.156,786,69,0.352112676056338,85.2,891.12
16042.0,149,4,1092.8,270,273.2,692,50,0.4444444444444445,67.5,1172.32
16043.0,28,7,1759.0900000000001,298,251.29857142857145,850,48,0.7046979865771812,42.57142857142857,97.5
16044.0,252,1,340.84000000000003,252,340.84000000000003,170,19,0.11904761904761904,252.0,0.0
16045.0,62,6,2955.48,315,492.58,1756,103,0.5714285714285715,52.5,479.45
16046.0,379,1,235.78,379,235.78,248,22,0.07915567282321899,379.0,0.0
16047.0,499,1,107.14,499,107.14,1,1,0.06012024048096192,499.0,0.0
16048.0,190,4,1075.23,366,268.8075,569,30,0.32786885245901637,91.5,0.0
16049.0,192,3,787.89,333,262.63,372,175,0.2702702702702703,111.0,1111.79
16050.0,200,2,162.8,218,81.4,110,9,0.27522935779816515,109.0,137.9
16051.0,498,1,188.44,498,188.44,80,12,0.06024096385542168,498.0,0.0
16053.0,230,4,2122.89,427,530.7225,1274,101,0.2810304449648712,106.75,1511.95
16054.0,235,3,1327.98,434,442.66,411,49,0.20737327188940094,144.66666666666666,783.9
16055.0,37,1,134.8,37,134.8,22,8,0.8108108108108109,37.0,0.0
16057.0,28,6,2651.27,518,441.87833333333333,1205,128,0.34749034749034746,86.33333333333333,1203.58
16058.0,223,1,62.7,223,62.7,18,2,0.13452914798206278,223.0,0.0
16059.0,71,9,2405.61,386,267.29,1135,192,0.6994818652849741,42.888888888888886,812.16
16060.0,217,3,541.95,311,180.65,243,22,0.28938906752411575,103.66666666666667,0.0
16061.0,248,1,89.65,248,89.65,19,3,0.12096774193548387,248.0,0.0
16062.0,58,6,2288.01,353,381.33500000000004,1568,115,0.509915014164306,58.833333333333336,575.44
16063.0,77,1,335.32,77,335.32,262,23,0.38961038961038963,77.0,0.0
16064.0,542,1,111.0,542,111.0,56,17,0.055350553505535055,542.0,0.0
16065.0,182,8,2382.62,280,297.8275,1447,214,0.8571428571428571,35.0,0.0
16067.0,379,3,3395.29,492,1131.7633333333333,1279,60,0.18292682926829268,164.0,0.0
16068.0,410,1,122.93,410,122.93,52,34,0.07317073170731707,410.0,0.0
16069.0,234,1,457.7,234,457.7,138,25,0.12820512820512822,234.0,0.0
16071.0,344,3,750.5600000000001,472,250.1866666666667,517,47,0.19067796610169493,157.33333333333334,326.24
16072.0,105,4,4328.89,366,1082.2225,1611,414,0.32786885245901637,91.5,0.0
16073.0,114,1,122.39999999999999,114,122.39999999999999,48,1,0.2631578947368421,114.0,0.0
16074.0,207,1,265.25,207,265.25,39,23,0.14492753623188406,207.0,0.0
16075.0,319,2,736.9300000000001,381,368.46500000000003,271,41,0.15748031496062992,190.5,0.0
16076.0,25,1,305.45000000000005,25,305.45000000000005,137,16,1.2,25.0,1929.28
16077.0,442,1,2300.4,442,2300.4,840,8,0.06787330316742082,442.0,0.0
16078.0,100,2,362.99,486,181.495,200,39,0.1234567901234568,243.0,0.0
16080.0,91,3,515.66,267,171.88666666666666,236,24,0.33707865168539325,89.0,86.9
16081.0,2,6,2645.65,491,440.94166666666666,1243,155,0.3665987780040733,81.83333333333333,1814.53
16082.0,487,1,106.75,487,106.75,39,16,0.06160164271047228,487.0,0.0
16083.0,177,3,1371.78,205,457.26,990,51,0.43902439024390244,68.33333333333333,979.64
16084.0,116,1,436.18,116,436.18,216,38,0.25862068965517243,116.0,0.0
16085.0,53,9,1687.06,505,187.45111111111112,972,196,0.5346534653465346,56.111111111111114,656.47
16086.0,17,8,2330.66,554,291.3325,1263,63,0.4332129963898917,69.25,534.33
16087.0,206,5,1739.92,506,347.98400000000004,664,6,0.2964426877470356,101.2,0.0
16088.0,392,2,1437.43,408,718.715,373,3,0.14705882352941177,204.0,0.0
16089.0,203,2,271.44,326,135.72,122,42,0.18404907975460122,163.0,0.0
16090.0,441,1,205.91,441,205.91,65,18,0.06802721088435375,441.0,0.0
16091.0,15,1,157.25,15,157.25,83,10,2.0,15.0,157.81
16092.0,14,5,1363.81,396,272.762,1005,55,0.3787878787878788,79.2,224.13
16094.0,36,8,2869.43,419,358.67875,1537,81,0.5727923627684964,52.375,826.13
16095.0,273,1,447.05,273,447.05,265,30,0.10989010989010989,273.0,0.0
16096.0,81,4,1584.97,462,396.2425,700,58,0.2597402597402597,115.5,0.0
16097.0,57,1,185.04999999999998,57,185.04999999999998,87,10,0.5263157894736842,57.0,0.0
16098.0,2,11,3664.69,541,333.1536363636364,1861,75,0.6099815157116452,49.18181818181818,783.41
16099.0,42,5,1159.6,463,231.92,732,36,0.3239740820734341,92.6,413.6
16100.0,279,1,582.64,279,582.64,438,37,0.10752688172043011,279.0,0.0
16101.0,251,3,1938.46,378,646.1533333333333,1087,94,0.23809523809523808,126.0,1290.7
16103.0,3,19,5567.33,517,293.01736842105265,2343,105,1.1025145067698259,27.210526315789473,624.38
16104.0,235,8,2476.25,550,309.53125,925,162,0.43636363636363634,68.75,302.36
16105.0,65,5,2386.19,421,477.238,2125,92,0.3562945368171021,84.2,0.0
16108.0,251,3,1393.42,448,464.47333333333336,858,79,0.20089285714285712,149.33333333333334,842.5
16109.0,35,3,939.48,515,313.16,1092,30,0.17475728155339806,171.66666666666666,0.0
16110.0,79,3,1175.72,339,391.9066666666667,522,235,0.2654867256637168,113.0,643.55
16111.0,245,1,562.48,245,562.48,236,72,0.12244897959183675,245.0,0.0
16112.0,150,2,136.14,155,68.07,342,10,0.3870967741935484,77.5,59.599999999999994
16115.0,29,7,1418.07,391,202.58142857142857,920,158,0.5370843989769821,55.857142857142854,1157.07
16116.0,28,1,612.78,28,612.78,248,34,1.0714285714285714,28.0,0.0
16117.0,6,3,654.4,408,218.13333333333333,321,64,0.22058823529411764,136.0,0.0
16118.0,469,1,4376.25,469,4376.25,2851,41,0.06396588486140725,469.0,0.0
16119.0,211,6,1297.45,540,216.24166666666667,571,31,0.33333333333333337,90.0,423.36
16120.0,239,2,1747.77,239,873.885,1327,60,0.2510460251046025,119.5,1309.14
16121.0,32,4,897.87,382,224.4675,453,159,0.31413612565445026,95.5,579.22
16122.0,149,4,566.76,242,141.69,716,20,0.49586776859504134,60.5,434.58000000000004
16124.0,134,4,1772.49,549,443.1225,797,63,0.2185792349726776,137.25,0.0
16125.0,184,14,4587.65,542,327.6892857142857,1944,168,0.7749077490774908,38.714285714285715,0.0
16126.0,1,13,10203.03,554,784.8484615384616,4555,128,0.703971119133574,42.61538461538461,4443.77
16127.0,543,1,145.06,543,145.06,68,35,0.05524861878453039,543.0,656.25
16128.0,99,7,2309.13,328,329.8757142857143,1631,102,0.6402439024390244,46.857142857142854,1491.92
16129.0,224,3,1396.05,324,465.34999999999997,1261,91,0.2777777777777778,108.0,0.0
16130.0,239,4,987.48,434,246.87,296,53,0.2764976958525346,108.5,0.0
16131.0,24,8,8115.4,554,1014.425,3758,117,0.4332129963898917,69.25,1842.02
16132.0,361,2,664.1999999999999,444,332.09999999999997,280,14,0.13513513513513514,222.0,0.0
16133.0,2,35,15194.59,435,434.13114285714283,8639,191,2.413793103448276,12.428571428571429,7797.67
16134.0,176,4,1810.78,357,452.695,1424,71,0.33613445378151263,89.25,334.56
16135.0,79,2,819.45,400,409.725,395,35,0.15,200.0,0.0
16136.0,94,2,396.72,480,198.36,300,17,0.125,240.0,550.08
16137.0,497,1,422.7,497,422.7,210,28,0.06036217303822938,497.0,0.0
16138.0,195,3,910.35,407,303.45,774,35,0.22113022113022113,135.66666666666666,0.0
16139.0,23,3,615.54,553,205.17999999999998,356,29,0.162748643761302,184.33333333333334,495.61
16140.0,188,2,956.5600000000001,258,478.28000000000003,750,33,0.23255813953488372,129.0,601.04
16141.0,234,1,335.54,234,335.54,172,20,0.12820512820512822,234.0,620.4
16142.0,66,1,535.34,66,535.34,422,37,0.4545454545454546,66.0,0.0
16143.0,29,10,4060.06,546,406.006,1629,91,0.5494505494505495,54.6,850.77
16144.0,63,1,175.2,63,175.2,16,1,0.47619047619047616,63.0,0.0
16145.0,43,12,4322.2300000000005,401,360.1858333333334,3306,154,0.8977556109725685,33.416666666666664,2483.21
16146.0,20,3,871.38,265,290.46,484,34,0.33962264150943394,88.33333333333333,75.0
16147.0,217,4,2023.91,489,505.9775,1149,101,0.245398773006135,122.25,375.0
16148.0,113,2,386.62,253,193.31,250,9,0.23715415019762845,126.5,0.0
16149.0,246,1,141.70000000000002,246,141.70000000000002,290,12,0.12195121951219513,246.0,280.52
16150.0,87,7,3307.0499999999997,539,472.43571428571425,1617,109,0.38961038961038963,77.0,1088.54
16152.0,85,1,1829.04,85,1829.04,642,29,0.3529411764705882,85.0,0.0
16153.0,2,9,4009.36,379,445.4844444444445,3028,129,0.7124010554089709,42.111111111111114,1124.13
16155.0,198,5,796.9,356,159.38,495,45,0.42134831460674155,71.2,0.0
16156.0,23,14,4156.71,554,296.90785714285715,2395,138,0.7581227436823104,39.57142857142857,2061.4700000000003
16158.0,339,9,628.32,551,69.81333333333333,182,29,0.4900181488203266,61.22222222222222,0.0
16159.0,98,4,1232.79,553,308.1975,635,31,0.21699819168173598,138.25,0.0
16161.0,15,34,9544.34,486,280.7158823529412,4871,348,2.0987654320987654,14.294117647058824,3287.46
16162.0,69,1,37.4,69,37.4,4,2,0.43478260869565216,69.0,0.0
16163.0,49,6,2849.58,554,474.93,768,59,0.3249097472924188,92.33333333333333,0.0
16165.0,322,1,79.9,322,79.9,2,1,0.09316770186335403,322.0,0.0
16166.0,245,2,435.83,508,217.915,173,18,0.11811023622047244,254.0,0.0
16167.0,231,5,1386.1200000000001,555,277.22400000000005,1494,51,0.2702702702702703,111.0,0.0
16168.0,3,49,8244.18,553,168.24857142857144,3882,113,2.6582278481012658,11.285714285714286,2392.29
16170.0,51,16,5609.53,476,350.595625,4720,203,1.0084033613445378,29.75,1259.47
16172.0,58,4,943.72,330,235.93,812,54,0.36363636363636365,82.5,940.83
16174.0,308,4,1237.2,420,309.3,780,15,0.28571428571428575,105.0,1009.5500000000001
16175.0,21,5,1265.83,380,253.166,619,45,0.39473684210526316,76.0,570.61
16176.0,238,4,2052.69,437,513.1725,952,53,0.2745995423340961,109.25,0.0
16177.0,253,7,1915.36,464,273.62285714285713,926,66,0.45258620689655177,66.28571428571429,331.95
16178.0,218,1,414.7,218,414.7,210,17,0.13761467889908258,218.0,197.9
16180.0,27,9,8741.12,351,971.2355555555556,5558,162,0.7692307692307692,39.0,7508.75
16182.0,20,7,5871.0,457,838.7142857142857,3596,12,0.45951859956236324,65.28571428571429,4100.65
16183.0,211,3,739.1,224,246.36666666666667,238,17,0.40178571428571425,74.66666666666667,338.71000000000004
16184.0,28,1,148.22,28,148.22,26,9,1.0714285714285714,28.0,1010.57
16185.0,49,2,450.31,381,225.155,214,28,0.15748031496062992,190.5,194.41
16186.0,6,19,6366.52,547,335.08000000000004,4948,138,1.0420475319926874,28.789473684210527,2659.59
16187.0,20,7,2564.64,101,366.3771428571428,1545,89,2.0792079207920793,14.428571428571429,4346.8
16188.0,43,3,671.57,225,223.85666666666668,495,46,0.4,75.0,416.09
16190.0,211,7,2508.4700000000003,542,358.3528571428572,1143,88,0.3874538745387454,77.42857142857143,215.08
16191.0,79,19,13123.18,545,690.6936842105264,7621,76,1.0458715596330275,28.68421052631579,2564.84
16192.0,552,1,351.3,552,351.3,208,11,0.05434782608695652,552.0,0.0
16193.0,53,2,630.43,227,315.215,379,38,0.2643171806167401,113.5,0.0
16194.0,192,1,308.59999999999997,192,308.59999999999997,140,8,0.15625,192.0,0.0
16195.0,540,1,323.25,540,323.25,123,16,0.05555555555555556,540.0,0.0
16196.0,305,1,93.3,305,93.3,26,4,0.09836065573770492,305.0,0.0
16197.0,286,9,2016.71,540,224.07888888888888,1420,52,0.5,60.0,0.0
16198.0,254,1,629.36,254,629.36,255,18,0.11811023622047244,254.0,400.68100000000004
16199.0,209,7,942.75,448,134.67857142857142,321,2,0.46875,64.0,0.0
16200.0,199,10,4562.83,554,456.283,2566,241,0.5415162454873647,55.4,1080.6200000000001
16201.0,232,1,248.65,232,248.65,135,13,0.12931034482758622,232.0,1863.47
16202.0,177,9,2501.9900000000002,554,277.9988888888889,1307,105,0.4873646209386281,61.55555555555556,0.0
16203.0,44,4,839.9399999999999,321,209.98499999999999,487,47,0.37383177570093457,80.25,274.6
16204.0,197,2,538.53,548,269.265,455,47,0.1094890510948905,274.0,405.71
16205.0,213,3,1069.23,359,356.41,938,89,0.25069637883008355,119.66666666666667,761.38
16206.0,25,11,2354.01,501,214.00090909090912,1265,174,0.6586826347305389,45.54545454545455,248.31
16208.0,106,9,3273.78,470,363.75333333333333,1451,164,0.574468085106383,52.22222222222222,166.67
16209.0,3,6,2452.2200000000003,363,408.7033333333334,1234,42,0.49586776859504134,60.5,1694.5600000000002
16210.0,30,26,27996.420000000002,554,1076.7853846153846,10878,117,1.407942238267148,21.307692307692307,10493.09
16211.0,238,2,543.5699999999999,255,271.78499999999997,365,12,0.23529411764705882,127.5,547.02
16212.0,100,3,1101.52,487,367.17333333333335,478,61,0.18480492813141686,162.33333333333334,192.19
16214.0,69,3,1725.17,252,575.0566666666667,1208,78,0.3571428571428571,84.0,313.08000000000004
16216.0,84,1,914.9300000000001,84,914.9300000000001,254,37,0.3571428571428571,84.0,0.0
16217.0,52,2,304.25,99,152.125,91,13,0.6060606060606061,49.5,0.0
16218.0,23,10,3084.05,378,308.40500000000003,2365,68,0.7936507936507936,37.8,1355.92
16219.0,317,1,40.8,317,40.8,48,1,0.0946372239747634,317.0,0.0
16221.0,92,8,1686.02,303,210.7525,1065,117,0.7920792079207921,37.875,549.49
16222.0,135,2,1345.22,538,672.61,503,133,0.11152416356877323,269.0,0.0
16223.0,191,2,1102.3500000000001,212,551.1750000000001,651,101,0.2830188679245283,106.0,0.0
16224.0,57,3,864.45,204,288.15000000000003,924,62,0.4411764705882353,68.0,752.09
16225.0,94,12,2187.7000000000003,487,182.30833333333337,992,149,0.7392197125256674,40.583333333333336,679.71
16226.0,20,5,672.1700000000001,230,134.43400000000003,521,23,0.6521739130434783,46.0,0.0
16227.0,42,3,1027.22,352,342.4066666666667,436,28,0.2556818181818182,117.33333333333333,0.0
16228.0,202,3,890.8100000000001,217,296.93666666666667,561,45,0.4147465437788019,72.33333333333333,0.0
16229.0,29,5,2215.46,381,443.092,1066,120,0.39370078740157477,76.2,652.4
16230.0,6,2,542.03,37,271.015,365,32,1.6216216216216217,18.5,0.0
16231.0,196,4,1078.22,414,269.555,564,69,0.2898550724637681,103.5,0.0
16232.0,32,5,2088.56,367,417.712,1530,59,0.4087193460490463,73.4,624.41
16233.0,146,8,1755.53,554,219.44125,605,37,0.4332129963898917,69.25,210.18
16234.0,293,3,333.18,378,111.06,170,13,0.23809523809523808,126.0,0.0
16235.0,3,7,1851.69,287,264.52714285714285,709,75,0.7317073170731707,41.0,202.01999999999998
16237.0,254,1,136.65,254,136.65,57,7,0.11811023622047244,254.0,0.0
16238.0,239,1,63.66,239,63.66,85,6,0.12552301255230125,239.0,0.0
16239.0,6,5,1425.9,280,285.18,646,21,0.5357142857142857,56.0,66.3
16241.0,29,7,2555.4,227,365.0571428571429,1296,318,0.9251101321585903,32.42857142857143,1773.91
16242.0,31,9,4264.09,451,473.7877777777778,2147,263,0.5986696230598669,50.111111111111114,3210.31
16244.0,28,2,2579.38,189,1289.69,1474,88,0.31746031746031744,94.5,0.0
16245.0,73,1,453.98,73,453.98,258,30,0.410958904109589,73.0,959.6800000000001
16246.0,276,2,827.25,486,413.625,338,79,0.1234567901234568,243.0,0.0
16249.0,18,2,1020.53,56,510.265,487,26,1.0714285714285714,28.0,779.54
16250.0,78,3,791.38,203,263.79333333333335,376,29,0.44334975369458124,67.66666666666667,0.0
16251.0,329,1,128.31,329,128.31,44,20,0.0911854103343465,329.0,0.0
16252.0,199,1,295.09000000000003,199,295.09000000000003,158,21,0.15075376884422112,199.0,0.0
16253.0,72,6,5326.69,548,887.7816666666666,4168,170,0.3284671532846716,91.33333333333333,1983.46
16254.0,195,3,985.14,449,328.38,549,65,0.20044543429844097,149.66666666666666,0.0
16255.0,63,11,3348.56,501,304.4145454545455,1926,163,0.6586826347305389,45.54545454545455,1558.24
16256.0,83,3,1629.37,414,543.1233333333333,1590,27,0.21739130434782608,138.0,0.0
16258.0,36,11,7771.47,456,706.4972727272727,4578,192,0.7236842105263157,41.45454545454545,4171.05
16259.0,227,3,361.94,422,120.64666666666666,162,75,0.21327014218009477,140.66666666666666,0.0
16261.0,63,3,567.58,259,189.19333333333336,292,83,0.34749034749034746,86.33333333333333,491.87
16262.0,195,1,755.15,195,755.15,446,46,0.15384615384615385,195.0,0.0
16263.0,240,1,351.01,240,351.01,200,19,0.125,240.0,0.0
16264.0,255,2,837.53,263,418.765,632,62,0.22813688212927757,131.5,0.0
16265.0,77,8,4363.31,224,545.41375,1887,147,1.0714285714285714,28.0,2571.86
16266.0,17,10,1267.9,490,126.79,543,58,0.6122448979591836,49.0,490.05
16267.0,408,1,186.66,408,186.66,198,7,0.07352941176470588,408.0,0.0
16269.0,254,1,717.57,254,717.57,579,53,0.11811023622047244,254.0,0.0
16270.0,170,1,1141.24,170,1141.24,688,54,0.1764705882352941,170.0,0.0
16271.0,175,6,2167.0,459,361.1666666666667,1489,122,0.39215686274509803,76.5,1296.02
16273.0,465,2,336.03999999999996,473,168.01999999999998,46,15,0.12684989429175475,236.5,0.0
16274.0,190,1,715.9,190,715.9,310,64,0.15789473684210525,190.0,0.0
16275.0,13,3,2151.11,458,717.0366666666667,1268,105,0.1965065502183406,152.66666666666666,0.0
16276.0,296,2,1818.79,424,909.395,1047,16,0.14150943396226415,212.0,810.6000000000001
16277.0,550,1,188.69,550,188.69,33,23,0.05454545454545454,550.0,0.0
16278.0,297,2,551.46,316,275.73,228,30,0.18987341772151897,158.0,566.38
16279.0,202,6,4195.5,413,699.25,2637,165,0.4358353510895884,68.83333333333333,1509.58
16280.0,542,1,238.05,542,238.05,101,16,0.055350553505535055,542.0,0.0
16281.0,240,2,1361.96,499,680.98,636,19,0.12024048096192384,249.5,2062.06
16282.0,156,3,1307.58,535,435.85999999999996,790,31,0.16822429906542055,178.33333333333334,0.0
16283.0,25,4,3110.82,466,777.705,1813,312,0.2575107296137339,116.5,1293.0
16284.0,210,1,205.8,210,205.8,139,30,0.14285714285714288,210.0,823.97
16285.0,463,1,176.9,463,176.9,60,31,0.06479481641468683,463.0,0.0
16286.0,294,2,328.95,440,164.475,101,17,0.13636363636363635,220.0,0.0
16287.0,193,4,864.48,506,216.12,1128,18,0.23715415019762845,126.5,142.5
16288.0,287,1,129.85,287,129.85,19,7,0.10452961672473868,287.0,0.0
16289.0,279,1,136.31,279,136.31,97,21,0.10752688172043011,279.0,0.0
16290.0,281,4,2069.3,382,517.325,1001,85,0.31413612565445026,95.5,0.0
16291.0,499,1,117.72,499,117.72,1,1,0.06012024048096192,499.0,0.0
16292.0,197,4,951.51,421,237.8775,497,38,0.2850356294536817,105.25,302.25
16293.0,24,9,3538.7000000000003,545,393.1888888888889,1553,130,0.4954128440366973,60.55555555555556,1119.25
16294.0,293,1,126.05000000000001,293,126.05000000000001,54,8,0.10238907849829351,293.0,0.0
16296.0,443,4,1313.67,538,328.4175,645,56,0.22304832713754646,134.5,0.0
16297.0,85,1,301.9,85,301.9,206,20,0.3529411764705882,85.0,0.0
16298.0,3,5,601.8,259,120.35999999999999,160,20,0.5791505791505791,51.8,483.90000000000003
16299.0,294,1,193.65,294,193.65,107,12,0.10204081632653061,294.0,0.0
16300.0,247,3,1392.43,492,464.1433333333334,658,190,0.18292682926829268,164.0,0.0
16301.0,553,1,107.33,553,107.33,41,6,0.054249547920433995,553.0,0.0
16303.0,150,5,3394.82,448,678.964,1618,82,0.3348214285714286,89.6,4533.45
16304.0,511,1,381.66,511,381.66,228,25,0.05870841487279843,511.0,0.0
16306.0,30,7,1192.82,251,170.40285714285713,742,55,0.8366533864541833,35.857142857142854,0.0
16307.0,246,3,1194.92,394,398.3066666666667,1123,69,0.2284263959390863,131.33333333333334,0.0
16308.0,34,5,3520.0,541,704.0,11000,1,0.27726432532347506,108.2,1600.0
16309.0,57,1,334.2,57,334.2,304,21,0.5263157894736842,57.0,372.37
16310.0,231,2,460.08,459,230.04,270,26,0.13071895424836602,229.5,0.0
16312.0,249,1,171.15,249,171.15,53,10,0.12048192771084336,249.0,0.0
16314.0,206,3,1491.4,289,497.1333333333334,636,58,0.31141868512110726,96.33333333333333,0.0
16315.0,147,2,402.71,353,201.355,143,21,0.16997167138810199,176.5,0.0
16316.0,23,10,4635.11,310,463.51099999999997,2477,172,0.967741935483871,31.0,1109.8
16317.0,114,3,1421.6200000000001,401,473.8733333333334,728,69,0.22443890274314213,133.66666666666666,770.89
16319.0,34,1,404.40000000000003,34,404.40000000000003,72,3,0.8823529411764706,34.0,0.0
16320.0,30,5,5443.21,498,1088.642,3241,184,0.3012048192771084,99.6,185.78
16321.0,122,5,454.55,555,90.91,187,14,0.2702702702702703,111.0,150.0
16323.0,13,2,353.66,394,176.83,146,4,0.15228426395939085,197.0,0.0
16325.0,62,10,3194.08,552,319.408,2332,100,0.5434782608695652,55.2,403.42
16326.0,31,13,2251.71,497,173.20846153846153,517,152,0.7847082494969819,38.23076923076923,2575.28
16327.0,16,14,9356.76,542,668.34,7587,270,0.7749077490774908,38.714285714285715,1374.58
16328.0,380,1,310.83,380,310.83,141,16,0.07894736842105263,380.0,0.0
16329.0,244,4,1703.07,555,425.7675,826,83,0.21621621621621623,138.75,0.0
16330.0,241,4,382.42,479,95.605,180,71,0.25052192066805845,119.75,251.91
16331.0,249,6,2037.7,459,339.6166666666667,756,33,0.39215686274509803,76.5,0.0
16332.0,122,5,539.51,406,107.902,371,49,0.3694581280788177,81.2,1470.9
16333.0,9,16,13087.2,126,817.95,22092,8,3.8095238095238093,7.875,13539.6
16334.0,309,1,277.48,309,277.48,211,54,0.0970873786407767,309.0,0.0
16335.0,368,7,2774.0,552,396.2857142857143,1016,193,0.3804347826086957,78.85714285714286,0.0
16336.0,237,4,3517.69,448,879.4225,1473,64,0.26785714285714285,112.0,0.0
16339.0,101,1,109.95,101,109.95,23,17,0.297029702970297,101.0,0.0
16340.0,256,2,976.99,368,488.495,844,170,0.16304347826086957,184.0,549.07
16341.0,18,4,2676.57,426,669.1425,2158,81,0.28169014084507044,106.5,1174.22
16343.0,224,1,316.59,224,316.59,227,28,0.13392857142857142,224.0,370.47999999999996
16344.0,326,3,741.3199999999999,485,247.10666666666665,688,42,0.18556701030927833,161.66666666666666,101.10000000000001
16345.0,300,1,623.33,300,623.33,331,68,0.1,300.0,575.41
16346.0,202,1,224.51,202,224.51,289,15,0.1485148514851485,202.0,0.0
16347.0,205,9,2621.76,454,291.3066666666667,1397,167,0.5947136563876653,50.44444444444444,887.65
16348.0,8,4,912.09,247,228.0225,653,116,0.4858299595141701,61.75,886.13
16349.0,107,1,53.5,107,53.5,9,9,0.2803738317757009,107.0,0.0
16350.0,150,6,1514.1200000000001,245,252.35333333333335,728,59,0.7346938775510203,40.833333333333336,739.77
16351.0,149,13,3330.0299999999997,552,256.1561538461538,2165,124,0.7065217391304348,42.46153846153846,0.0
16353.0,34,26,5479.03,549,210.73192307692307,2319,63,1.4207650273224044,21.115384615384617,4520.43
16354.0,196,3,733.71,408,244.57000000000002,449,87,0.22058823529411764,136.0,395.8
16355.0,192,1,416.35,192,416.35,179,47,0.15625,192.0,0.0
16356.0,14,6,415.87,368,69.31166666666667,190,27,0.4891304347826087,61.333333333333336,0.0
16357.0,30,2,347.39,198,173.695,165,20,0.30303030303030304,99.0,520.98
16358.0,1,2,1354.3000000000002,211,677.1500000000001,984,61,0.28436018957345977,105.5,1565.3500000000001
16359.0,31,12,1963.09,478,163.59083333333334,1238,72,0.7531380753138075,39.833333333333336,734.66
16362.0,254,1,212.17,254,212.17,127,13,0.11811023622047244,254.0,734.77
16365.0,70,9,2256.14,545,250.6822222222222,870,65,0.4954128440366973,60.55555555555556,1051.06
16366.0,399,3,1220.83,540,406.9433333333333,626,57,0.16666666666666669,180.0,327.3
16367.0,179,2,728.82,200,364.41,561,119,0.3,100.0,633.58
16368.0,252,1,142.78,252,142.78,57,20,0.11904761904761904,252.0,497.43
16369.0,13,5,1465.6,428,293.12,758,42,0.35046728971962615,85.6,1199.21
16370.0,42,1,275.54,42,275.54,169,61,0.7142857142857142,42.0,1045.02
16371.0,265,1,157.2,265,157.2,108,11,0.11320754716981132,265.0,0.0
16372.0,226,3,960.68,424,320.22666666666663,582,203,0.21226415094339623,141.33333333333334,367.93
16373.0,199,2,309.49,228,154.745,119,25,0.2631578947368421,114.0,0.0
16374.0,79,4,1454.72,405,363.68,612,227,0.2962962962962963,101.25,316.73
16375.0,287,2,104.0,287,52.0,74,11,0.20905923344947736,143.5,0.0
16377.0,84,2,1308.48,434,654.24,2928,6,0.1382488479262673,217.0,0.0
16378.0,64,3,362.95,127,120.98333333333333,267,22,0.7086614173228346,42.333333333333336,0.0
16381.0,212,2,258.7,235,129.35,112,60,0.2553191489361702,117.5,0.0
16382.0,225,2,353.1,367,176.55,167,42,0.16348773841961853,183.5,0.0
16383.0,85,6,2615.94,490,435.99,1443,219,0.36734693877551017,81.66666666666667,358.90000000000003
16384.0,80,3,1183.55,407,394.51666666666665,801,71,0.22113022113022113,135.66666666666666,175.4
16385.0,183,3,622.95,448,207.65,358,64,0.20089285714285712,149.33333333333334,407.66
16386.0,70,2,846.49,204,423.245,525,55,0.29411764705882354,102.0,256.1
16387.0,139,5,918.55,455,183.70999999999998,457,68,0.3296703296703297,91.0,0.0
16388.0,470,1,186.05,470,186.05,83,13,0.06382978723404255,470.0,0.0
16389.0,22,2,670.17,100,335.085,307,16,0.6,50.0,711.9
16390.0,353,3,467.5,496,155.83333333333334,122,16,0.1814516129032258,165.33333333333334,0.0
16391.0,217,4,1103.61,378,275.9025,748,261,0.31746031746031744,94.5,0.0
16392.0,86,3,763.05,378,254.35,609,125,0.23809523809523808,126.0,0.0
16393.0,2,16,3488.29,555,218.018125,2119,279,0.8648648648648649,34.6875,2073.37
16394.0,65,2,619.3,106,309.65,768,47,0.5660377358490566,53.0,936.04
16395.0,140,11,2501.51,550,227.41000000000003,1821,354,0.6,50.0,1036.34
16396.0,293,1,137.8,293,137.8,80,8,0.10238907849829351,293.0,0.0
16397.0,445,1,127.88,445,127.88,50,9,0.06741573033707866,445.0,0.0
16398.0,70,1,1169.95,70,1169.95,503,63,0.42857142857142855,70.0,535.85
16399.0,52,2,411.66,206,205.83,351,65,0.2912621359223301,103.0,230.16
16400.0,212,8,2855.5099999999998,548,356.93874999999997,1987,187,0.437956204379562,68.5,303.93
16401.0,27,16,4412.72,372,275.795,3746,87,1.2903225806451615,23.25,2436.43
16402.0,81,2,511.4,186,255.7,254,55,0.32258064516129037,93.0,0.0
16403.0,129,1,177.5,129,177.5,114,10,0.23255813953488372,129.0,0.0
16405.0,119,2,167.25,127,83.625,187,3,0.47244094488188976,63.5,0.0
16406.0,267,2,389.61,470,194.805,149,85,0.1276595744680851,235.0,163.07
16407.0,11,9,1489.46,249,165.49555555555557,747,71,1.0843373493975903,27.666666666666668,1332.19
16408.0,408,1,231.93,408,231.93,227,45,0.07352941176470588,408.0,0.0
16409.0,59,9,4483.72,543,498.1911111111111,2935,312,0.49723756906077343,60.333333333333336,1225.32
16410.0,551,1,130.32,551,130.32,348,5,0.0544464609800363,551.0,0.0
16411.0,186,3,827.04,245,275.68,481,119,0.36734693877551017,81.66666666666667,83.15
16412.0,210,4,495.4,490,123.85,238,72,0.2448979591836735,122.5,151.83
16413.0,192,1,266.78000000000003,192,266.78000000000003,136,32,0.15625,192.0,262.2
16414.0,97,4,484.26,511,121.065,191,56,0.23483365949119372,127.75,75.45
16415.0,400,2,509.09000000000003,493,254.54500000000002,340,78,0.12170385395537525,246.5,210.35
16416.0,207,6,1921.48,471,320.24666666666667,1538,92,0.3821656050955414,78.5,1051.4
16417.0,309,1,35.7,309,35.7,6,1,0.0970873786407767,309.0,0.0
16418.0,43,3,572.58,239,190.86,379,71,0.37656903765690375,79.66666666666667,529.36
16419.0,92,4,1032.1200000000001,485,258.03000000000003,490,48,0.24742268041237114,121.25,455.3
16420.0,213,1,75.0,213,75.0,120,2,0.14084507042253522,213.0,0.0
16421.0,193,3,526.27,286,175.42333333333332,123,35,0.3146853146853147,95.33333333333333,0.0
16422.0,2,86,48259.92,513,561.1618604651162,52112,108,5.029239766081871,5.965116279069767,15391.55
16424.0,8,2,443.06,199,221.53,212,10,0.30150753768844224,99.5,0.0
16425.0,119,1,302.7,119,302.7,199,21,0.25210084033613445,119.0,0.0
16426.0,93,1,328.37,93,328.37,157,11,0.32258064516129037,93.0,1579.88
16427.0,80,2,241.06,101,120.53,156,8,0.594059405940594,50.5,0.0
16428.0,230,3,660.28,314,220.09333333333333,595,121,0.28662420382165604,104.66666666666667,0.0
16430.0,198,6,817.09,498,136.18166666666667,204,17,0.3614457831325301,83.0,300.85
16431.0,30,3,642.81,114,214.26999999999998,453,51,0.7894736842105263,38.0,0.0
16433.0,225,1,200.26,225,200.26,108,17,0.13333333333333333,225.0,184.26
16434.0,9,8,1943.71,508,242.96375,962,79,0.47244094488188976,63.5,798.03
16435.0,329,3,1011.5699999999999,331,337.19,609,119,0.2719033232628399,110.33333333333333,0.0
16436.0,485,3,329.34,550,109.77999999999999,239,37,0.16363636363636364,183.33333333333334,0.0
16437.0,198,2,301.25,246,150.625,197,17,0.24390243902439027,123.0,0.0
16439.0,539,1,310.70000000000005,539,310.70000000000005,74,9,0.055658627087198514,539.0,0.0
16440.0,31,2,488.76,310,244.38,205,58,0.1935483870967742,155.0,3368.21
16441.0,108,4,864.23,444,216.0575,421,60,0.2702702702702703,111.0,170.2
16442.0,44,4,719.71,543,179.9275,491,165,0.22099447513812157,135.75,179.76
16443.0,337,1,162.24,337,162.24,96,1,0.08902077151335312,337.0,0.0
16444.0,11,15,3241.9900000000002,442,216.1326666666667,1686,188,1.0180995475113122,29.466666666666665,414.59
16445.0,203,3,372.22,228,124.07333333333334,188,93,0.39473684210526316,76.0,230.51
16446.0,22,1,2.9,22,2.9,2,2,1.3636363636363638,22.0,168469.6
16447.0,407,2,516.13,477,258.065,100,27,0.12578616352201258,238.5,259.01
16448.0,15,2,367.87,288,183.935,179,45,0.20833333333333331,144.0,0.0
16449.0,14,2,707.69,97,353.845,367,40,0.6185567010309279,48.5,0.0
16450.0,401,2,1193.81,473,596.905,481,27,0.12684989429175475,236.5,311.92
16451.0,378,2,746.1800000000001,552,373.09000000000003,404,50,0.10869565217391304,276.0,266.97
16452.0,447,2,332.17,510,166.085,199,14,0.11764705882352941,255.0,0.0
16453.0,347,2,251.71,365,125.855,139,15,0.1643835616438356,182.5,0.0
16454.0,423,2,24.05,428,12.025,6,2,0.14018691588785046,214.0,6.9
16455.0,21,9,3676.97,436,408.5522222222222,2727,92,0.6192660550458716,48.44444444444444,707.4
16456.0,44,11,6281.15,437,571.0136363636364,3434,217,0.7551487414187643,39.72727272727273,581.76
16457.0,35,1,208.36,35,208.36,140,9,0.8571428571428571,35.0,0.0
16458.0,4,19,3538.3,379,186.2263157894737,2042,74,1.5039577836411608,19.94736842105263,2177.04
16459.0,546,1,71.78999999999999,546,71.78999999999999,59,5,0.054945054945054944,546.0,0.0
16461.0,407,2,1463.8,463,731.9,990,196,0.12958963282937366,231.5,151.42
16462.0,2,2,68.0,100,34.0,8,1,0.6,50.0,68.0
16463.0,21,1,319.37,21,319.37,179,19,1.4285714285714284,21.0,1103.03
16465.0,237,2,746.24,261,373.12,504,45,0.22988505747126436,130.5,0.0
16466.0,25,10,2559.2,459,255.92,1184,149,0.6535947712418301,45.9,1279.39
16467.0,325,7,2869.16,554,409.88,7384,14,0.3790613718411552,79.14285714285714,0.0
16468.0,287,2,712.62,298,356.31,340,37,0.20134228187919462,149.0,74.9
16469.0,63,3,455.36,331,151.78666666666666,186,73,0.2719033232628399,110.33333333333333,373.55
16470.0,9,9,2041.8700000000001,545,226.87444444444446,996,240,0.4954128440366973,60.55555555555556,416.73
16471.0,91,4,1189.98,469,297.495,670,48,0.255863539445629,117.25,0.0
16472.0,251,2,789.6,414,394.8,252,39,0.14492753623188406,207.0,0.0
16473.0,104,3,372.53000000000003,191,124.17666666666668,246,21,0.4712041884816754,63.666666666666664,98.3
16475.0,90,1,310.0,90,310.0,192,20,0.33333333333333337,90.0,234.3
16476.0,248,1,350.35,248,350.35,187,24,0.12096774193548387,248.0,0.0
16477.0,31,9,3378.07,301,375.3411111111111,2087,152,0.8970099667774087,33.44444444444444,941.95
16481.0,499,1,453.38,499,453.38,201,16,0.06012024048096192,499.0,0.0
16483.0,9,1,139.35,9,139.35,44,19,3.333333333333333,9.0,0.0
16484.0,7,1,285.7,7,285.7,152,18,4.285714285714286,7.0,118.60000000000001
16485.0,249,4,1931.03,550,482.7575,919,93,0.21818181818181817,137.5,363.65
16486.0,354,1,134.36,354,134.36,24,7,0.0847457627118644,354.0,0.0
16487.0,394,2,209.4,476,104.7,163,28,0.12605042016806722,238.0,0.0
16489.0,197,2,303.7,253,151.85,38,4,0.23715415019762845,126.5,0.0
16490.0,253,1,205.41000000000003,253,205.41000000000003,113,13,0.11857707509881422,253.0,0.0
16491.0,230,1,801.66,230,801.66,582,48,0.13043478260869565,230.0,731.5
16492.0,357,1,385.56,357,385.56,235,23,0.08403361344537816,357.0,0.0
16493.0,102,5,1148.26,440,229.652,1068,54,0.34090909090909094,88.0,983.83
16494.0,113,1,826.53,113,826.53,675,47,0.2654867256637168,113.0,0.0
16495.0,93,2,246.51,93,123.255,166,32,0.6451612903225807,46.5,437.9
16496.0,24,5,1916.29,326,383.258,1437,101,0.4601226993865031,65.2,414.48
16497.0,20,22,5280.29,553,240.0131818181818,2443,204,1.193490054249548,25.136363636363637,1414.99
16499.0,177,8,2578.34,363,322.2925,1364,104,0.6611570247933884,45.375,0.0
16500.0,147,4,608.05,360,152.0125,264,20,0.33333333333333337,90.0,235.86
16501.0,200,1,1237.23,200,1237.23,642,181,0.15,200.0,0.0
16502.0,437,2,266.5,437,133.25,251,41,0.13729977116704806,218.5,0.0
16503.0,31,10,3275.8,353,327.58000000000004,1411,157,0.8498583569405099,35.3,338.54
16507.0,389,1,152.76,389,152.76,116,37,0.07712082262210797,389.0,0.0
16508.0,447,1,248.8,447,248.8,106,42,0.06711409395973154,447.0,0.0
16509.0,113,1,363.7,113,363.7,64,13,0.2654867256637168,113.0,0.0
16510.0,189,6,2100.0,508,350.0,1076,94,0.3543307086614173,84.66666666666667,0.0
16511.0,83,4,1209.51,465,302.3775,494,166,0.25806451612903225,116.25,609.51
16515.0,63,7,2211.5,357,315.92857142857144,1078,150,0.5882352941176471,51.0,1004.8
16517.0,94,1,162.7,94,162.7,96,17,0.3191489361702128,94.0,0.0
16518.0,101,3,665.75,373,221.91666666666666,321,39,0.24128686327077747,124.33333333333333,293.62
16519.0,182,3,444.88,465,148.29333333333332,146,25,0.1935483870967742,155.0,111.38
16520.0,3,6,2482.62,464,413.77,1266,251,0.3879310344827586,77.33333333333333,0.0
16521.0,232,3,1148.01,465,382.67,1016,212,0.1935483870967742,155.0,0.0
16522.0,252,2,433.36,267,216.68,212,16,0.2247191011235955,133.5,0.0
16523.0,16,15,5333.46,501,355.564,1967,107,0.8982035928143712,33.4,6582.87
16524.0,263,2,308.14,508,154.07,260,50,0.11811023622047244,254.0,0.0
16525.0,1,38,19742.3,554,519.5342105263157,11558,108,2.0577617328519855,14.578947368421053,4840.34
16526.0,401,1,426.85,401,426.85,173,20,0.07481296758104738,401.0,290.36
16527.0,241,1,1044.38,241,1044.38,620,58,0.12448132780082988,241.0,228.06
16529.0,7,4,2012.0,347,503.0,751,87,0.34582132564841495,86.75,0.0
16530.0,485,1,48.349999999999994,485,48.349999999999994,17,3,0.061855670103092786,485.0,0.0
16531.0,111,7,1538.57,258,219.79571428571427,1301,80,0.813953488372093,36.857142857142854,759.76
16532.0,155,3,3918.24,437,1306.08,1008,1,0.20594965675057206,145.66666666666666,4838.4
16534.0,459,1,635.9,459,635.9,168,36,0.06535947712418301,459.0,0.0
16535.0,202,2,407.84,497,203.92,329,36,0.12072434607645877,248.5,593.75
16537.0,458,1,23.35,458,23.35,59,3,0.06550218340611354,458.0,0.0
16538.0,358,3,399.62,412,133.20666666666668,257,35,0.2184466019417476,137.33333333333334,0.0
16539.0,36,9,3396.81,349,377.42333333333335,1259,81,0.7736389684813754,38.77777777777778,335.2
16540.0,231,1,226.70000000000002,231,226.70000000000002,114,25,0.12987012987012986,231.0,0.0
16541.0,552,1,424.03,552,424.03,173,38,0.05434782608695652,552.0,0.0
16542.0,218,1,137.7,218,137.7,96,9,0.13761467889908258,218.0,119.62
16543.0,408,1,292.21,408,292.21,317,18,0.07352941176470588,408.0,0.0
16544.0,336,4,376.70000000000005,479,94.17500000000001,150,8,0.25052192066805845,119.75,0.0
16545.0,192,1,350.52,192,350.52,244,5,0.15625,192.0,339.3
16546.0,107,5,5606.47,259,1121.294,4367,75,0.5791505791505791,51.8,0.0
16547.0,363,1,111.71,363,111.71,113,25,0.08264462809917356,363.0,0.0
16548.0,416,1,30.15,416,30.15,6,6,0.07211538461538462,416.0,0.0
16549.0,151,25,9147.04,438,365.88160000000005,4969,647,1.7123287671232876,17.52,4035.15
16550.0,2,16,8562.49,554,535.155625,5126,243,0.8664259927797834,34.625,872.64
16551.0,153,5,1626.07,543,325.214,1387,54,0.27624309392265195,108.6,611.05
16552.0,59,2,475.02000000000004,190,237.51000000000002,258,17,0.3157894736842105,95.0,0.0
16553.0,22,30,15655.37,483,521.8456666666667,15819,191,1.8633540372670807,16.1,988.64
16554.0,39,7,2318.73,541,331.2471428571429,1073,90,0.3881700554528651,77.28571428571429,522.99
16555.0,322,4,1629.79,322,407.4475,1641,46,0.37267080745341613,80.5,285.89
16556.0,18,14,6337.61,549,452.68642857142856,3389,227,0.7650273224043717,39.214285714285715,1674.97
16558.0,9,28,8985.6,553,320.9142857142857,4906,273,1.5189873417721518,19.75,4887.91
16559.0,214,1,185.20000000000002,214,185.20000000000002,73,17,0.14018691588785046,214.0,0.0
16560.0,175,7,2539.15,548,362.7357142857143,1272,111,0.38321167883211676,78.28571428571429,509.23
16562.0,293,1,223.85999999999999,293,223.85999999999999,264,34,0.10238907849829351,293.0,0.0
16563.0,217,5,3345.02,555,669.004,2110,46,0.2702702702702703,111.0,1077.74
16564.0,386,1,87.8,386,87.8,40,5,0.07772020725388601,386.0,0.0
16565.0,181,4,773.05,372,193.2625,211,7,0.32258064516129037,93.0,0.0
16566.0,9,2,280.12,109,140.06,128,6,0.5504587155963303,54.5,334.54
16567.0,11,2,865.6,153,432.8,996,34,0.39215686274509803,76.5,0.0
16568.0,244,2,1020.9000000000001,458,510.45000000000005,366,5,0.13100436681222707,229.0,0.0
16569.0,448,4,1331.03,540,332.7575,895,23,0.22222222222222224,135.0,124.2
16570.0,22,13,5169.14,436,397.6261538461539,3067,97,0.8944954128440368,33.53846153846154,2265.17
16571.0,98,8,3263.73,448,407.96625,2842,118,0.5357142857142857,56.0,985.01
16572.0,92,1,342.58,92,342.58,202,21,0.32608695652173914,92.0,667.02
16573.0,107,1,292.63,107,292.63,111,16,0.2803738317757009,107.0,370.98
16574.0,240,2,850.34,475,425.17,586,58,0.12631578947368421,237.5,451.44
16576.0,237,2,540.87,338,270.435,323,32,0.17751479289940827,169.0,0.0
16577.0,483,1,380.0,483,380.0,142,23,0.06211180124223603,483.0,0.0
16578.0,443,1,156.6,443,156.6,108,9,0.06772009029345372,443.0,0.0
16579.0,242,1,295.05,242,295.05,119,14,0.12396694214876033,242.0,0.0
16583.0,190,2,531.4,490,265.7,264,18,0.12244897959183675,245.0,0.0
16584.0,71,4,2839.53,478,709.8825,1761,52,0.2510460251046025,119.5,324.14
16585.0,410,2,341.59,512,170.795,151,16,0.1171875,256.0,0.0
16586.0,65,3,1462.78,452,487.5933333333333,348,27,0.19911504424778761,150.66666666666666,0.0
16587.0,49,1,225.15,49,225.15,71,13,0.6122448979591836,49.0,0.0
16588.0,203,4,1361.28,391,340.32,882,64,0.3069053708439898,97.75,0.0
16589.0,267,1,153.12,267,153.12,168,11,0.11235955056179775,267.0,459.24
16590.0,217,2,605.9,231,302.95,240,26,0.2597402597402597,115.5,0.0
16592.0,18,18,4847.0599999999995,538,269.2811111111111,3492,154,1.003717472118959,29.88888888888889,2960.85
16593.0,6,7,996.61,551,142.37285714285716,346,53,0.3811252268602541,78.71428571428571,74.53
16595.0,193,4,1450.02,508,362.505,1043,286,0.23622047244094488,127.0,360.16
16596.0,183,3,450.13,546,150.04333333333332,177,17,0.16483516483516486,182.0,129.5
16598.0,102,1,145.04999999999998,102,145.04999999999998,73,10,0.29411764705882354,102.0,0.0
16599.0,202,1,172.8,202,172.8,159,12,0.1485148514851485,202.0,0.0
16600.0,70,9,1577.3500000000001,538,175.26111111111112,1643,77,0.5018587360594795,59.77777777777778,576.06
16601.0,207,2,439.45,440,219.725,261,38,0.13636363636363635,220.0,244.79999999999998
16602.0,205,1,235.25,205,235.25,93,11,0.14634146341463414,205.0,528.08
16604.0,379,2,432.45,385,216.225,175,10,0.15584415584415584,192.5,0.0
16605.0,541,1,60.48,541,60.48,144,1,0.05545286506469501,541.0,0.0
16606.0,221,2,357.66,251,178.83,148,16,0.23904382470119523,125.5,0.0
16607.0,24,18,4076.22,406,226.45666666666665,2597,148,1.3300492610837438,22.555555555555557,1630.65
16608.0,270,2,1288.72,480,644.36,613,94,0.125,240.0,0.0
16609.0,14,3,1987.6200000000001,69,662.5400000000001,823,87,1.3043478260869565,23.0,3505.84
16610.0,36,1,75.66,36,75.66,66,6,0.8333333333333333,36.0,0.0
16611.0,3,6,1785.13,456,297.5216666666667,874,86,0.39473684210526316,76.0,0.0
16612.0,3,7,2766.67,553,395.23857142857145,1245,96,0.37974683544303794,79.0,478.76
16614.0,219,2,673.6,395,336.8,126,20,0.1518987341772152,197.5,506.19
16615.0,443,1,291.5,443,291.5,211,19,0.06772009029345372,443.0,0.0
16617.0,52,1,151.85,52,151.85,91,5,0.576923076923077,52.0,0.0
16618.0,27,4,1441.29,139,360.3225,771,44,0.8633093525179857,34.75,1206.3
16619.0,80,4,1938.33,472,484.5825,1055,103,0.2542372881355932,118.0,0.0
16620.0,77,5,1675.73,555,335.146,1106,74,0.2702702702702703,111.0,83.2
16621.0,32,2,490.7,94,245.35,142,14,0.6382978723404256,47.0,322.78
16622.0,360,1,225.4,360,225.4,44,12,0.08333333333333334,360.0,0.0
16623.0,62,4,1015.24,409,253.81,442,44,0.293398533007335,102.25,0.0
16624.0,14,1,426.43,14,426.43,196,21,2.142857142857143,14.0,384.14
16625.0,91,5,1654.03,360,330.806,1057,82,0.41666666666666663,72.0,0.0
16626.0,1,2,1391.8799999999999,83,695.9399999999999,754,68,0.7228915662650602,41.5,3021.22
16628.0,35,4,842.96,458,210.74,409,43,0.26200873362445415,114.5,1475.14
16630.0,224,1,106.80000000000001,224,106.80000000000001,72,4,0.13392857142857142,224.0,0.0
16631.0,298,7,1892.52,468,270.36,775,46,0.44871794871794873,66.85714285714286,0.0
16632.0,302,2,406.4,398,203.2,256,22,0.15075376884422112,199.0,0.0
16633.0,51,1,447.52,51,447.52,177,26,0.5882352941176471,51.0,2435.58
16634.0,39,6,1814.61,504,302.435,1321,72,0.3571428571428571,84.0,0.0
16635.0,223,1,473.0,223,473.0,277,25,0.13452914798206278,223.0,0.0
16636.0,255,4,3802.04,463,950.51,2186,62,0.2591792656587473,115.75,0.0
16637.0,42,1,303.62,42,303.62,140,16,0.7142857142857142,42.0,850.85
16638.0,74,11,1961.25,295,178.29545454545453,1059,99,1.1186440677966103,26.818181818181817,469.28000000000003
16639.0,23,3,961.62,226,320.54,400,48,0.39823008849557523,75.33333333333333,786.36
16640.0,214,1,179.4,214,179.4,146,13,0.14018691588785046,214.0,0.0
16641.0,518,1,323.40000000000003,518,323.40000000000003,198,24,0.05791505791505792,518.0,231.10000000000002
16642.0,24,2,696.85,232,348.425,427,33,0.25862068965517243,116.0,380.6
16643.0,62,2,923.11,239,461.555,553,48,0.2510460251046025,119.5,0.0
16644.0,29,1,722.41,29,722.41,751,54,1.0344827586206897,29.0,111.37
16645.0,552,1,160.39,552,160.39,117,14,0.05434782608695652,552.0,0.0
16646.0,266,1,678.8,266,678.8,1072,29,0.11278195488721804,266.0,0.0
16647.0,21,3,455.59,361,151.86333333333332,315,25,0.24930747922437674,120.33333333333333,86.31
16648.0,272,2,382.14,407,191.07,222,18,0.14742014742014742,203.5,290.65999999999997
16649.0,337,1,306.58000000000004,337,306.58000000000004,82,20,0.08902077151335312,337.0,0.0
16650.0,237,6,1397.69,336,232.94833333333335,1139,53,0.5357142857142857,56.0,518.42
16651.0,403,1,136.2,403,136.2,60,6,0.07444168734491315,403.0,0.0
16652.0,29,12,13831.04,449,1152.5866666666668,5628,108,0.8017817371937639,37.416666666666664,3719.35
16654.0,4,7,1647.45,429,235.35,641,61,0.4895104895104895,61.285714285714285,64.02
16655.0,2,9,3984.55,494,442.7277777777778,2158,281,0.5465587044534412,54.888888888888886,2563.82
16656.0,9,21,11764.85,552,560.2309523809524,10063,21,1.141304347826087,26.285714285714285,5068.32
16657.0,71,1,242.55,71,242.55,463,65,0.4225352112676056,71.0,691.07
16658.0,185,6,814.07,436,135.67833333333334,317,49,0.41284403669724773,72.66666666666667,0.0
16659.0,6,1,39.12,6,39.12,72,2,5.0,6.0,0.0
16660.0,27,5,996.26,511,199.252,648,10,0.29354207436399216,102.2,883.29
16661.0,357,4,986.63,539,246.6575,385,50,0.22263450834879406,134.75,0.0
16662.0,211,1,163.8,211,163.8,36,28,0.14218009478672988,211.0,0.0
16663.0,546,1,165.0,546,165.0,100,1,0.054945054945054944,546.0,0.0
16664.0,386,1,109.2,386,109.2,24,8,0.07772020725388601,386.0,0.0
16665.0,179,1,135.39999999999998,179,135.39999999999998,59,9,0.1675977653631285,179.0,0.0
16666.0,438,1,106.96000000000001,438,106.96000000000001,134,15,0.0684931506849315,438.0,118.98
16667.0,101,1,203.35,101,203.35,78,20,0.297029702970297,101.0,366.78
16668.0,31,9,678.28,448,75.36444444444444,587,27,0.6026785714285715,49.77777777777778,184.14
16670.0,64,14,5882.47,546,420.1764285714286,3239,201,0.7692307692307692,39.0,2147.68
16672.0,1,10,4154.34,83,415.434,1566,22,3.6144578313253013,8.3,3980.6
16673.0,496,1,188.83,496,188.83,101,19,0.06048387096774194,496.0,0.0
16675.0,258,2,608.86,295,304.43,296,21,0.20338983050847456,147.5,0.0
16676.0,30,5,1868.28,235,373.656,703,90,0.6382978723404256,47.0,493.62
16677.0,228,2,880.62,469,440.31,457,45,0.1279317697228145,234.5,0.0
16678.0,14,5,1266.65,99,253.33,801,52,1.5151515151515151,19.8,1843.34
16679.0,183,3,793.06,364,264.3533333333333,276,15,0.24725274725274726,121.33333333333333,0.0
16680.0,345,2,637.75,351,318.875,283,16,0.17094017094017094,175.5,183.7
16681.0,22,4,1027.34,458,256.835,819,17,0.26200873362445415,114.5,894.5
16682.0,4,1,525.5,4,525.5,514,11,7.5,4.0,502.5
16683.0,350,1,320.25,350,320.25,190,18,0.08571428571428572,350.0,0.0
16684.0,22,40,105565.15,549,2639.12875,73184,149,2.185792349726776,13.725,41577.62
16686.0,11,13,3237.66,550,249.05076923076922,2509,355,0.7090909090909091,42.30769230769231,1833.26
16687.0,207,1,157.63,207,157.63,141,8,0.14492753623188406,207.0,0.0
16690.0,18,3,213.95,268,71.31666666666666,117,7,0.33582089552238803,89.33333333333333,139.07999999999998
16691.0,235,2,178.83,378,89.415,92,11,0.15873015873015872,189.0,0.0
16692.0,73,4,1914.6999999999998,258,478.67499999999995,878,3,0.46511627906976744,64.5,0.0
16693.0,88,4,875.01,473,218.7525,535,117,0.2536997885835095,118.25,324.45
16694.0,540,1,98.30000000000001,540,98.30000000000001,26,3,0.05555555555555556,540.0,0.0
16695.0,378,2,193.15,378,96.575,185,30,0.15873015873015872,189.0,0.0
16696.0,20,3,558.9000000000001,65,186.30000000000004,126,7,1.3846153846153846,21.666666666666668,99.0
16697.0,58,1,112.75,58,112.75,27,20,0.5172413793103449,58.0,0.0
16698.0,43,2,1998.0,70,999.0,840,4,0.8571428571428571,35.0,0.0
16699.0,197,7,994.6,552,142.0857142857143,640,51,0.3804347826086957,78.85714285714286,0.0
16700.0,18,19,7039.39,554,370.4942105263158,5165,229,1.0288808664259927,29.157894736842106,2128.32
16701.0,6,19,6716.72,555,353.51157894736843,6540,113,1.027027027027027,29.210526315789473,3200.0099999999998
16702.0,232,4,1110.83,549,277.7075,692,84,0.2185792349726776,137.25,0.0
16704.0,435,2,695.66,489,347.83,455,50,0.1226993865030675,244.5,0.0
16705.0,24,30,36088.551,547,1202.9517,19835,350,1.6453382084095063,18.233333333333334,7426.5
16707.0,217,4,551.11,457,137.7775,402,64,0.26258205689277897,114.25,0.0
16709.0,16,13,8042.18,547,618.6292307692308,2946,199,0.7129798903107861,42.07692307692308,1045.28
16710.0,24,18,5503.69,552,305.7605555555555,3662,496,0.9782608695652174,30.666666666666668,845.4
16711.0,119,6,1816.25,554,302.7083333333333,483,11,0.3249097472924188,92.33333333333333,1052.23
16712.0,29,6,1825.93,218,304.32166666666666,892,171,0.8256880733944955,36.333333333333336,2441.06
16713.0,52,25,10249.19,541,409.9676,5521,410,1.3863216266173752,21.64,4311.5
16714.0,35,4,1529.8,487,382.45,849,95,0.24640657084188913,121.75,0.0
16715.0,379,1,323.8,379,323.8,532,9,0.07915567282321899,379.0,301.71999999999997
16716.0,83,3,2149.6800000000003,447,716.5600000000001,912,7,0.20134228187919462,149.0,0.0
16717.0,183,9,3435.1000000000004,549,381.6777777777778,1435,141,0.49180327868852464,61.0,3551.13
16718.0,186,5,3647.53,550,729.5060000000001,2343,123,0.2727272727272727,110.0,0.0
16719.0,52,11,3161.11,543,287.37363636363636,1884,180,0.6077348066298343,49.36363636363637,812.19
16720.0,193,2,640.24,539,320.12,297,107,0.11131725417439703,269.5,155.24
16721.0,79,1,292.47,79,292.47,172,37,0.37974683544303794,79.0,0.0
16722.0,17,14,6221.53,553,444.395,5182,120,0.7594936708860759,39.5,2767.55
16723.0,260,2,712.48,552,356.24,603,72,0.10869565217391304,276.0,589.15
16724.0,221,1,147.35,221,147.35,69,17,0.13574660633484165,221.0,0.0
16725.0,119,14,1882.11,543,134.43642857142856,784,242,0.7734806629834254,38.785714285714285,0.0
16726.0,13,6,1501.58,228,250.26333333333332,920,117,0.7894736842105263,38.0,586.83
16727.0,181,4,1437.42,505,359.355,1109,158,0.2376237623762376,126.25,0.0
16728.0,53,2,326.93,81,163.465,210,82,0.7407407407407407,40.5,727.74
16729.0,7,10,3128.82,58,312.882,2380,117,5.172413793103448,5.8,4111.1
16730.0,51,2,480.94,136,240.47,750,35,0.4411764705882353,68.0,262.17
16731.0,465,1,174.05,465,174.05,127,40,0.06451612903225806,465.0,0.0
16732.0,220,3,3783.89,548,1261.2966666666666,2097,177,0.1642335766423358,182.66666666666666,603.75
16733.0,346,1,259.68,346,259.68,112,12,0.08670520231213873,346.0,0.0
16735.0,56,11,5067.92,548,460.72,3397,143,0.6021897810218978,49.81818181818182,1202.64
16736.0,322,5,2956.56,553,591.312,1050,116,0.27124773960216997,110.6,0.0
16737.0,394,1,417.59999999999997,394,417.59999999999997,288,1,0.07614213197969542,394.0,417.59999999999997
16738.0,114,1,3.75,114,3.75,3,1,0.2631578947368421,114.0,0.0
16739.0,353,1,463.43,353,463.43,219,25,0.08498583569405099,353.0,323.0
16740.0,212,1,236.81,212,236.81,116,30,0.14150943396226415,212.0,0.0
16741.0,442,1,173.06,442,173.06,81,11,0.06787330316742082,442.0,0.0
16742.0,309,13,2387.71,540,183.67000000000002,2599,50,0.7222222222222222,41.53846153846154,464.9
16743.0,28,10,3076.92,413,307.692,2554,85,0.7263922518159807,41.3,1176.34
16745.0,28,9,3588.03,128,398.67,3873,117,2.109375,14.222222222222221,3606.27
16746.0,11,32,14257.92,552,445.56,8801,314,1.7391304347826086,17.25,3808.48
16748.0,34,12,3031.63,546,252.63583333333335,1739,48,0.6593406593406594,45.5,605.7
16749.0,408,2,4387.08,541,2193.54,2078,53,0.11090573012939002,270.5,0.0
16750.0,49,1,118.7,49,118.7,18,10,0.6122448979591836,49.0,505.23
16752.0,189,1,415.0,189,415.0,108,9,0.15873015873015872,189.0,0.0
16754.0,189,29,67502.47,458,2327.671379310345,67831,38,1.8995633187772925,15.793103448275861,0.0
16755.0,43,6,2312.2200000000003,547,385.37000000000006,1619,175,0.3290676416819013,91.16666666666667,588.36
16756.0,31,7,1312.3700000000001,457,187.48142857142858,707,64,0.45951859956236324,65.28571428571429,0.0
16757.0,135,2,270.48,226,135.24,180,13,0.2654867256637168,113.0,0.0
16760.0,247,1,228.0,247,228.0,168,17,0.12145748987854252,247.0,0.0
16763.0,15,2,964.6999999999999,555,482.34999999999997,492,44,0.10810810810810811,277.5,0.0
16765.0,111,2,454.75,199,227.375,311,52,0.30150753768844224,99.5,0.0
16766.0,90,2,1145.6,90,572.8,536,17,0.6666666666666667,45.0,0.0
16767.0,36,7,5142.26,407,734.6085714285715,4674,145,0.515970515970516,58.142857142857146,2931.54
16768.0,88,7,1413.28,549,201.89714285714285,628,88,0.38251366120218583,78.42857142857143,294.84000000000003
16769.0,77,4,1141.75,542,285.4375,301,76,0.22140221402214022,135.5,0.0
16770.0,53,8,1818.51,291,227.31375,1027,174,0.8247422680412371,36.375,113.62
16771.0,92,8,3376.7400000000002,547,422.09250000000003,1877,262,0.43875685557586835,68.375,590.86
16772.0,240,3,3723.5499999999997,538,1241.1833333333332,689,54,0.16728624535315983,179.33333333333334,0.0
16773.0,253,2,249.65,550,124.825,81,34,0.10909090909090909,275.0,171.59
16774.0,240,4,932.93,478,233.2325,463,60,0.2510460251046025,119.5,661.52
16775.0,22,9,2053.03,259,228.11444444444447,726,92,1.0424710424710424,28.77777777777778,1003.86
16776.0,232,1,231.57,232,231.57,188,48,0.12931034482758622,232.0,388.28
16777.0,74,4,1258.66,449,314.665,461,118,0.26726057906458794,112.25,49.1
16778.0,91,1,93.18,91,93.18,66,5,0.3296703296703297,91.0,152.76
16779.0,36,41,26419.28,553,644.3726829268293,16390,267,2.224231464737794,13.487804878048781,6848.96
16780.0,76,2,342.25,224,171.125,183,44,0.26785714285714285,112.0,263.3
16781.0,189,2,934.25,486,467.125,305,36,0.1234567901234568,243.0,0.0
16782.0,21,32,9506.81,547,297.0878125,3984,565,1.7550274223034734,17.09375,931.6
16783.0,253,1,391.95,253,391.95,163,25,0.11857707509881422,253.0,0.0
16784.0,193,4,788.93,438,197.2325,472,137,0.273972602739726,109.5,107.6
16785.0,226,1,533.78,226,533.78,313,35,0.1327433628318584,226.0,0.0
16786.0,210,1,51.839999999999996,210,51.839999999999996,72,1,0.14285714285714288,210.0,0.0
16787.0,214,4,1035.43,515,258.8575,474,102,0.23300970873786406,128.75,0.0
16788.0,71,4,1649.99,487,412.4975,861,292,0.24640657084188913,121.75,300.31
16791.0,30,12,2893.06,553,241.08833333333334,1379,294,0.650994575045208,46.083333333333336,1145.63
16792.0,99,5,623.46,521,124.69200000000001,324,90,0.28790786948176583,104.2,0.0
16794.0,197,5,868.1999999999999,441,173.64,665,151,0.3401360544217687,88.2,1222.71
16795.0,182,3,2492.39,500,830.7966666666666,1459,306,0.18,166.66666666666666,0.0
16797.0,210,5,1827.77,554,365.554,909,289,0.27075812274368233,110.8,0.0
16798.0,371,3,848.71,546,282.90333333333336,209,141,0.16483516483516486,182.0,0.0
16799.0,249,2,495.98,270,247.99,176,81,0.22222222222222224,135.0,0.0
16801.0,9,3,1478.88,90,492.96000000000004,484,70,1.0,30.0,140.85
16802.0,496,2,582.61,547,291.305,369,48,0.10968921389396709,273.5,0.0
16804.0,87,1,118.05,87,118.05,34,19,0.3448275862068966,87.0,418.94
16805.0,177,4,851.42,548,212.855,853,181,0.218978102189781,137.0,245.82
16806.0,37,2,414.37,56,207.185,199,28,1.0714285714285714,28.0,387.12
16807.0,32,5,1654.12,440,330.82399999999996,1134,94,0.34090909090909094,88.0,469.76
16808.0,91,1,166.5,91,166.5,116,19,0.3296703296703297,91.0,121.92
16809.0,25,6,1155.82,422,192.63666666666666,717,94,0.42654028436018954,70.33333333333333,571.61
16810.0,9,2,842.0400000000001,237,421.02000000000004,372,34,0.2531645569620253,118.5,0.0
16812.0,177,4,2392.0,199,598.0,1116,98,0.6030150753768845,49.75,0.0
16813.0,8,2,316.8,21,158.4,217,110,2.8571428571428568,10.5,1376.18
16814.0,9,27,10163.47,424,376.4248148148148,3942,224,1.9103773584905661,15.703703703703704,2336.2400000000002
16815.0,270,2,410.97,353,205.485,238,66,0.16997167138810199,176.5,0.0
16816.0,130,2,325.45,175,162.725,191,20,0.34285714285714286,87.5,91.61
16817.0,2,11,2379.58,248,216.32545454545453,1317,90,1.3306451612903227,22.545454545454547,425.32
16818.0,8,3,1147.97,22,382.6566666666667,651,68,4.090909090909091,7.333333333333333,2201.6
16819.0,282,2,182.59,282,91.295,253,17,0.2127659574468085,141.0,0.0
16821.0,198,1,113.35,198,113.35,13,7,0.15151515151515152,198.0,0.0
16822.0,503,1,181.39,503,181.39,171,11,0.059642147117296214,503.0,0.0
16823.0,44,7,2260.09,554,322.87,1168,149,0.3790613718411552,79.14285714285714,0.0
16824.0,210,1,225.6,210,225.6,154,13,0.14285714285714288,210.0,460.64
16825.0,2,4,1370.41,351,342.6025,1089,35,0.3418803418803419,87.75,456.48
16827.0,210,5,392.13,406,78.426,125,10,0.3694581280788177,81.2,0.0
16829.0,205,1,316.1,205,316.1,116,16,0.14634146341463414,205.0,197.22
16830.0,259,3,881.59,543,293.86333333333334,435,47,0.16574585635359115,181.0,325.91
16831.0,381,1,91.8,381,91.8,48,6,0.07874015748031496,381.0,0.0
16832.0,1,5,417.61,275,83.522,179,19,0.5454545454545454,55.0,0.0
16833.0,76,5,1973.8,440,394.76,744,74,0.34090909090909094,88.0,435.24
16834.0,44,2,898.96,491,449.48,760,43,0.12219959266802442,245.5,0.0
16835.0,190,5,1439.31,386,287.86199999999997,473,54,0.38860103626943004,77.2,99.1
16836.0,223,2,530.5,391,265.25,374,31,0.1534526854219949,195.5,251.87
16837.0,14,8,1814.74,62,226.8425,707,76,3.870967741935484,7.75,1356.24
16838.0,14,4,1159.61,480,289.9025,509,53,0.25,120.0,0.0
16839.0,2,24,12759.41,483,531.6420833333333,6411,95,1.4906832298136645,20.125,9551.08
16840.0,420,2,139.85,491,69.925,117,9,0.12219959266802442,245.5,0.0
16841.0,2,9,3079.42,513,342.15777777777777,2006,142,0.5263157894736842,57.0,926.64
16842.0,119,1,520.5699999999999,119,520.5699999999999,370,30,0.25210084033613445,119.0,743.62
16843.0,14,25,13216.76,546,528.6704,10481,181,1.3736263736263736,21.84,6354.67
16844.0,379,2,614.34,399,307.17,281,26,0.15037593984962405,199.5,0.0
16845.0,435,1,253.88,435,253.88,167,20,0.06896551724137931,435.0,0.0
16846.0,394,2,628.09,456,314.045,382,36,0.13157894736842105,228.0,214.32
16847.0,435,1,421.45000000000005,435,421.45000000000005,177,25,0.06896551724137931,435.0,193.44
16848.0,193,3,1130.2,249,376.73333333333335,598,64,0.3614457831325301,83.0,281.42
16849.0,3,1,124.57,3,124.57,33,8,10.0,3.0,0.0
16850.0,150,1,332.41,150,332.41,249,19,0.2,150.0,0.0
16854.0,234,2,1408.96,457,704.48,997,72,0.13129102844638948,228.5,0.0
16856.0,234,2,323.09000000000003,259,161.54500000000002,159,15,0.23166023166023167,129.5,35.400000000000006
16857.0,259,1,352.8,259,352.8,168,11,0.11583011583011583,259.0,0.0
16858.0,185,10,4668.28,541,466.828,1514,75,0.5545286506469501,54.1,0.0
16859.0,78,6,1444.44,462,240.74,1448,57,0.38961038961038963,77.0,487.96999999999997
16860.0,269,3,1610.62,479,536.8733333333333,625,35,0.18789144050104384,159.66666666666666,0.0
16861.0,207,3,772.83,325,257.61,476,38,0.27692307692307694,108.33333333333333,173.76
16862.0,364,4,662.33,518,165.5825,513,34,0.23166023166023167,129.5,0.0
16863.0,183,2,659.97,226,329.985,441,27,0.2654867256637168,113.0,338.55
16864.0,251,2,409.25,415,204.625,283,17,0.14457831325301207,207.5,0.0
16865.0,218,1,130.95,218,130.95,157,15,0.13761467889908258,218.0,0.0
16867.0,506,1,76.74000000000001,506,76.74000000000001,58,6,0.05928853754940711,506.0,0.0
16868.0,211,3,393.39,410,131.13,116,47,0.21951219512195122,136.66666666666666,0.0
16870.0,286,1,450.15999999999997,286,450.15999999999997,278,28,0.1048951048951049,286.0,0.0
16871.0,27,4,2037.82,87,509.455,861,104,1.3793103448275863,21.75,774.52
16872.0,1,4,921.47,280,230.3675,861,10,0.42857142857142855,70.0,291.66
16873.0,14,9,10727.22,485,1191.9133333333332,6360,170,0.5567010309278351,53.888888888888886,3890.17
16874.0,196,1,217.74,196,217.74,81,31,0.1530612244897959,196.0,0.0
16875.0,113,9,2944.09,520,327.12111111111113,1421,115,0.5192307692307693,57.77777777777778,1290.44
16876.0,220,1,136.01,220,136.01,181,32,0.13636363636363635,220.0,0.0
16877.0,25,1,77.75,25,77.75,35,25,1.2,25.0,775.97
16880.0,6,2,591.66,310,295.83,326,36,0.1935483870967742,155.0,1249.2
16882.0,56,2,215.70000000000002,134,107.85000000000001,102,15,0.44776119402985076,67.0,489.41999999999996
16883.0,4,19,2396.59,552,126.1363157894737,1080,159,1.0326086956521738,29.05263157894737,0.0
16884.0,373,2,644.08,387,322.04,201,39,0.15503875968992248,193.5,429.84000000000003
16885.0,174,2,429.88,202,214.94,229,66,0.297029702970297,101.0,280.86
16886.0,273,1,134.0,273,134.0,48,8,0.10989010989010989,273.0,0.0
16887.0,217,2,465.84000000000003,555,232.92000000000002,267,65,0.10810810810810811,277.5,194.88
16888.0,217,3,437.15,518,145.71666666666667,147,44,0.17374517374517373,172.66666666666666,0.0
16889.0,11,6,2530.9,382,421.81666666666666,1616,163,0.4712041884816754,63.666666666666664,0.0
16890.0,293,3,285.41,399,95.13666666666667,243,17,0.22556390977443608,133.0,0.0
16891.0,188,7,1479.38,552,211.34,583,245,0.3804347826086957,78.85714285714286,577.44
16892.0,371,2,236.56,548,118.28,131,38,0.1094890510948905,274.0,525.54
16893.0,183,2,401.77,193,200.885,182,80,0.31088082901554404,96.5,0.0
16894.0,319,3,1324.06,352,441.3533333333333,507,186,0.2556818181818182,117.33333333333333,0.0
16895.0,255,4,902.28,482,225.57,331,82,0.24896265560165975,120.5,219.14
16896.0,372,1,103.95,372,103.95,18,18,0.08064516129032259,372.0,0.0
16897.0,116,2,289.78,130,144.89,73,37,0.46153846153846156,65.0,0.0
16898.0,185,3,623.64,393,207.88,484,110,0.22900763358778625,131.0,392.73
16899.0,24,4,787.01,214,196.7525,435,68,0.5607476635514018,53.5,934.01
16901.0,546,1,204.26,546,204.26,42,23,0.054945054945054944,546.0,0.0
16903.0,197,2,689.04,232,344.52,485,107,0.25862068965517243,116.0,373.24
16904.0,42,11,2666.27,228,242.3881818181818,1362,314,1.4473684210526314,20.727272727272727,2466.1
16905.0,53,13,2785.65,546,214.28076923076924,918,106,0.7142857142857142,42.0,2248.5
16906.0,3,6,1263.97,392,210.66166666666666,516,141,0.45918367346938777,65.33333333333333,184.83
16907.0,51,7,1310.25,343,187.17857142857142,413,88,0.6122448979591836,49.0,397.65
16908.0,539,1,252.59,539,252.59,61,20,0.055658627087198514,539.0,0.0
16911.0,452,2,255.25,478,127.625,161,30,0.12552301255230125,239.0,0.0
16912.0,24,9,3070.59,547,341.1766666666667,1141,95,0.4936014625228519,60.77777777777778,1409.72
16913.0,107,3,423.90999999999997,468,141.3033333333333,229,18,0.1923076923076923,156.0,0.0
16915.0,65,7,1088.29,386,155.47,105,35,0.544041450777202,55.142857142857146,454.89000000000004
16916.0,189,3,745.22,232,248.40666666666667,427,100,0.3879310344827586,77.33333333333333,378.18
16917.0,93,2,1857.83,449,928.915,793,45,0.13363028953229397,224.5,0.0
16918.0,134,11,2420.25,553,220.02272727272728,1521,235,0.596745027124774,50.27272727272727,793.04
16919.0,9,22,4584.81,294,208.40045454545455,1973,215,2.2448979591836733,13.363636363636363,541.1
16920.0,228,1,355.45,228,355.45,81,23,0.13157894736842105,228.0,0.0
16921.0,259,2,276.88,417,138.44,128,28,0.14388489208633093,208.5,169.79
16922.0,389,1,611.08,389,611.08,281,122,0.07712082262210797,389.0,0.0
16923.0,4,24,9963.24,494,415.135,4553,309,1.45748987854251,20.583333333333332,3415.12
16925.0,357,1,125.65,357,125.65,123,18,0.08403361344537816,357.0,0.0
16926.0,188,5,1421.35,343,284.27,237,63,0.43731778425655976,68.6,0.0
16927.0,93,2,341.45,178,170.725,513,5,0.33707865168539325,89.0,201.6
16928.0,7,19,2371.94,491,124.83894736842106,1416,123,1.1608961303462322,25.842105263157894,1741.29
16931.0,11,11,2532.51,214,230.22818181818184,1526,277,1.5420560747663552,19.454545454545453,2701.11
16932.0,240,2,278.77,388,139.385,142,77,0.15463917525773196,194.0,161.94
16933.0,56,8,2842.75,547,355.34375,1386,193,0.43875685557586835,68.375,338.5
16934.0,200,4,1160.06,438,290.015,540,77,0.273972602739726,109.5,950.9300000000001
16935.0,198,3,535.1,238,178.36666666666667,278,55,0.37815126050420167,79.33333333333333,0.0
16936.0,202,1,288.49,202,288.49,169,81,0.1485148514851485,202.0,262.68
16937.0,316,1,202.1,316,202.1,126,49,0.09493670886075949,316.0,0.0
16938.0,125,6,4574.4,477,762.4,2664,429,0.37735849056603776,79.5,2468.78
16939.0,305,3,449.0,466,149.66666666666666,232,38,0.19313304721030042,155.33333333333334,0.0
16940.0,106,6,4135.46,548,689.2433333333333,2883,249,0.3284671532846716,91.33333333333333,2292.2
16941.0,428,1,33.0,428,33.0,12,2,0.07009345794392523,428.0,0.0
16942.0,6,4,908.24,44,227.06,350,89,2.7272727272727275,11.0,1012.35
16943.0,28,5,1299.49,441,259.898,147,24,0.3401360544217687,88.2,0.0
16944.0,426,1,101.36,426,101.36,27,7,0.07042253521126761,426.0,0.0
16945.0,18,22,5976.34,547,271.6518181818182,4283,195,1.2065813528336382,24.863636363636363,2571.82
16946.0,200,5,1222.04,464,244.408,509,69,0.3232758620689655,92.8,0.0
16947.0,52,5,955.21,463,191.042,655,50,0.3239740820734341,92.6,0.0
16948.0,78,6,674.2900000000001,473,112.38166666666667,723,17,0.38054968287526425,78.83333333333333,194.48
16949.0,2,4,893.75,133,223.4375,386,32,0.9022556390977443,33.25,392.52
16950.0,184,8,2777.81,501,347.22625,1880,84,0.4790419161676646,62.625,1006.56
16951.0,121,1,1053.79,121,1053.79,1066,70,0.24793388429752067,121.0,223.96
16952.0,258,3,631.17,545,210.39,252,61,0.1651376146788991,181.66666666666666,167.61
16954.0,71,14,4938.28,507,352.7342857142857,3622,81,0.8284023668639053,36.214285714285715,1143.6
16955.0,1,6,1309.41,494,218.235,823,33,0.3643724696356275,82.33333333333333,0.0
16957.0,56,2,416.64,98,208.32,172,15,0.6122448979591836,49.0,0.0
16958.0,252,1,809.44,252,809.44,561,69,0.11904761904761904,252.0,0.0
16960.0,69,6,1737.91,464,289.6516666666667,1306,301,0.3879310344827586,77.33333333333333,305.52
16961.0,205,2,560.39,349,280.195,357,38,0.17191977077363896,174.5,234.17
16962.0,226,1,251.04,226,251.04,158,15,0.1327433628318584,226.0,0.0
16963.0,4,1,110.55000000000001,4,110.55000000000001,35,7,7.5,4.0,0.0
16964.0,550,2,207.85,550,103.925,49,6,0.10909090909090909,275.0,0.0
16965.0,43,1,201.19,43,201.19,291,26,0.6976744186046512,43.0,0.0
16966.0,14,3,1154.3999999999999,57,384.79999999999995,1176,8,1.5789473684210527,19.0,1000.5699999999999
16967.0,6,1,319.02,6,319.02,333,21,5.0,6.0,0.0
16969.0,8,1,397.36,8,397.36,388,27,3.75,8.0,253.05
16970.0,443,1,71.4,443,71.4,12,2,0.06772009029345372,443.0,0.0
16972.0,199,2,786.25,273,393.125,190,54,0.21978021978021978,136.5,0.0
16973.0,203,1,127.0,203,127.0,60,6,0.1477832512315271,203.0,0.0
16974.0,339,2,365.5,381,182.75,70,5,0.15748031496062992,190.5,0.0
16975.0,240,3,926.12,322,308.70666666666665,586,44,0.27950310559006214,107.33333333333333,0.0
16976.0,84,1,251.51999999999998,84,251.51999999999998,88,2,0.3571428571428571,84.0,0.0
16977.0,212,4,496.0,448,124.0,142,25,0.26785714285714285,112.0,0.0
16978.0,483,2,424.55,483,212.275,119,28,0.12422360248447206,241.5,344.33
16979.0,114,4,1354.8899999999999,267,338.72249999999997,679,41,0.449438202247191,66.75,1504.85
16980.0,72,3,1473.3300000000002,245,491.11000000000007,1039,91,0.36734693877551017,81.66666666666667,0.0
16983.0,88,7,2401.31,263,343.0442857142857,1577,92,0.7984790874524714,37.57142857142857,1308.9099999999999
16984.0,221,7,6273.45,459,896.2071428571428,2907,476,0.45751633986928103,65.57142857142857,4481.35
16985.0,28,19,8374.4,546,440.7578947368421,2352,116,1.043956043956044,28.736842105263158,2548.7599999999998
16986.0,262,9,3015.55,490,335.06111111111113,1499,64,0.5510204081632654,54.44444444444444,1873.2
16987.0,22,5,1123.9,554,224.78000000000003,324,120,0.27075812274368233,110.8,1412.0
16988.0,196,1,256.55,196,256.55,115,13,0.1530612244897959,196.0,126.12
16990.0,35,2,344.0,239,172.0,200,1,0.2510460251046025,119.5,0.0
16991.0,238,1,1041.21,238,1041.21,793,74,0.12605042016806722,238.0,0.0
16992.0,16,10,4533.34,483,453.334,1557,184,0.6211180124223602,48.3,943.1600000000001
16993.0,280,2,1950.9499999999998,393,975.4749999999999,285,19,0.15267175572519084,196.5,0.0
16996.0,62,7,1367.5300000000002,234,195.3614285714286,631,30,0.8974358974358975,33.42857142857143,756.08
16997.0,105,3,702.0,142,234.0,360,7,0.6338028169014085,47.333333333333336,0.0
16998.0,21,4,394.1,261,98.525,102,2,0.45977011494252873,65.25,7.9
17000.0,213,2,406.3,225,203.15,305,26,0.26666666666666666,112.5,0.0
17001.0,24,13,4453.17,441,342.5515384615385,2582,86,0.8843537414965986,33.92307692307692,2187.63
17002.0,32,6,2071.34,458,345.22333333333336,1008,48,0.3930131004366812,76.33333333333333,500.21
17003.0,219,4,830.16,395,207.54,495,90,0.3037974683544304,98.75,0.0
17004.0,209,2,1012.22,241,506.11,462,21,0.24896265560165975,120.5,1412.94
17005.0,287,2,742.36,405,371.18,787,14,0.14814814814814814,202.5,0.0
17006.0,209,4,854.54,461,213.635,301,77,0.2603036876355748,115.25,781.78
17007.0,18,5,692.9,254,138.57999999999998,407,40,0.5905511811023622,50.8,427.2
17008.0,246,1,81.36,246,81.36,24,1,0.12195121951219513,246.0,0.0
17009.0,368,1,242.06,368,242.06,336,10,0.08152173913043478,368.0,0.0
17011.0,464,2,400.8,468,200.4,606,12,0.12820512820512822,234.0,270.9
17012.0,542,1,384.16,542,384.16,268,34,0.055350553505535055,542.0,0.0
17015.0,2,1,524.5,2,524.5,549,116,15.0,2.0,1318.06
17016.0,393,1,552.4,393,552.4,309,41,0.07633587786259542,393.0,0.0
17017.0,21,20,9910.17,553,495.5085,7439,104,1.0849909584086799,27.65,4200.44
17018.0,142,5,1772.6,551,354.52,340,18,0.2722323049001815,110.2,515.1
17019.0,78,10,3735.52,554,373.552,2474,308,0.5415162454873647,55.4,276.68
17020.0,359,2,935.62,463,467.81,860,64,0.12958963282937366,231.5,0.0
17021.0,259,6,1182.22,406,197.03666666666666,992,35,0.44334975369458124,67.66666666666667,0.0
17022.0,249,1,189.0,249,189.0,72,9,0.12048192771084336,249.0,71.0
17023.0,234,3,800.18,514,266.72666666666663,530,48,0.17509727626459143,171.33333333333334,0.0
17025.0,190,4,1313.84,458,328.46,928,28,0.26200873362445415,114.5,196.8
17026.0,2,3,208.98,234,69.66,132,4,0.3846153846153846,78.0,0.0
17027.0,100,6,880.7,546,146.78333333333333,426,86,0.3296703296703297,91.0,446.41
17028.0,398,3,1593.83,538,531.2766666666666,856,85,0.16728624535315983,179.33333333333334,0.0
17029.0,53,6,1779.3,480,296.55,1065,19,0.375,80.0,358.0
17031.0,195,4,2393.5,398,598.375,1360,22,0.30150753768844224,99.5,380.35
17032.0,364,8,3004.6,546,375.575,1695,183,0.43956043956043955,68.25,0.0
17033.0,31,3,910.75,214,303.5833333333333,311,22,0.4205607476635514,71.33333333333333,422.04
17034.0,104,3,680.2,330,226.73333333333335,388,31,0.2727272727272727,110.0,603.72
17035.0,62,4,613.59,553,153.3975,327,29,0.21699819168173598,138.25,0.0
17036.0,200,1,176.9,200,176.9,76,12,0.15,200.0,0.0
17038.0,232,1,630.77,232,630.77,507,41,0.12931034482758622,232.0,112.4
17039.0,421,1,1954.99,421,1954.99,689,44,0.07125890736342043,421.0,0.0
17040.0,367,1,13.52,367,13.52,8,1,0.08174386920980926,367.0,449.73
17041.0,177,4,909.21,417,227.3025,576,58,0.28776978417266186,104.25,777.07
17042.0,13,2,495.39,64,247.695,449,51,0.9375,32.0,548.99
17043.0,83,5,1055.97,547,211.19400000000002,788,97,0.2742230347349177,109.4,1560.58
17044.0,191,11,11013.82,549,1001.2563636363636,5218,91,0.6010928961748634,49.90909090909091,948.48
17045.0,64,3,528.19,246,176.06333333333336,189,29,0.36585365853658536,82.0,299.49
17046.0,261,4,1264.05,437,316.0125,1126,57,0.2745995423340961,109.25,642.02
17047.0,22,5,1937.76,548,387.552,1003,98,0.2737226277372263,109.6,351.47
17048.0,99,6,1906.73,507,317.78833333333336,1007,83,0.35502958579881655,84.5,164.95000000000002
17049.0,31,13,5869.3,462,451.4846153846154,2216,205,0.8441558441558442,35.53846153846154,4078.18
17050.0,4,10,4123.54,499,412.354,2190,188,0.6012024048096192,49.9,568.25
17051.0,11,4,714.39,445,178.5975,513,107,0.26966292134831465,111.25,0.0
17054.0,24,3,918.82,62,306.27333333333337,544,46,1.4516129032258065,20.666666666666668,437.51
17055.0,262,1,239.55,262,239.55,87,24,0.11450381679389313,262.0,0.0
17056.0,555,1,128.60000000000002,555,128.60000000000002,26,8,0.05405405405405406,555.0,0.0
17057.0,413,1,294.74,413,294.74,129,48,0.07263922518159807,413.0,0.0
17058.0,16,2,819.66,56,409.83,455,42,1.0714285714285714,28.0,360.23
17059.0,14,7,4018.16,499,574.0228571428571,2573,250,0.42084168336673344,71.28571428571429,1584.37
17060.0,83,1,234.24,83,234.24,216,5,0.3614457831325301,83.0,0.0
17061.0,9,7,3250.23,49,464.31857142857143,1050,46,4.285714285714286,7.0,1982.0
17062.0,130,6,1208.22,256,201.37,922,82,0.703125,42.666666666666664,0.0
17063.0,106,8,2496.76,555,312.095,1314,111,0.43243243243243246,69.375,1141.77
17064.0,144,1,147.85,144,147.85,74,21,0.20833333333333331,144.0,711.5
17065.0,454,2,194.7,454,97.35,82,6,0.13215859030837004,227.0,0.0
17066.0,543,1,228.34,543,228.34,93,17,0.05524861878453039,543.0,0.0
17067.0,541,3,454.54,548,151.51333333333335,322,8,0.1642335766423358,182.66666666666666,0.0
17068.0,6,37,7257.79,438,196.15648648648647,3432,226,2.5342465753424657,11.837837837837839,1903.29
17069.0,43,9,4157.65,553,461.96111111111105,2294,146,0.488245931283906,61.44444444444444,1636.63
17070.0,227,1,133.18,227,133.18,101,41,0.13215859030837004,227.0,312.14
17071.0,4,8,2416.19,501,302.02375,1240,99,0.4790419161676646,62.625,1385.01
17072.0,442,1,282.05,442,282.05,218,20,0.06787330316742082,442.0,0.0
17074.0,379,1,203.05,379,203.05,19,4,0.07915567282321899,379.0,0.0
17075.0,70,9,2103.68,542,233.7422222222222,736,140,0.4981549815498155,60.22222222222222,138.05
17076.0,90,5,735.87,552,147.174,331,27,0.2717391304347826,110.4,506.88
17077.0,395,1,306.0,395,306.0,36,1,0.0759493670886076,395.0,0.0
17080.0,86,6,746.23,343,124.37166666666667,475,19,0.5247813411078718,57.166666666666664,211.29999999999998
17081.0,212,4,674.23,472,168.5575,311,121,0.2542372881355932,118.0,290.16
17082.0,135,5,3365.12,541,673.024,1793,74,0.27726432532347506,108.2,1366.91
17083.0,112,8,3640.03,485,455.00375,1745,29,0.4948453608247423,60.625,409.76
17084.0,213,1,2253.22,213,2253.22,1476,132,0.14084507042253522,213.0,2949.75
17085.0,67,27,7543.66,550,279.3948148148148,3446,395,1.4727272727272727,20.37037037037037,347.75
17087.0,554,1,221.53,554,221.53,113,12,0.05415162454873646,554.0,0.0
17088.0,70,1,1015.83,70,1015.83,355,55,0.42857142857142855,70.0,975.1800000000001
17089.0,203,1,128.45,203,128.45,35,4,0.1477832512315271,203.0,0.0
17090.0,44,9,1754.58,325,194.95333333333332,754,23,0.8307692307692308,36.111111111111114,1394.9
17091.0,2,15,5977.75,540,398.51666666666665,3112,222,0.8333333333333333,36.0,1833.3500000000001
17092.0,94,8,3952.08,492,494.01,2779,201,0.48780487804878053,61.5,1642.88
17093.0,409,1,235.88,409,235.88,114,13,0.07334963325183375,409.0,0.0
17094.0,139,2,402.20000000000005,240,201.10000000000002,212,18,0.25,120.0,0.0
17095.0,116,6,1792.05,541,298.675,1311,83,0.33271719038817005,90.16666666666667,780.1999999999999
17096.0,78,8,2870.54,372,358.8175,1347,132,0.6451612903225807,46.5,888.64
17097.0,141,3,673.67,247,224.55666666666664,316,97,0.3643724696356275,82.33333333333333,666.78
17098.0,198,3,591.0699999999999,357,197.0233333333333,125,10,0.25210084033613445,119.0,0.0
17099.0,350,1,582.17,350,582.17,317,40,0.08571428571428572,350.0,0.0
17101.0,211,3,885.3199999999999,367,295.1066666666666,360,28,0.24523160762942778,122.33333333333333,1621.73
17102.0,78,1,25.5,78,25.5,2,1,0.3846153846153846,78.0,0.0
17103.0,539,1,424.3,539,424.3,471,32,0.055658627087198514,539.0,0.0
17104.0,240,1,474.03,240,474.03,149,19,0.125,240.0,0.0
17105.0,123,1,319.4,123,319.4,359,38,0.24390243902439027,123.0,346.38
17106.0,206,1,491.23,206,491.23,156,51,0.14563106796116504,206.0,0.0
17107.0,25,6,9378.8,494,1563.1333333333332,4558,279,0.3643724696356275,82.33333333333333,6696.62
17108.0,480,1,174.95,480,174.95,31,9,0.0625,480.0,0.0
17109.0,49,4,875.01,314,218.7525,448,70,0.3821656050955414,78.5,420.45
17110.0,337,2,347.4,427,173.7,92,32,0.1405152224824356,213.5,163.29999999999998
17111.0,242,1,227.97,242,227.97,299,19,0.12396694214876033,242.0,248.61
17112.0,319,1,205.17,319,205.17,134,44,0.09404388714733541,319.0,0.0
17113.0,391,6,2322.59,514,387.09833333333336,915,122,0.35019455252918286,85.66666666666667,0.0
17114.0,25,4,446.09,151,111.5225,130,59,0.7947019867549668,37.75,362.53
17115.0,50,5,2234.01,551,446.802,679,88,0.2722323049001815,110.2,527.48
17116.0,465,1,389.78,465,389.78,392,47,0.06451612903225806,465.0,0.0
17117.0,105,1,116.19999999999999,105,116.19999999999999,68,9,0.28571428571428575,105.0,0.0
17118.0,134,1,157.02,134,157.02,154,10,0.22388059701492538,134.0,0.0
17120.0,50,1,307.46,50,307.46,120,18,0.6,50.0,0.0
17121.0,219,1,314.74,219,314.74,106,12,0.136986301369863,219.0,0.0
17122.0,205,3,432.18,316,144.06,288,19,0.2848101265822785,105.33333333333333,138.32
17123.0,256,2,631.87,389,315.935,430,31,0.15424164524421594,194.5,345.29999999999995
17124.0,2,1,298.89,2,298.89,130,31,15.0,2.0,0.0
17126.0,116,6,1580.96,282,263.49333333333334,948,221,0.6382978723404256,47.0,489.48
17127.0,245,5,1155.0300000000002,552,231.00600000000003,340,27,0.2717391304347826,110.4,0.0
17128.0,151,1,157.09,151,157.09,76,14,0.1986754966887417,151.0,0.0
17129.0,337,1,31.85,337,31.85,5,2,0.08902077151335312,337.0,0.0
17132.0,269,2,1272.8,305,636.4,980,62,0.19672131147540983,152.5,0.0
17133.0,7,8,12208.880000000001,445,1526.1100000000001,8502,21,0.5393258426966293,55.625,2413.4500000000003
17134.0,81,2,542.6,259,271.3,126,29,0.23166023166023167,129.5,94.5
17135.0,106,5,1314.98,396,262.996,1118,85,0.3787878787878788,79.2,639.18
17136.0,479,1,231.68,479,231.68,256,14,0.06263048016701461,479.0,0.0
17137.0,233,6,1133.63,494,188.93833333333336,697,125,0.3643724696356275,82.33333333333333,0.0
17138.0,92,7,4417.27,490,631.0385714285715,2024,234,0.42857142857142855,70.0,0.0
17139.0,27,17,13621.89,514,801.2876470588235,6654,348,0.9922178988326849,30.235294117647058,5962.57
17140.0,64,1,465.32,64,465.32,302,16,0.46875,64.0,0.0
17141.0,235,4,754.33,501,188.5825,436,138,0.2395209580838323,125.25,0.0
17142.0,56,4,1283.75,501,320.9375,323,78,0.2395209580838323,125.25,0.0
17143.0,234,2,924.11,332,462.055,330,82,0.18072289156626506,166.0,0.0
17145.0,329,4,3120.91,475,780.2275,2591,168,0.25263157894736843,118.75,0.0
17146.0,80,12,5674.34,492,472.8616666666667,2188,162,0.7317073170731707,41.0,185.9
17147.0,23,7,2458.47,514,351.21,943,74,0.4085603112840467,73.42857142857143,741.48
17149.0,268,1,143.10000000000002,268,143.10000000000002,18,6,0.11194029850746269,268.0,0.0
17150.0,193,6,1375.65,550,229.275,403,64,0.32727272727272727,91.66666666666667,0.0
17151.0,552,1,231.90000000000003,552,231.90000000000003,42,4,0.05434782608695652,552.0,0.0
17152.0,11,4,2016.5,242,504.125,577,9,0.49586776859504134,60.5,0.0
17155.0,344,5,640.76,553,128.152,745,31,0.27124773960216997,110.6,251.70000000000002
17156.0,308,1,591.87,308,591.87,391,39,0.09740259740259741,308.0,0.0
17157.0,297,17,4832.9,552,284.2882352941176,1920,69,0.9239130434782609,32.470588235294116,319.0
17158.0,49,4,1411.58,459,352.895,830,61,0.26143790849673204,114.75,568.42
17159.0,294,2,560.71,462,280.355,237,27,0.12987012987012986,231.0,1538.88
17160.0,42,13,7896.2,552,607.4,6485,184,0.7065217391304348,42.46153846153846,2312.96
17161.0,261,1,856.01,261,856.01,537,52,0.11494252873563218,261.0,0.0
17162.0,7,8,1165.28,122,145.66,689,70,1.9672131147540985,15.25,550.1800000000001
17163.0,262,2,406.68,492,203.34,465,24,0.12195121951219513,246.0,293.1
17164.0,29,2,943.22,90,471.61,602,49,0.6666666666666667,45.0,1524.13
17165.0,101,6,1794.32,545,299.05333333333334,788,77,0.3302752293577982,90.83333333333333,0.0
17166.0,20,1,127.59,20,127.59,57,10,1.5,20.0,78.75
17167.0,196,3,867.11,262,289.0366666666667,429,64,0.3435114503816794,87.33333333333333,0.0
17168.0,315,1,400.2,315,400.2,220,21,0.09523809523809523,315.0,0.0
17169.0,395,1,320.95,395,320.95,145,21,0.0759493670886076,395.0,835.78
17170.0,191,2,178.68,206,89.34,152,8,0.2912621359223301,103.0,0.0
17171.0,106,2,384.59,478,192.295,225,25,0.12552301255230125,239.0,0.0
17172.0,247,2,638.81,543,319.405,735,24,0.11049723756906078,271.5,317.76
17174.0,34,1,59.9,34,59.9,41,4,0.8823529411764706,34.0,0.0
17175.0,113,1,519.08,113,519.08,332,27,0.2654867256637168,113.0,924.61
17176.0,18,3,902.3199999999999,494,300.7733333333333,576,37,0.18218623481781376,164.66666666666666,0.0
17177.0,322,1,119.5,322,119.5,40,29,0.09316770186335403,322.0,0.0
17178.0,548,1,436.71,548,436.71,101,31,0.05474452554744525,548.0,0.0
17179.0,49,5,1283.78,379,256.756,543,69,0.395778364116095,75.8,223.48
17180.0,58,10,2025.81,504,202.581,1674,179,0.5952380952380952,50.4,231.17
17181.0,190,2,380.97,412,190.485,459,7,0.14563106796116504,206.0,84.39999999999999
17182.0,239,2,321.3,535,160.65,54,4,0.11214953271028037,267.5,0.0
17184.0,386,2,198.41000000000003,547,99.20500000000001,73,14,0.10968921389396709,273.5,0.0
17185.0,408,3,229.46,415,76.48666666666666,119,38,0.21686746987951808,138.33333333333334,0.0
17187.0,43,2,467.71,343,233.855,426,21,0.1749271137026239,171.5,0.0
17188.0,132,9,3543.14,548,393.6822222222222,1951,106,0.4927007299270073,60.888888888888886,1049.79
17189.0,176,4,800.45,554,200.1125,480,87,0.21660649819494585,138.5,157.18
17190.0,24,6,1493.3,461,248.88333333333333,2065,144,0.39045553145336226,76.83333333333333,249.74
17191.0,8,13,3916.62,555,301.27846153846156,2008,224,0.7027027027027027,42.69230769230769,919.4300000000001
17192.0,353,1,77.83,353,77.83,46,20,0.08498583569405099,353.0,0.0
17193.0,203,2,610.74,554,305.37,414,12,0.10830324909747292,277.0,1699.3000000000002
17194.0,90,3,812.5,347,270.8333333333333,420,57,0.25936599423631124,115.66666666666667,0.0
17195.0,472,1,562.98,472,562.98,486,31,0.0635593220338983,472.0,0.0
17196.0,244,1,352.9,244,352.9,168,84,0.12295081967213116,244.0,0.0
17198.0,182,2,1043.32,188,521.66,484,73,0.3191489361702128,94.0,170.56
17199.0,399,1,145.12,399,145.12,304,8,0.07518796992481203,399.0,0.0
17200.0,204,4,356.71,469,89.1775,367,25,0.255863539445629,117.25,0.0
17201.0,340,3,899.41,484,299.80333333333334,807,119,0.1859504132231405,161.33333333333334,342.63
17202.0,237,1,160.65,237,160.65,55,8,0.12658227848101264,237.0,0.0
17203.0,205,4,2012.03,205,503.0075,1756,84,0.5853658536585366,51.25,3563.85
17204.0,58,7,5190.29,364,741.47,2513,107,0.576923076923077,52.0,314.4
17205.0,233,2,615.27,381,307.635,1330,18,0.15748031496062992,190.5,384.08
17207.0,469,1,303.21999999999997,469,303.21999999999997,241,55,0.06396588486140725,469.0,0.0
17208.0,212,1,115.35,212,115.35,103,21,0.14150943396226415,212.0,0.0
17209.0,466,3,611.6,553,203.86666666666667,731,36,0.162748643761302,184.33333333333334,0.0
17210.0,209,1,253.37,209,253.37,243,47,0.14354066985645933,209.0,0.0
17211.0,50,10,2983.37,543,298.337,1767,166,0.5524861878453039,54.3,1063.28
17212.0,70,3,794.41,303,264.80333333333334,727,29,0.297029702970297,101.0,0.0
17213.0,133,9,3338.02,541,370.8911111111111,1326,91,0.49907578558225507,60.111111111111114,1844.28
17214.0,66,4,613.67,176,153.4175,179,56,0.6818181818181819,44.0,455.45
17215.0,281,1,186.15,281,186.15,104,11,0.10676156583629892,281.0,0.0
17216.0,371,1,65.05,371,65.05,22,13,0.08086253369272238,371.0,0.0
17217.0,51,2,218.0,436,109.0,95,27,0.13761467889908258,218.0,0.0
17218.0,31,13,3180.54,500,244.65692307692308,1638,193,0.7799999999999999,38.46153846153846,1012.14
17219.0,233,1,144.9,233,144.9,99,24,0.12875536480686695,233.0,114.23
17220.0,23,12,2748.28,505,229.02333333333334,1492,277,0.7128712871287128,42.083333333333336,1733.47
17221.0,408,3,643.39,424,214.46333333333334,427,58,0.21226415094339623,141.33333333333334,335.13
17222.0,294,5,1250.86,515,250.17199999999997,735,71,0.2912621359223301,103.0,354.15
17223.0,127,3,873.53,192,291.1766666666667,222,62,0.46875,64.0,0.0
17224.0,318,1,100.86,318,100.86,65,8,0.09433962264150944,318.0,0.0
17225.0,398,1,131.15,398,131.15,36,5,0.07537688442211056,398.0,0.0
17226.0,125,3,900.12,482,300.04,855,51,0.1867219917012448,160.66666666666666,0.0
17227.0,73,8,1448.8600000000001,510,181.10750000000002,1225,47,0.47058823529411764,63.75,573.1700000000001
17228.0,24,9,1958.73,454,217.63666666666666,1647,132,0.5947136563876653,50.44444444444444,1218.51
17230.0,81,18,9924.95,548,551.3861111111112,3903,141,0.9854014598540146,30.444444444444443,0.0
17231.0,7,21,5756.17,549,274.10333333333335,2912,436,1.1475409836065573,26.142857142857142,1440.8700000000001
17233.0,265,2,369.98,541,184.99,167,32,0.11090573012939002,270.5,190.88
17235.0,189,7,1696.72,370,242.38857142857142,873,41,0.5675675675675675,52.857142857142854,208.16
17236.0,59,10,1576.95,459,157.695,647,81,0.6535947712418301,45.9,352.31
17237.0,192,2,687.39,198,343.695,310,58,0.30303030303030304,99.0,314.69
17238.0,1,24,5586.64,555,232.77666666666667,2580,402,1.2972972972972974,23.125,2196.46
17239.0,129,4,1189.45,343,297.3625,515,18,0.3498542274052478,85.75,0.0
17240.0,413,1,130.6,413,130.6,108,7,0.07263922518159807,413.0,0.0
17241.0,202,12,2744.14,479,228.6783333333333,865,116,0.7515657620041754,39.916666666666664,0.0
17242.0,273,3,1754.24,501,584.7466666666667,848,27,0.17964071856287425,167.0,1135.04
17243.0,53,54,15077.11,555,279.20574074074074,5911,298,2.9189189189189193,10.277777777777779,5812.75
17244.0,200,4,871.14,550,217.785,803,85,0.21818181818181817,137.5,954.9
17245.0,21,2,371.63,506,185.815,307,24,0.11857707509881422,253.0,0.0
17246.0,363,2,38.92,555,19.46,36,6,0.10810810810810811,277.5,0.0
17248.0,298,1,227.51,298,227.51,79,34,0.10067114093959731,298.0,318.65
17249.0,245,1,68.03,245,68.03,79,27,0.12244897959183675,245.0,0.0
17250.0,78,1,162.65,78,162.65,70,23,0.3846153846153846,78.0,221.87
17251.0,179,3,812.4300000000001,541,270.81,379,65,0.16635859519408502,180.33333333333334,0.0
17252.0,3,1,341.96,3,341.96,191,85,10.0,3.0,11.9
17254.0,218,1,198.29,218,198.29,146,36,0.13761467889908258,218.0,272.44
17255.0,116,3,613.18,263,204.39333333333332,437,131,0.3422053231939164,87.66666666666667,185.95
17256.0,129,4,386.83,417,96.7075,226,18,0.28776978417266186,104.25,112.10000000000001
17257.0,253,2,192.73,253,96.365,188,14,0.23715415019762845,126.5,0.0
17258.0,213,2,417.3,482,208.65,188,46,0.12448132780082988,241.0,0.0
17259.0,185,5,1667.61,472,333.522,1023,159,0.3177966101694915,94.4,221.73000000000002
17260.0,228,1,120.95,228,120.95,23,6,0.13157894736842105,228.0,0.0
17261.0,326,1,230.44,326,230.44,98,43,0.09202453987730061,326.0,0.0
17262.0,44,10,2459.62,541,245.962,669,10,0.5545286506469501,54.1,298.0
17263.0,25,1,63.440000000000005,25,63.440000000000005,36,23,1.2,25.0,0.0
17264.0,241,1,279.59,241,279.59,227,70,0.12448132780082988,241.0,0.0
17266.0,316,2,207.09,457,103.545,91,43,0.13129102844638948,228.5,310.64
17268.0,60,9,1246.73,548,138.52555555555557,935,24,0.4927007299270073,60.888888888888886,487.15999999999997
17269.0,202,1,537.46,202,537.46,336,110,0.1485148514851485,202.0,0.0
17270.0,286,2,604.4,549,302.2,421,45,0.1092896174863388,274.5,0.0
17271.0,553,1,210.39,553,210.39,117,46,0.054249547920433995,553.0,0.0
17272.0,16,2,1409.44,79,704.72,1161,59,0.7594936708860759,39.5,739.1899999999999
17273.0,241,1,141.12,241,141.12,133,12,0.12448132780082988,241.0,0.0
17274.0,212,1,465.4,212,465.4,194,52,0.14150943396226415,212.0,111.97999999999999
17275.0,200,1,114.52,200,114.52,72,23,0.15,200.0,0.0
17276.0,219,1,508.39,219,508.39,189,50,0.136986301369863,219.0,0.0
17277.0,44,2,1065.3500000000001,139,532.6750000000001,430,67,0.43165467625899284,69.5,0.0
17278.0,58,2,271.24,382,135.62,195,17,0.15706806282722513,191.0,0.0
17280.0,255,1,118.85999999999999,255,118.85999999999999,74,6,0.11764705882352941,255.0,0.0
17281.0,191,6,797.8499999999999,490,132.975,295,2,0.36734693877551017,81.66666666666667,0.0
17282.0,116,3,1378.1,365,459.3666666666666,1091,167,0.2465753424657534,121.66666666666667,961.56
17283.0,195,1,188.46,195,188.46,179,15,0.15384615384615385,195.0,0.0
17284.0,52,4,2069.03,262,517.2575,1480,225,0.4580152671755725,65.5,724.13
17285.0,445,2,428.34,480,214.17,140,41,0.125,240.0,0.0
17286.0,217,2,241.56,217,120.78,253,46,0.2764976958525346,108.5,153.92
17287.0,22,18,3548.19,553,197.12166666666667,1782,243,0.976491862567812,30.72222222222222,563.77
17288.0,24,9,1743.95,211,193.77222222222224,1165,139,1.2796208530805688,23.444444444444443,756.03
17289.0,193,6,1134.98,458,189.16333333333333,740,130,0.3930131004366812,76.33333333333333,944.41
17290.0,198,6,976.2,543,162.70000000000002,743,96,0.3314917127071823,90.5,525.24
17291.0,125,1,550.8000000000001,125,550.8000000000001,72,1,0.24,125.0,0.0
17292.0,289,2,271.75,396,135.875,131,14,0.15151515151515152,198.0,0.0
17293.0,125,10,2368.4700000000003,553,236.84700000000004,1397,91,0.5424954792043399,55.3,1405.76
17294.0,486,2,467.78999999999996,486,233.89499999999998,297,17,0.1234567901234568,243.0,0.0
17296.0,547,1,338.13,547,338.13,216,32,0.054844606946983544,547.0,0.0
17298.0,191,3,459.14,458,153.04666666666665,467,38,0.1965065502183406,152.66666666666666,498.42
17299.0,256,2,346.97,298,173.485,256,52,0.20134228187919462,149.0,669.11
17300.0,207,2,393.64,298,196.82,467,37,0.20134228187919462,149.0,0.0
17301.0,441,1,132.8,441,132.8,80,52,0.06802721088435375,441.0,197.63
17302.0,25,2,303.12,122,151.56,190,35,0.49180327868852464,61.0,832.51
17303.0,178,1,250.04,178,250.04,144,53,0.16853932584269662,178.0,0.0
17304.0,351,1,111.5,351,111.5,73,5,0.08547008547008547,351.0,0.0
17305.0,465,1,2135.46,465,2135.46,1006,9,0.06451612903225806,465.0,0.0
17306.0,21,10,4346.7,220,434.66999999999996,7262,11,1.3636363636363638,22.0,5435.650000000001
17307.0,212,11,3999.8900000000003,506,363.6263636363637,3667,22,0.6521739130434783,46.0,0.0
17308.0,210,2,4511.76,269,2255.88,5148,5,0.22304832713754646,134.5,0.0
17309.0,198,2,247.84,490,123.92,152,22,0.12244897959183675,245.0,82.75
17310.0,204,2,1025.1,351,512.55,402,1,0.17094017094017094,175.5,0.0
17311.0,133,5,2738.17,491,547.634,2160,93,0.3054989816700611,98.2,828.39
17314.0,73,12,3163.51,553,263.62583333333333,2147,117,0.650994575045208,46.083333333333336,1740.92
17315.0,8,25,6260.74,255,250.4296,3098,316,2.941176470588235,10.2,3389.86
17316.0,237,1,124.45,237,124.45,44,35,0.12658227848101264,237.0,0.0
17318.0,542,1,164.28,542,164.28,60,17,0.055350553505535055,542.0,0.0
17319.0,486,1,29.1,486,29.1,14,3,0.0617283950617284,486.0,0.0
17320.0,53,5,2605.25,504,521.05,1224,67,0.2976190476190476,100.8,290.52
17321.0,211,4,1040.32,394,260.08,444,159,0.3045685279187817,98.5,700.86
17322.0,193,5,922.59,553,184.518,631,115,0.27124773960216997,110.6,0.0
17323.0,32,7,941.89,515,134.5557142857143,923,121,0.4077669902912621,73.57142857142857,623.7
17324.0,148,10,2013.87,538,201.387,1299,85,0.5576208178438662,53.8,288.0
17325.0,97,3,609.5699999999999,458,203.18999999999997,465,39,0.1965065502183406,152.66666666666666,0.0
17326.0,225,2,321.95,346,160.975,140,82,0.17341040462427745,173.0,0.0
17327.0,226,2,152.35,379,76.175,59,3,0.15831134564643798,189.5,0.0
17328.0,490,1,104.7,490,104.7,86,6,0.06122448979591837,490.0,0.0
17329.0,132,4,724.6800000000001,553,181.17000000000002,357,73,0.21699819168173598,138.25,279.75
17330.0,361,2,59.900000000000006,464,29.950000000000003,2,2,0.12931034482758622,232.0,363.9
17332.0,345,5,838.27,473,167.654,794,82,0.3171247357293869,94.6,0.0
17334.0,119,3,635.15,223,211.71666666666667,566,20,0.40358744394618834,74.33333333333333,0.0
17335.0,200,2,508.0,501,254.0,216,34,0.11976047904191615,250.5,0.0
17336.0,289,1,81.12,289,81.12,48,1,0.10380622837370243,289.0,0.0
17337.0,28,3,1994.92,127,664.9733333333334,1244,421,0.7086614173228346,42.333333333333336,32.95
17338.0,22,14,9141.89,456,652.9921428571428,4346,478,0.9210526315789473,32.57142857142857,3000.68
17339.0,182,2,179.0,326,89.5,52,5,0.18404907975460122,163.0,183.36
17340.0,9,11,15854.34,480,1441.3036363636363,8441,244,0.6875,43.63636363636363,6550.4800000000005
17341.0,183,3,1622.07,357,540.6899999999999,971,180,0.25210084033613445,119.0,267.76
17342.0,196,4,1227.54,486,306.885,521,31,0.2469135802469136,121.5,0.0
17343.0,172,6,1259.94,553,209.99,454,61,0.325497287522604,92.16666666666667,0.0
17344.0,545,1,307.54,545,307.54,147,36,0.05504587155963303,545.0,160.57
17345.0,13,8,1195.27,555,149.40875,1729,128,0.43243243243243246,69.375,409.40999999999997
17346.0,4,17,3611.21,417,212.42411764705884,2682,373,1.2230215827338131,24.529411764705884,1711.79
17348.0,114,5,1477.04,456,295.408,1591,206,0.3289473684210526,91.2,999.37
17349.0,197,4,741.5,448,185.375,728,66,0.26785714285714285,112.0,110.75
17350.0,211,3,619.971,493,206.657,421,65,0.18255578093306288,164.33333333333334,1286.07
17351.0,90,10,1599.68,546,159.96800000000002,298,30,0.5494505494505495,54.6,388.55
17352.0,513,1,36.25,513,36.25,15,5,0.05847953216374269,513.0,0.0
17353.0,308,2,1502.0,441,751.0,968,6,0.1360544217687075,220.5,1740.0
17354.0,245,3,1750.3999999999999,245,583.4666666666666,1529,73,0.36734693877551017,81.66666666666667,1393.06
17355.0,203,1,285.11,203,285.11,257,28,0.1477832512315271,203.0,0.0
17356.0,128,5,946.47,505,189.294,925,73,0.297029702970297,101.0,0.0
17358.0,120,5,866.05,470,173.20999999999998,442,126,0.3191489361702128,94.0,0.0
17359.0,465,1,156.6,465,156.6,76,23,0.06451612903225806,465.0,127.86
17360.0,1,4,976.54,251,244.135,468,137,0.47808764940239046,62.75,254.84
17361.0,3,4,656.36,493,164.09,289,41,0.2434077079107505,123.25,224.28
17362.0,56,7,1024.04,519,146.29142857142855,549,99,0.40462427745664736,74.14285714285714,0.0
17363.0,212,3,940.86,219,313.62,523,34,0.410958904109589,73.0,0.0
17364.0,21,22,9691.09,549,440.5040909090909,6059,387,1.2021857923497268,24.954545454545453,2379.33
17365.0,16,11,5320.61,493,483.6918181818182,5287,311,0.6693711967545639,44.81818181818182,2904.37
17366.0,249,2,1096.24,273,548.12,510,120,0.21978021978021978,136.5,0.0
17367.0,55,1,168.4,55,168.4,150,33,0.5454545454545454,55.0,0.0
17368.0,76,9,1802.39,541,200.26555555555558,2033,139,0.49907578558225507,60.111111111111114,1023.75
17369.0,272,1,979.1999999999999,272,979.1999999999999,1152,1,0.11029411764705882,272.0,0.0
17371.0,178,4,336.29,548,84.0725,171,62,0.218978102189781,137.0,326.26
17372.0,60,24,3780.18,553,157.5075,1542,352,1.301989150090416,23.041666666666668,597.38
17373.0,129,4,665.83,466,166.4575,419,44,0.2575107296137339,116.5,501.67
17374.0,35,3,727.11,212,242.37,155,34,0.42452830188679247,70.66666666666667,0.0
17375.0,16,4,660.55,248,165.1375,480,77,0.4838709677419355,62.0,0.0
17376.0,128,3,356.29,339,118.76333333333334,193,37,0.2654867256637168,113.0,97.35
17377.0,72,65,15816.11,554,243.32476923076925,6176,428,3.5198555956678703,8.523076923076923,2503.3
17378.0,191,1,10.95,191,10.95,1,1,0.15706806282722513,191.0,0.0
17380.0,251,3,645.0,351,215.0,252,5,0.25641025641025644,117.0,0.0
17381.0,20,25,33544.89,365,1341.7956,36633,49,2.054794520547945,14.6,6457.48
17382.0,252,7,836.88,386,119.55428571428571,432,14,0.544041450777202,55.142857142857146,65.4
17383.0,270,1,110.69999999999999,270,110.69999999999999,12,2,0.11111111111111112,270.0,199.29
17384.0,36,2,398.8,284,199.4,76,7,0.2112676056338028,142.0,108.75
17386.0,202,1,126.35000000000001,202,126.35000000000001,53,10,0.1485148514851485,202.0,2686.42
17388.0,28,9,2195.21,546,243.91222222222223,2219,29,0.4945054945054945,60.666666666666664,496.36
17389.0,2,41,30518.54,552,744.3546341463415,11538,57,2.2282608695652173,13.463414634146341,26706.14
17390.0,237,1,149.3,237,149.3,49,12,0.12658227848101264,237.0,0.0
17392.0,123,3,626.56,267,208.85333333333332,493,66,0.33707865168539325,89.0,0.0
17393.0,227,2,381.15,305,190.575,238,45,0.19672131147540983,152.5,0.0
17394.0,36,1,203.86999999999998,36,203.86999999999998,241,4,0.8333333333333333,36.0,0.0
17395.0,325,1,97.5,325,97.5,66,3,0.09230769230769231,325.0,0.0
17396.0,188,7,1873.8,258,267.68571428571425,520,11,0.813953488372093,36.857142857142854,6933.3
17397.0,233,1,536.77,233,536.77,443,44,0.12875536480686695,233.0,696.41
17398.0,27,2,528.45,72,264.225,259,26,0.8333333333333333,36.0,124.92999999999999
17400.0,27,7,3859.61,539,551.3728571428571,1705,278,0.38961038961038963,77.0,817.44
17401.0,358,1,114.85,358,114.85,34,11,0.08379888268156425,358.0,0.0
17402.0,50,14,3246.7,540,231.90714285714284,1044,100,0.7777777777777778,38.57142857142857,1849.48
17403.0,267,1,118.95,267,118.95,77,13,0.11235955056179775,267.0,281.62
17404.0,28,14,29727.92,518,2123.422857142857,32783,84,0.8108108108108109,37.0,18053.2
17406.0,150,13,4905.05,550,377.3115384615385,2124,155,0.7090909090909091,42.30769230769231,0.0
17407.0,228,1,552.9,228,552.9,426,23,0.13157894736842105,228.0,0.0
17408.0,317,2,283.44000000000005,331,141.72000000000003,160,6,0.18126888217522658,165.5,32.65
17409.0,1,10,7793.51,545,779.351,4089,50,0.5504587155963303,54.5,0.0
17410.0,32,1,302.4,32,302.4,100,15,0.9375,32.0,912.3199999999999
17411.0,78,3,932.02,553,310.67333333333335,428,46,0.162748643761302,184.33333333333334,493.36
17412.0,13,13,3869.28,554,297.6369230769231,2224,143,0.703971119133574,42.61538461538461,548.24
17413.0,221,2,560.14,386,280.07,302,10,0.15544041450777202,193.0,0.0
17414.0,1,5,2069.52,553,413.904,5536,6,0.27124773960216997,110.6,180.0
17416.0,14,18,13853.04,542,769.6133333333333,6490,279,0.996309963099631,30.11111111111111,3445.41
17417.0,365,1,164.18,365,164.18,76,16,0.0821917808219178,365.0,0.0
17418.0,140,2,373.99,204,186.995,371,24,0.29411764705882354,102.0,296.07
17419.0,66,13,4319.75,500,332.28846153846155,2183,140,0.7799999999999999,38.46153846153846,2180.77
17420.0,190,4,616.45,218,154.1125,287,24,0.5504587155963303,54.5,467.98
17421.0,203,3,1059.41,552,353.1366666666667,807,46,0.16304347826086957,184.0,0.0
17422.0,37,7,2243.46,351,320.4942857142857,1632,95,0.5982905982905983,50.142857142857146,1351.3
17423.0,34,2,869.96,210,434.98,645,28,0.28571428571428575,105.0,248.99
17426.0,99,8,4234.39,477,529.29875,2639,151,0.5031446540880503,59.625,3843.38
17428.0,29,30,21851.73,555,728.391,12800,330,1.6216216216216217,18.5,9968.03
17429.0,2,4,1208.68,246,302.17,996,70,0.48780487804878053,61.5,148.78
17430.0,182,3,582.01,296,194.00333333333333,385,24,0.30405405405405406,98.66666666666667,153.16
17431.0,130,1,403.3,130,403.3,292,41,0.23076923076923078,130.0,0.0
17432.0,202,7,1385.6299999999999,553,197.94714285714284,809,174,0.37974683544303794,79.0,365.76
17433.0,202,1,266.8,202,266.8,120,39,0.1485148514851485,202.0,303.15999999999997
17435.0,228,1,331.35,228,331.35,195,15,0.13157894736842105,228.0,0.0
17436.0,43,4,440.15999999999997,549,110.03999999999999,136,5,0.2185792349726776,137.25,93.89999999999999
17437.0,346,1,373.17,346,373.17,284,52,0.08670520231213873,346.0,0.0
17438.0,70,5,1422.77,458,284.554,553,49,0.32751091703056767,91.6,0.0
17439.0,472,1,325.74,472,325.74,370,8,0.0635593220338983,472.0,0.0
17440.0,64,3,261.78,366,87.25999999999999,198,4,0.24590163934426232,122.0,61.8
17441.0,549,1,293.35,549,293.35,245,21,0.0546448087431694,549.0,0.0
17442.0,37,11,3186.57,479,289.6881818181818,2170,145,0.6889352818371608,43.54545454545455,1433.73
17443.0,36,1,534.24,36,534.24,504,1,0.8333333333333333,36.0,0.0
17446.0,127,1,68.10000000000001,127,68.10000000000001,102,5,0.23622047244094488,127.0,52.800000000000004
17448.0,314,46,14556.97,462,316.45586956521737,11548,569,2.987012987012987,10.043478260869565,0.0
17449.0,51,9,3752.98,547,416.9977777777778,2019,236,0.4936014625228519,60.77777777777778,1198.17
17450.0,9,19,108182.56,255,5693.818947368421,34655,95,2.235294117647059,13.421052631578947,138790.53
17454.0,9,10,1547.94,510,154.794,727,98,0.5882352941176471,51.0,0.0
17455.0,20,1,131.7,20,131.7,66,8,1.5,20.0,0.0
17456.0,182,2,1225.42,273,612.71,730,59,0.21978021978021978,136.5,0.0
17457.0,21,13,5644.75,549,434.21153846153845,2541,23,0.7103825136612022,42.23076923076923,340.06
17458.0,198,1,213.08,198,213.08,112,32,0.15151515151515152,198.0,316.5
17460.0,42,15,2068.42,503,137.89466666666667,921,90,0.8946322067594433,33.53333333333333,159.85000000000002
17462.0,101,1,463.40999999999997,101,463.40999999999997,155,14,0.297029702970297,101.0,212.28
17463.0,50,4,1605.26,406,401.315,921,169,0.2955665024630542,101.5,952.65
17464.0,339,2,710.98,436,355.49,432,28,0.13761467889908258,218.0,289.96000000000004
17465.0,242,7,2542.79,553,363.2557142857143,1477,103,0.37974683544303794,79.0,0.0
17467.0,212,1,102.6,212,102.6,20,4,0.14150943396226415,212.0,0.0
17468.0,192,1,57.8,192,57.8,68,3,0.15625,192.0,137.0
17469.0,21,13,3485.64,540,268.12615384615384,1647,137,0.7222222222222222,41.53846153846154,1565.6100000000001
17470.0,34,9,2302.91,325,255.87888888888887,2051,89,0.8307692307692308,36.111111111111114,501.96000000000004
17471.0,291,1,321.65000000000003,291,321.65000000000003,153,19,0.10309278350515463,291.0,0.0
17472.0,8,4,935.1,445,233.775,558,183,0.26966292134831465,111.25,0.0
17473.0,225,2,607.0,273,303.5,270,33,0.21978021978021978,136.5,0.0
17474.0,416,1,1047.0,416,1047.0,200,6,0.07211538461538462,416.0,0.0
17476.0,212,2,489.86,554,244.93,224,29,0.10830324909747292,277.0,0.0
17477.0,429,2,1144.3,464,572.15,225,44,0.12931034482758622,232.0,0.0
17478.0,225,2,1272.8,450,636.4,516,40,0.13333333333333333,225.0,0.0
17479.0,449,1,389.26000000000005,449,389.26000000000005,266,18,0.06681514476614699,449.0,0.0
17480.0,261,1,390.21,261,390.21,255,24,0.11494252873563218,261.0,511.82
17482.0,304,2,778.19,395,389.095,241,50,0.1518987341772152,197.5,0.0
17483.0,231,1,177.69,231,177.69,74,7,0.12987012987012986,231.0,414.04
17484.0,393,2,209.57,441,104.785,339,14,0.1360544217687075,220.5,0.0
17486.0,78,1,396.87,78,396.87,191,24,0.3846153846153846,78.0,0.0
17487.0,545,1,160.55,545,160.55,37,8,0.05504587155963303,545.0,0.0
17488.0,458,1,336.5,458,336.5,136,18,0.06550218340611354,458.0,0.0
17489.0,29,1,208.56,29,208.56,232,16,1.0344827586206897,29.0,168.07999999999998
17490.0,205,2,658.18,386,329.09,397,37,0.15544041450777202,193.0,2092.32
17491.0,1,11,3747.06,407,340.64181818181817,2538,73,0.8108108108108109,37.0,2234.01
17492.0,65,3,1122.42,335,374.14000000000004,450,32,0.26865671641791045,111.66666666666667,0.0
17493.0,202,1,100.91000000000001,202,100.91000000000001,62,8,0.1485148514851485,202.0,0.0
17494.0,318,1,54.699999999999996,318,54.699999999999996,26,3,0.09433962264150944,318.0,0.0
17495.0,207,1,309.16,207,309.16,138,21,0.14492753623188406,207.0,497.56
17496.0,175,4,1412.89,511,353.2225,675,54,0.23483365949119372,127.75,0.0
17497.0,207,2,287.25,427,143.625,59,7,0.1405152224824356,213.5,0.0
17499.0,106,2,1341.39,378,670.695,1086,66,0.15873015873015872,189.0,0.0
17501.0,37,2,288.6,37,144.3,160,18,1.6216216216216217,18.5,0.0
17504.0,23,18,9565.12,486,531.3955555555556,5517,244,1.1111111111111112,27.0,0.0
17505.0,22,4,1776.63,422,444.1575,955,65,0.28436018957345977,105.5,658.85
17507.0,78,2,605.58,126,302.79,359,79,0.47619047619047616,63.0,0.0
17508.0,97,8,4579.23,549,572.40375,2891,199,0.4371584699453552,68.625,0.0
17510.0,237,1,206.07999999999998,237,206.07999999999998,208,15,0.12658227848101264,237.0,308.48
17511.0,23,44,120291.57,554,2733.899318181818,79943,502,2.3826714801444044,12.590909090909092,55311.98
17512.0,17,14,3845.25,546,274.6607142857143,3923,80,0.7692307692307692,39.0,1622.57
17513.0,225,2,645.6,296,322.8,186,12,0.20270270270270271,148.0,513.2
17514.0,486,1,334.18,486,334.18,160,41,0.0617283950617284,486.0,208.65
17515.0,23,8,1549.81,367,193.72625,505,90,0.6539509536784741,45.875,67.65
17516.0,34,4,644.68,195,161.17,420,115,0.6153846153846154,48.75,312.87
17517.0,125,1,153.94,125,153.94,102,11,0.24,125.0,0.0
17518.0,242,2,329.42,438,164.71,267,71,0.136986301369863,219.0,0.0
17519.0,23,12,4221.05,555,351.75416666666666,2744,124,0.6486486486486487,46.25,888.4200000000001
17521.0,16,3,714.41,251,238.13666666666666,403,37,0.35856573705179284,83.66666666666667,563.65
17522.0,23,2,248.42,35,124.21,210,11,1.7142857142857142,17.5,822.29
17524.0,178,3,539.14,255,179.71333333333334,362,37,0.3529411764705882,85.0,0.0
17525.0,176,3,1161.9,245,387.3,338,19,0.36734693877551017,81.66666666666667,0.0
17526.0,107,11,3842.94,539,349.35818181818183,1312,61,0.6122448979591836,49.0,323.1
17527.0,35,1,292.11,35,292.11,57,7,0.8571428571428571,35.0,647.26
17529.0,427,2,1240.25,514,620.125,790,78,0.11673151750972763,257.0,0.0
17530.0,23,8,2124.37,550,265.54625,1235,271,0.43636363636363634,68.75,1017.14
17531.0,7,3,1266.82,435,422.2733333333333,472,54,0.20689655172413793,145.0,0.0
17532.0,202,1,65.34,202,65.34,30,4,0.1485148514851485,202.0,0.0
17533.0,251,1,34.8,251,34.8,24,1,0.11952191235059761,251.0,0.0
17534.0,268,4,1445.47,469,361.3675,757,69,0.255863539445629,117.25,223.36
17535.0,97,1,164.4,97,164.4,136,13,0.30927835051546393,97.0,0.0
17536.0,237,2,288.33,499,144.165,195,13,0.12024048096192384,249.5,76.5
17537.0,120,1,630.7,120,630.7,370,60,0.25,120.0,266.92
17539.0,434,4,1226.57,543,306.6425,747,132,0.22099447513812157,135.75,0.0
17540.0,133,5,1280.5,416,256.1,458,35,0.3605769230769231,83.2,310.1
17541.0,326,1,124.46,326,124.46,46,31,0.09202453987730061,326.0,0.0
17542.0,86,3,341.7,458,113.89999999999999,324,57,0.1965065502183406,152.66666666666666,0.0
17543.0,366,1,120.05,366,120.05,62,13,0.08196721311475409,366.0,0.0
17544.0,207,3,960.69,207,320.23,439,80,0.43478260869565216,69.0,0.0
17545.0,207,3,802.58,394,267.5266666666667,392,112,0.2284263959390863,131.33333333333334,645.96
17547.0,192,2,727.85,482,363.925,223,22,0.12448132780082988,241.0,0.0
17548.0,50,4,731.26,213,182.815,494,22,0.5633802816901409,53.25,0.0
17550.0,14,9,2547.64,487,283.0711111111111,989,250,0.5544147843942505,54.111111111111114,0.0
17551.0,176,1,306.84,176,306.84,150,39,0.17045454545454547,176.0,0.0
17552.0,189,10,2453.4,444,245.34,1520,64,0.6756756756756757,44.4,631.89
17553.0,289,3,2270.0,427,756.6666666666666,1240,2,0.2107728337236534,142.33333333333334,1487.6
17555.0,151,4,769.93,403,192.4825,554,174,0.2977667493796526,100.75,287.81
17556.0,22,2,300.67,196,150.335,184,13,0.3061224489795918,98.0,0.0
17557.0,549,1,34.0,549,34.0,4,1,0.0546448087431694,549.0,541.46
17558.0,210,1,259.17,210,259.17,54,28,0.14285714285714288,210.0,0.0
17559.0,329,1,167.62,329,167.62,270,12,0.0911854103343465,329.0,0.0
17560.0,21,6,1526.9,477,254.48333333333335,1232,33,0.37735849056603776,79.5,368.90000000000003
17561.0,207,3,554.72,550,184.90666666666667,250,129,0.16363636363636364,183.33333333333334,167.62
17563.0,395,2,392.38,428,196.19,256,27,0.14018691588785046,214.0,0.0
17565.0,403,1,131.83,403,131.83,67,30,0.07444168734491315,403.0,0.0
17567.0,50,5,2898.52,258,579.704,1529,99,0.5813953488372093,51.6,2457.5099999999998
17568.0,450,1,382.79,450,382.79,283,61,0.06666666666666667,450.0,0.0
17569.0,149,1,344.14,149,344.14,159,29,0.20134228187919462,149.0,0.0
17570.0,198,1,100.0,198,100.0,1,1,0.15151515151515152,198.0,0.0
17571.0,94,3,565.1899999999999,359,188.39666666666665,365,95,0.25069637883008355,119.66666666666667,1138.56
17572.0,55,8,648.46,541,81.0575,312,14,0.4436229205175601,67.625,74.55
17574.0,59,1,185.65,59,185.65,77,8,0.5084745762711864,59.0,0.0
17575.0,484,1,171.7,484,171.7,72,5,0.06198347107438017,484.0,0.0
17576.0,31,31,6874.16,553,221.74709677419355,3610,305,1.681735985533454,17.838709677419356,2182.65
17577.0,462,2,348.75,485,174.375,179,20,0.12371134020618557,242.5,0.0
17578.0,35,7,1047.33,346,149.6185714285714,529,57,0.6069364161849711,49.42857142857143,0.0
17579.0,395,1,304.38,395,304.38,117,43,0.0759493670886076,395.0,448.90000000000003
17580.0,69,5,545.27,239,109.054,224,78,0.6276150627615062,47.8,0.0
17581.0,30,28,11132.27,553,397.5810714285714,5624,291,1.5189873417721518,19.75,7625.48
17582.0,53,5,1450.7,440,290.14,606,92,0.34090909090909094,88.0,0.0
17583.0,377,1,135.95,377,135.95,55,7,0.07957559681697612,377.0,0.0
17584.0,284,4,4067.12,500,1016.78,2006,73,0.24,125.0,1242.3
17585.0,80,5,1481.76,295,296.352,1521,206,0.5084745762711864,59.0,611.54
17586.0,436,1,167.4,436,167.4,68,8,0.06880733944954129,436.0,0.0
17587.0,445,1,181.66,445,181.66,68,42,0.06741573033707866,445.0,0.0
17588.0,49,5,2096.55,454,419.31000000000006,759,30,0.3303964757709251,90.8,843.0
17589.0,4,16,12857.12,459,803.57,7975,553,1.0457516339869282,28.6875,1192.75
17591.0,20,6,2200.27,508,366.71166666666664,989,93,0.3543307086614173,84.66666666666667,576.4
17592.0,555,1,148.3,555,148.3,38,13,0.05405405405405406,555.0,0.0
17593.0,169,7,4831.36,552,690.1942857142857,2880,163,0.3804347826086957,78.85714285714286,3264.44
17594.0,71,3,1819.7,421,606.5666666666667,1038,52,0.2137767220902613,140.33333333333334,678.18
17596.0,8,9,3381.6,541,375.73333333333335,5296,206,0.49907578558225507,60.111111111111114,1539.07
17597.0,30,5,3484.09,400,696.818,2215,109,0.375,80.0,0.0
17598.0,198,1,409.98,198,409.98,126,10,0.15151515151515152,198.0,0.0
17599.0,294,1,52.05,294,52.05,11,3,0.10204081632653061,294.0,0.0
17601.0,56,2,421.48,197,210.74,299,69,0.3045685279187817,98.5,0.0
17602.0,141,9,3115.21,436,346.13444444444445,2584,270,0.6192660550458716,48.44444444444444,4335.92
17603.0,434,3,1398.76,546,466.25333333333333,566,93,0.16483516483516486,182.0,394.72
17604.0,34,6,945.9300000000001,498,157.655,616,142,0.3614457831325301,83.0,0.0
17605.0,407,1,160.75,407,160.75,71,13,0.07371007371007371,407.0,0.0
17606.0,554,1,87.30000000000001,554,87.30000000000001,42,6,0.05415162454873646,554.0,0.0
17607.0,193,1,333.81,193,333.81,269,22,0.15544041450777202,193.0,0.0
17608.0,266,2,305.11,424,152.555,307,90,0.14150943396226415,212.0,193.42
17609.0,119,8,1319.81,426,164.97625,873,231,0.5633802816901409,53.25,574.53
17610.0,357,5,1529.49,550,305.898,902,114,0.2727272727272727,110.0,0.0
17611.0,18,19,6409.7,555,337.35263157894735,4217,637,1.027027027027027,29.210526315789473,1962.28
17612.0,31,14,4012.16,539,286.5828571428571,2200,157,0.7792207792207793,38.5,1382.7
17613.0,11,7,2527.01,122,361.0014285714286,1466,163,1.7213114754098362,17.428571428571427,2032.14
17615.0,20,5,675.9,302,135.18,356,44,0.49668874172185434,60.4,57.3
17616.0,71,3,897.5999999999999,268,299.2,352,1,0.33582089552238803,89.33333333333333,163.2
17617.0,375,1,395.33,375,395.33,255,18,0.08,375.0,0.0
17618.0,65,10,3768.44,501,376.844,1736,196,0.5988023952095809,50.1,304.8
17619.0,129,1,218.52,129,218.52,127,71,0.23255813953488372,129.0,0.0
17621.0,129,5,2697.0,248,539.4,906,52,0.6048387096774194,49.6,478.12
17622.0,414,2,1130.21,415,565.105,379,19,0.14457831325301207,207.5,0.0
17623.0,226,6,1856.6200000000001,542,309.43666666666667,536,108,0.33210332103321033,90.33333333333333,527.0500000000001
17624.0,35,3,1125.45,536,375.15000000000003,716,71,0.16791044776119401,178.66666666666666,443.18
17625.0,74,5,4570.4800000000005,541,914.0960000000001,2735,343,0.27726432532347506,108.2,1497.32
17626.0,419,1,254.0,419,254.0,202,18,0.07159904534606205,419.0,0.0
17627.0,295,1,296.36,295,296.36,676,10,0.10169491525423728,295.0,0.0
17629.0,31,5,1247.59,238,249.51799999999997,718,78,0.6302521008403362,47.6,1207.93
17630.0,49,1,335.5,49,335.5,112,19,0.6122448979591836,49.0,168.1
17631.0,49,5,772.71,547,154.542,349,49,0.2742230347349177,109.4,225.78
17633.0,196,3,732.55,206,244.1833333333333,255,29,0.4368932038834952,68.66666666666667,1324.84
17634.0,29,5,1814.67,154,362.934,457,131,0.9740259740259739,30.8,547.3
17635.0,241,3,1265.58,407,421.85999999999996,770,60,0.22113022113022113,135.66666666666666,0.0
17638.0,464,2,842.4,538,421.2,432,2,0.11152416356877323,269.0,0.0
17639.0,93,6,615.17,300,102.52833333333332,576,59,0.6,50.0,0.0
17640.0,196,5,2547.28,443,509.456,1442,47,0.33860045146726864,88.6,621.66
17642.0,246,3,1112.2,551,370.73333333333335,1001,58,0.16333938294010888,183.66666666666666,712.29
17643.0,190,2,541.25,322,270.625,297,30,0.18633540372670807,161.0,0.0
17644.0,20,12,4054.73,478,337.89416666666665,2188,117,0.7531380753138075,39.833333333333336,1973.8700000000001
17646.0,36,12,4149.79,540,345.81583333333333,1418,124,0.6666666666666667,45.0,0.0
17647.0,486,2,198.6,486,99.3,52,5,0.1234567901234568,243.0,133.06
17648.0,9,4,1526.26,202,381.565,756,96,0.594059405940594,50.5,690.11
17649.0,286,2,710.4,289,355.2,324,45,0.20761245674740486,144.5,868.49
17651.0,315,6,1758.52,343,293.08666666666664,974,84,0.5247813411078718,57.166666666666664,3945.0
17652.0,7,3,1443.6000000000001,98,481.20000000000005,798,65,0.9183673469387755,32.666666666666664,3424.1200000000003
17654.0,94,1,117.55,94,117.55,41,22,0.3191489361702128,94.0,0.0
17655.0,27,6,2616.2400000000002,233,436.04,1154,57,0.7725321888412017,38.833333333333336,1036.24
17657.0,247,1,126.0,247,126.0,60,7,0.12145748987854252,247.0,0.0
17658.0,28,1,317.59999999999997,28,317.59999999999997,216,9,1.0714285714285714,28.0,277.82
17659.0,1,7,1963.3500000000001,203,280.47857142857146,885,73,1.0344827586206897,29.0,1871.44
17660.0,554,1,163.47,554,163.47,138,42,0.05415162454873646,554.0,196.0
17662.0,478,2,412.92,539,206.46,184,14,0.11131725417439703,269.5,0.0
17663.0,15,13,4163.7300000000005,462,320.28692307692313,1845,125,0.8441558441558442,35.53846153846154,1012.1
17664.0,29,3,887.78,437,295.9266666666667,863,51,0.20594965675057206,145.66666666666666,278.45
17665.0,310,1,563.1,310,563.1,690,19,0.0967741935483871,310.0,0.0
17666.0,294,3,1319.6399999999999,344,439.87999999999994,956,17,0.2616279069767442,114.66666666666667,728.16
17667.0,28,7,3251.86,471,464.5514285714286,1880,135,0.445859872611465,67.28571428571429,698.84
17669.0,27,6,4346.63,434,724.4383333333334,2481,70,0.4147465437788019,72.33333333333333,1795.72
17670.0,44,1,205.7,44,205.7,110,11,0.6818181818181819,44.0,0.0
17671.0,28,3,1617.36,192,539.12,716,40,0.46875,64.0,785.98
17672.0,126,6,3778.3,499,629.7166666666667,1711,128,0.3607214428857715,83.16666666666667,2000.33
17673.0,3,10,3671.71,447,367.171,2808,183,0.6711409395973155,44.7,561.87
17674.0,185,1,601.32,185,601.32,698,11,0.16216216216216217,185.0,250.38
17675.0,4,52,25630.93,546,492.90250000000003,11008,215,2.8571428571428568,10.5,12628.67
17676.0,183,5,1678.8600000000001,436,335.77200000000005,1158,57,0.34403669724770647,87.2,1086.98
17677.0,29,35,26592.61,540,759.7888571428572,15888,279,1.9444444444444444,15.428571428571429,10100.3
17678.0,80,2,599.76,420,299.88,368,27,0.14285714285714288,210.0,0.0
17679.0,338,5,1585.5,553,317.1,1026,41,0.27124773960216997,110.6,1992.1100000000001
17680.0,200,2,313.05,328,156.525,59,9,0.18292682926829268,164.0,184.4
17681.0,414,5,731.2,510,146.24,450,12,0.29411764705882354,102.0,0.0
17682.0,9,8,3089.86,458,386.2325,1699,73,0.5240174672489083,57.25,1366.92
17683.0,202,3,819.01,371,273.00333333333333,781,41,0.24258760107816713,123.66666666666667,0.0
17685.0,83,10,4264.36,483,426.436,2786,81,0.6211180124223602,48.3,1678.81
17686.0,17,6,5594.1,350,932.35,2328,209,0.5142857142857143,58.333333333333336,2702.71
17687.0,237,1,432.68,237,432.68,210,26,0.12658227848101264,237.0,0.0
17688.0,210,1,304.2,210,304.2,114,19,0.14285714285714288,210.0,0.0
17689.0,205,2,317.08,291,158.54,300,17,0.20618556701030927,145.5,0.0
17690.0,3,15,5754.08,491,383.6053333333333,2392,192,0.9164969450101833,32.733333333333334,1694.02
17691.0,175,4,780.0500000000001,363,195.01250000000002,373,37,0.3305785123966942,90.75,0.0
17692.0,43,11,2858.32,357,259.84727272727275,2230,88,0.9243697478991597,32.45454545454545,117.47999999999999
17694.0,328,2,1412.85,379,706.425,1309,45,0.15831134564643798,189.5,283.12
17695.0,211,3,980.7,497,326.90000000000003,1030,20,0.18108651911468812,165.66666666666666,765.34
17696.0,2,23,6231.47,546,270.93347826086955,4681,163,1.263736263736264,23.73913043478261,1448.1200000000001
17697.0,53,1,338.95,53,338.95,93,19,0.5660377358490566,53.0,0.0
17698.0,77,1,154.95,77,154.95,93,8,0.38961038961038963,77.0,0.0
17699.0,293,2,442.0,378,221.0,208,17,0.15873015873015872,189.0,0.0
17700.0,30,12,5270.9,555,439.2416666666666,2702,211,0.6486486486486487,46.25,1409.07
17701.0,69,1,417.95,69,417.95,109,24,0.43478260869565216,69.0,0.0
17702.0,23,3,1759.47,217,586.49,1284,96,0.4147465437788019,72.33333333333333,1384.57
17703.0,235,1,296.1,235,296.1,307,23,0.1276595744680851,235.0,798.74
17704.0,56,1,387.29,56,387.29,175,16,0.5357142857142857,56.0,497.90000000000003
17705.0,32,5,617.68,393,123.53599999999999,567,37,0.38167938931297707,78.6,1466.22
17706.0,4,19,11436.76,506,601.9347368421053,4677,305,1.1264822134387351,26.63157894736842,9313.22
17707.0,2,8,609.3000000000001,549,76.16250000000001,546,9,0.4371584699453552,68.625,0.0
17708.0,4,4,887.9300000000001,240,221.98250000000002,388,57,0.5,60.0,0.0
17709.0,287,4,533.56,420,133.39,278,31,0.28571428571428575,105.0,137.45
17710.0,240,1,293.5,240,293.5,158,20,0.125,240.0,0.0
17711.0,106,1,220.53000000000003,106,220.53000000000003,107,13,0.2830188679245283,106.0,164.57
17713.0,199,4,1198.09,365,299.5225,989,55,0.3287671232876712,91.25,0.0
17714.0,137,5,1410.18,330,282.036,608,69,0.4545454545454546,66.0,0.0
17715.0,17,2,489.59999999999997,409,244.79999999999998,576,1,0.1466992665036675,204.5,0.0
17716.0,66,15,11752.6,554,783.5066666666667,6568,261,0.8122743682310469,36.93333333333333,4204.37
17717.0,238,1,376.92,238,376.92,344,26,0.12605042016806722,238.0,0.0
17718.0,49,2,439.18,461,219.59,274,22,0.1301518438177874,230.5,0.0
17719.0,7,5,1971.46,72,394.29200000000003,1294,66,2.0833333333333335,14.4,3424.58
17720.0,42,8,2105.35,395,263.16875,1239,69,0.6075949367088608,49.375,663.56
17721.0,476,1,307.21000000000004,476,307.21000000000004,107,11,0.06302521008403361,476.0,0.0
17722.0,6,4,4107.2,192,1026.8,2765,145,0.625,48.0,323.16
17723.0,8,4,1263.8000000000002,192,315.95000000000005,404,6,0.625,48.0,2114.6000000000004
17725.0,9,4,1269.63,84,317.4075,685,53,1.4285714285714284,21.0,2169.45
17726.0,212,7,1092.06,499,156.00857142857143,444,52,0.42084168336673344,71.28571428571429,0.0
17728.0,221,2,1362.75,270,681.375,677,79,0.22222222222222224,135.0,2876.01
17729.0,413,1,438.65000000000003,413,438.65000000000003,247,23,0.07263922518159807,413.0,0.0
17730.0,2,12,4506.72,406,375.56,3158,121,0.8866995073891625,33.833333333333336,3267.08
17731.0,438,2,468.88,485,234.44,214,30,0.12371134020618557,242.5,1240.11
17732.0,189,8,2470.39,304,308.79875,1151,90,0.7894736842105263,38.0,0.0
17733.0,78,1,216.95000000000002,78,216.95000000000002,87,12,0.3846153846153846,78.0,475.24
17734.0,50,4,854.67,459,213.6675,385,49,0.26143790849673204,114.75,587.65
17735.0,4,17,10256.07,314,603.2982352941176,6394,306,1.624203821656051,18.470588235294116,6988.86
17738.0,99,10,3084.43,447,308.443,2039,139,0.6711409395973155,44.7,1099.13
17739.0,13,14,6010.01,549,429.2864285714286,1885,47,0.7650273224043717,39.214285714285715,1720.58
17740.0,206,6,426.9,514,71.14999999999999,222,5,0.35019455252918286,85.66666666666667,0.0
17741.0,223,2,101.1,377,50.55,114,6,0.15915119363395225,188.5,0.0
17742.0,149,10,2045.94,555,204.594,635,52,0.5405405405405406,55.5,52.54
17743.0,265,1,229.2,265,229.2,96,3,0.11320754716981132,265.0,0.0
17744.0,67,5,1615.7,197,323.14,2100,63,0.7614213197969543,39.4,1033.44
17745.0,294,2,600.34,372,300.17,164,27,0.16129032258064518,186.0,0.0
17746.0,57,4,904.1800000000001,427,226.04500000000002,688,32,0.2810304449648712,106.75,0.0
17748.0,344,1,358.15,344,358.15,111,17,0.0872093023255814,344.0,0.0
17749.0,73,2,720.67,363,360.335,383,41,0.1652892561983471,181.5,305.51
17751.0,238,1,157.85999999999999,238,157.85999999999999,147,31,0.12605042016806722,238.0,0.0
17752.0,176,1,80.64,176,80.64,192,1,0.17045454545454547,176.0,0.0
17753.0,281,4,390.56,519,97.64,128,63,0.23121387283236994,129.75,0.0
17754.0,77,9,3069.51,545,341.0566666666667,2920,137,0.4954128440366973,60.55555555555556,1508.02
17756.0,192,3,733.7,211,244.5666666666667,400,54,0.42654028436018954,70.33333333333333,0.0
17757.0,8,41,6258.8,512,152.65365853658537,3205,290,2.40234375,12.487804878048781,3163.65
17758.0,25,7,2610.66,385,372.95142857142855,1810,230,0.5454545454545454,55.0,2401.87
17759.0,210,2,441.92,400,220.96,268,41,0.15,200.0,834.99
17760.0,190,5,803.88,466,160.776,622,44,0.3218884120171674,93.2,115.05
17762.0,273,1,129.75,273,129.75,129,16,0.10989010989010989,273.0,0.0
17763.0,80,4,86.15,476,21.5375,41,11,0.25210084033613445,119.0,0.0
17764.0,28,4,1066.79,553,266.6975,482,76,0.21699819168173598,138.25,556.85
17765.0,27,3,421.47,265,140.49,157,60,0.33962264150943394,88.33333333333333,109.33
17766.0,198,2,299.61,198,149.805,155,21,0.30303030303030304,99.0,0.0
17767.0,227,1,141.85,227,141.85,70,18,0.13215859030837004,227.0,271.2
17768.0,204,4,1236.33,554,309.0825,1247,69,0.21660649819494585,138.5,2273.1800000000003
17769.0,95,9,3989.86,506,443.3177777777778,1859,242,0.5335968379446641,56.22222222222222,3113.2200000000003
17770.0,15,5,1143.27,99,228.654,365,33,1.5151515151515151,19.8,0.0
17771.0,140,3,257.4,406,85.8,196,36,0.22167487684729062,135.33333333333334,130.01
17772.0,209,1,202.0,209,202.0,64,45,0.14354066985645933,209.0,182.77
17773.0,331,2,585.27,507,292.635,260,48,0.1183431952662722,253.5,0.0
17774.0,66,7,2697.63,486,385.3757142857143,1309,241,0.4320987654320988,69.42857142857143,630.42
17775.0,71,1,56.4,71,56.4,72,3,0.4225352112676056,71.0,0.0
17776.0,203,2,338.56,540,169.28,277,74,0.11111111111111112,270.0,0.0
17778.0,478,1,197.70000000000002,478,197.70000000000002,214,10,0.06276150627615062,478.0,0.0
17780.0,484,3,352.91,501,117.63666666666667,158,76,0.17964071856287425,167.0,0.0
17781.0,70,1,102.0,70,102.0,8,2,0.42857142857142855,70.0,86.02
17782.0,199,2,679.02,199,339.51,538,29,0.30150753768844224,99.5,0.0
17783.0,64,2,208.85,329,104.425,138,54,0.182370820668693,164.5,171.06
17784.0,367,1,112.86,367,112.86,72,19,0.08174386920980926,367.0,0.0
17785.0,262,2,271.44,382,135.72,160,38,0.15706806282722513,191.0,131.94
17786.0,134,1,114.85,134,114.85,56,24,0.22388059701492538,134.0,163.89
17787.0,121,3,2452.45,188,817.4833333333332,1199,87,0.4787234042553191,62.666666666666664,149.02
17789.0,98,2,397.15,478,198.575,199,27,0.12552301255230125,239.0,0.0
17790.0,15,15,1715.07,361,114.338,930,120,1.2465373961218835,24.066666666666666,1068.54
17792.0,284,2,370.05,295,185.025,151,45,0.20338983050847456,147.5,0.0
17794.0,503,2,147.3,505,73.65,46,7,0.1188118811881188,252.5,0.0
17795.0,81,1,163.25,81,163.25,191,15,0.37037037037037035,81.0,187.14000000000001
17796.0,130,6,1286.09,238,214.34833333333333,361,147,0.7563025210084033,39.666666666666664,75.9
17797.0,212,5,1205.44,541,241.08800000000002,592,131,0.27726432532347506,108.2,780.43
17798.0,398,1,183.09,398,183.09,142,43,0.07537688442211056,398.0,0.0
17799.0,59,16,4674.29,543,292.143125,2702,398,0.8839779005524863,33.9375,1667.6
17800.0,34,3,354.85,151,118.28333333333335,222,18,0.5960264900662252,50.333333333333336,844.16
17801.0,268,3,798.3299999999999,508,266.10999999999996,838,66,0.17716535433070865,169.33333333333334,0.0
17802.0,189,8,3868.28,543,483.535,2109,246,0.44198895027624313,67.875,1184.84
17803.0,209,1,184.66,209,184.66,98,27,0.14354066985645933,209.0,0.0
17804.0,193,3,385.23,555,128.41,195,82,0.16216216216216217,185.0,0.0
17805.0,427,1,414.72,427,414.72,648,1,0.0702576112412178,427.0,512.31
17807.0,212,3,437.87,521,145.95666666666668,262,88,0.17274472168905952,173.66666666666666,0.0
17808.0,365,4,262.64,398,65.66,143,29,0.30150753768844224,99.5,0.0
17809.0,34,14,8576.18,554,612.5842857142858,1878,32,0.7581227436823104,39.57142857142857,2761.21
17810.0,485,2,374.81,500,187.405,119,51,0.12,250.0,0.0
17811.0,4,26,5837.6,262,224.52307692307693,2994,435,2.9770992366412212,10.076923076923077,3772.2
17812.0,185,4,651.28,347,162.82,406,79,0.34582132564841495,86.75,514.61
17814.0,192,2,1617.32,239,808.66,1440,112,0.2510460251046025,119.5,0.0
17815.0,210,1,591.96,210,591.96,612,13,0.14285714285714288,210.0,0.0
17816.0,86,4,97.07,541,24.2675,88,36,0.22181146025878004,135.25,15.25
17817.0,94,5,689.87,239,137.974,324,97,0.6276150627615062,47.8,117.97999999999999
17818.0,554,1,130.18,554,130.18,90,42,0.05415162454873646,554.0,0.0
17819.0,11,10,5776.67,543,577.667,1694,65,0.5524861878453039,54.3,835.8499999999999
17820.0,191,1,183.56,191,183.56,112,39,0.15706806282722513,191.0,0.0
17821.0,223,1,334.62,223,334.62,162,6,0.13452914798206278,223.0,0.0
17822.0,237,5,2188.5,377,437.7,1389,152,0.3978779840848807,75.4,0.0
17823.0,238,2,494.25,238,247.125,262,88,0.25210084033613445,119.0,0.0
17825.0,415,4,731.96,542,182.99,540,24,0.22140221402214022,135.5,0.0
17826.0,191,1,134.59,191,134.59,85,33,0.15706806282722513,191.0,0.0
17827.0,59,5,1976.4,438,395.28000000000003,1306,191,0.3424657534246575,87.6,411.65
17828.0,1,1,833.16,1,833.16,378,44,30.0,1.0,986.93
17829.0,115,5,4756.74,472,951.348,3009,121,0.3177966101694915,94.4,0.0
17830.0,78,2,287.65000000000003,105,143.82500000000002,65,15,0.5714285714285715,52.5,111.05
17833.0,540,1,342.36,540,342.36,145,28,0.05555555555555556,540.0,0.0
17834.0,231,2,730.47,262,365.235,687,54,0.22900763358778625,131.0,0.0
17838.0,109,11,5631.3,447,511.93636363636364,3310,111,0.738255033557047,40.63636363636363,1091.6
17840.0,260,1,185.72,260,185.72,138,44,0.11538461538461539,260.0,0.0
17841.0,1,136,42220.53,554,310.44507352941173,20624,1784,7.364620938628159,4.073529411764706,28663.54
17842.0,419,1,430.69,419,430.69,89,18,0.07159904534606205,419.0,0.0
17843.0,120,2,326.23,228,163.115,276,58,0.2631578947368421,114.0,0.0
17845.0,372,4,598.19,393,149.5475,196,42,0.3053435114503817,98.25,0.0
17847.0,332,2,129.69,462,64.845,29,9,0.12987012987012986,231.0,0.0
17848.0,66,25,3138.07,550,125.5228,1284,91,1.3636363636363638,22.0,512.8299999999999
17849.0,35,8,1063.76,452,132.97,224,24,0.5309734513274336,56.5,0.0
17850.0,189,155,56600.08,551,365.1618064516129,22785,100,8.439201451905626,3.554838709677419,0.0
17851.0,239,6,1563.34,553,260.5566666666667,938,185,0.325497287522604,92.16666666666667,0.0
17852.0,205,3,548.87,548,182.95666666666668,323,62,0.1642335766423358,182.66666666666666,114.34
17853.0,224,3,1608.19,553,536.0633333333334,627,84,0.162748643761302,184.33333333333334,0.0
17854.0,2,6,1071.45,548,178.57500000000002,610,113,0.3284671532846716,91.33333333333333,0.0
17855.0,189,1,417.94,189,417.94,394,17,0.15873015873015872,189.0,0.0
17856.0,50,3,1142.63,98,380.8766666666667,577,6,0.9183673469387755,32.666666666666664,275.4
17857.0,23,10,10587.04,458,1058.7040000000002,7920,12,0.6550218340611353,45.8,18095.2
17858.0,78,24,10261.79,550,427.57458333333335,4929,106,1.309090909090909,22.916666666666668,2535.86
17859.0,121,1,148.21,121,148.21,127,23,0.24793388429752067,121.0,0.0
17860.0,185,4,1015.54,545,253.885,817,127,0.22018348623853212,136.25,0.0
17861.0,70,12,3484.87,546,290.4058333333333,2943,224,0.6593406593406594,45.5,1642.82
17862.0,140,4,1279.09,380,319.7725,443,90,0.3157894736842105,95.0,0.0
17863.0,71,9,3957.1,469,439.67777777777775,3432,100,0.5756929637526653,52.111111111111114,1788.1
17864.0,92,3,535.23,244,178.41,694,57,0.3688524590163934,81.33333333333333,389.09000000000003
17865.0,21,33,20009.73,555,606.3554545454546,9608,326,1.7837837837837838,16.818181818181817,6364.66
17866.0,301,2,805.3000000000001,542,402.65000000000003,361,15,0.11070110701107011,271.0,329.65
17867.0,20,11,1028.23,554,93.47545454545455,423,63,0.5956678700361011,50.36363636363637,593.0500000000001
17868.0,203,1,234.65,203,234.65,91,18,0.1477832512315271,203.0,0.0
17869.0,32,5,918.9399999999999,364,183.78799999999998,538,65,0.41208791208791207,72.8,117.22
17870.0,183,2,1540.1999999999998,198,770.0999999999999,604,2,0.30303030303030304,99.0,1567.95
17871.0,21,5,1118.99,510,223.798,713,64,0.29411764705882354,102.0,0.0
17872.0,198,1,235.87,198,235.87,176,15,0.15151515151515152,198.0,0.0
17873.0,1,17,6243.84,540,367.28470588235297,4192,64,0.9444444444444443,31.764705882352942,272.04
17874.0,2,6,683.46,72,113.91000000000001,221,37,2.5,12.0,0.0
17875.0,505,1,167.1,505,167.1,98,25,0.0594059405940594,505.0,0.0
17876.0,216,3,3424.02,492,1141.34,1958,3,0.18292682926829268,164.0,0.0
17878.0,212,2,1032.88,212,516.44,637,56,0.2830188679245283,106.0,379.45
17880.0,181,3,824.9200000000001,547,274.97333333333336,466,43,0.16453382084095064,182.33333333333334,0.0
17881.0,121,1,133.35000000000002,121,133.35000000000002,32,8,0.24793388429752067,121.0,0.0
17882.0,196,2,313.46,196,156.73,134,47,0.3061224489795918,98.0,0.0
17883.0,63,4,443.43,469,110.8575,150,46,0.255863539445629,117.25,552.42
17884.0,128,19,2958.28,552,155.69894736842107,2789,287,1.0326086956521738,29.05263157894737,114.61
17886.0,27,5,1105.03,406,221.006,469,91,0.3694581280788177,81.2,503.35
17888.0,29,20,1273.17,535,63.658500000000004,760,107,1.1214953271028036,26.75,547.27
17889.0,29,7,774.87,435,110.69571428571429,417,97,0.48275862068965514,62.142857142857146,0.0
17890.0,139,2,602.09,178,301.045,416,88,0.33707865168539325,89.0,0.0
17893.0,42,1,112.25,42,112.25,161,15,0.7142857142857142,42.0,0.0
17894.0,102,16,2201.42,286,137.58875,936,187,1.6783216783216783,17.875,251.96
17897.0,184,8,2453.02,393,306.6275,970,175,0.6106870229007634,49.125,131.98
17898.0,24,3,246.96,384,82.32000000000001,185,41,0.234375,128.0,52.22
17900.0,7,2,112.19999999999999,7,56.099999999999994,73,4,8.571428571428571,3.5,0.0
17901.0,338,2,149.7,338,74.85,14,3,0.17751479289940827,169.0,110.38
17902.0,363,1,216.39999999999998,363,216.39999999999998,526,24,0.08264462809917356,363.0,0.0
17903.0,211,1,381.09000000000003,211,381.09000000000003,142,44,0.14218009478672988,211.0,0.0
17905.0,169,11,1977.43,497,179.76636363636365,1138,123,0.6639839034205232,45.18181818181818,406.09000000000003
17906.0,64,1,72.9,64,72.9,26,12,0.46875,64.0,0.0
17907.0,457,1,291.76,457,291.76,1046,13,0.06564551422319474,457.0,0.0
17908.0,190,5,1411.54,542,282.308,856,178,0.2767527675276753,108.4,0.0
17909.0,554,1,132.55,554,132.55,41,8,0.05415162454873646,554.0,0.0
17910.0,543,1,261.7,543,261.7,121,25,0.05524861878453039,543.0,0.0
17912.0,127,6,375.5,192,62.583333333333336,216,48,0.9375,32.0,0.0
17913.0,172,13,3286.09,553,252.77615384615385,1556,213,0.705244122965642,42.53846153846154,193.54999999999998
17915.0,368,1,242.13,368,242.13,191,27,0.08152173913043478,368.0,0.0
17916.0,445,2,43.87,550,21.935,90,15,0.10909090909090909,275.0,0.0
17917.0,73,2,230.46,179,115.23,131,57,0.335195530726257,89.5,110.82
17918.0,317,3,396.39,322,132.13,352,34,0.27950310559006214,107.33333333333333,0.0
17919.0,255,1,536.28,255,536.28,696,17,0.11764705882352941,255.0,1304.04
17920.0,17,42,21885.95,550,521.0940476190476,11189,478,2.290909090909091,13.095238095238095,2630.51
17921.0,83,7,1877.55,329,268.2214285714286,711,172,0.6382978723404256,47.0,545.95
17922.0,360,1,170.4,360,170.4,49,8,0.08333333333333334,360.0,0.0
17923.0,99,3,497.0,361,165.66666666666666,140,2,0.24930747922437674,120.33333333333333,0.0
17924.0,118,3,1076.4,231,358.8,216,3,0.38961038961038963,77.0,2460.3
17925.0,189,1,488.16,189,488.16,144,1,0.15873015873015872,189.0,0.0
17926.0,20,4,849.9300000000001,396,212.48250000000002,400,21,0.30303030303030304,99.0,185.56
17927.0,538,1,294.0,538,294.0,108,10,0.055762081784386616,538.0,0.0
17928.0,63,2,206.96,388,103.48,128,21,0.15463917525773196,194.0,134.28
17929.0,71,10,2674.1,547,267.40999999999997,386,5,0.5484460694698354,54.7,408.0
17930.0,56,9,2925.34,462,325.0377777777778,2373,25,0.5844155844155844,51.333333333333336,1349.8799999999999
17931.0,72,13,3326.13,478,255.85615384615386,1852,265,0.8158995815899582,36.76923076923077,111.16000000000001
17932.0,28,1,589.01,28,589.01,391,42,1.0714285714285714,28.0,742.56
17933.0,449,1,114.69,449,114.69,63,12,0.06681514476614699,449.0,0.0
17934.0,223,1,344.90000000000003,223,344.90000000000003,150,20,0.13452914798206278,223.0,704.25
17935.0,217,5,540.35,552,108.07000000000001,162,33,0.2717391304347826,110.4,145.79
17937.0,74,4,3327.48,179,831.87,1248,19,0.670391061452514,44.75,973.74
17938.0,237,1,144.29,237,144.29,53,29,0.12658227848101264,237.0,0.0
17940.0,35,11,29748.69,553,2704.4263636363635,83170,11,0.596745027124774,50.27272727272727,644.5
17941.0,407,3,1128.72,519,376.24,856,3,0.17341040462427745,173.0,304.56
17944.0,240,1,75.41,240,75.41,85,24,0.125,240.0,0.0
17945.0,513,3,360.35,513,120.11666666666667,244,66,0.17543859649122806,171.0,0.0
17946.0,50,2,149.57999999999998,76,74.78999999999999,75,18,0.7894736842105263,38.0,0.0
17949.0,6,88,70749.59999999999,554,803.9727272727272,33448,39,4.765342960288809,6.295454545454546,47878.48
17950.0,182,6,1213.78,521,202.29666666666665,667,110,0.34548944337811904,86.83333333333333,219.03
17951.0,175,3,1037.0400000000002,221,345.68000000000006,502,15,0.4072398190045249,73.66666666666667,599.0400000000001
17952.0,195,4,819.61,358,204.9025,504,85,0.335195530726257,89.5,0.0
17953.0,357,1,160.82,357,160.82,99,20,0.08403361344537816,357.0,0.0
17954.0,1,15,3151.47,547,210.09799999999998,2592,385,0.8226691042047531,36.46666666666667,814.58
17955.0,15,6,949.9,482,158.31666666666666,681,16,0.3734439834024896,80.33333333333333,0.0
17956.0,66,1,12.75,66,12.75,1,1,0.4545454545454546,66.0,0.0
17958.0,545,1,465.42,545,465.42,200,29,0.05504587155963303,545.0,508.4599999999999
17959.0,409,1,140.75,409,140.75,49,2,0.07334963325183375,409.0,0.0
17960.0,339,2,61.300000000000004,458,30.650000000000002,19,11,0.13100436681222707,229.0,73.78
17961.0,13,81,2573.49,555,31.77148148148148,1280,431,4.378378378378379,6.851851851851852,422.05
17962.0,366,3,584.59,512,194.86333333333334,523,126,0.17578125,170.66666666666666,102.83
17963.0,288,4,651.51,506,162.8775,344,98,0.23715415019762845,126.5,0.0
17964.0,189,1,523.52,189,523.52,390,35,0.15873015873015872,189.0,209.94
17965.0,69,21,5948.44,542,283.2590476190476,3660,477,1.1623616236162362,25.80952380952381,1292.54
17966.0,1,7,1159.49,507,165.64142857142858,2047,39,0.41420118343195267,72.42857142857143,814.93
17967.0,188,2,357.28999999999996,233,178.64499999999998,198,59,0.2575107296137339,116.5,0.0
17968.0,190,4,888.04,329,222.01,525,106,0.364741641337386,82.25,0.0
17969.0,178,19,2266.94,550,119.31263157894738,996,108,1.0363636363636364,28.94736842105263,103.0
17970.0,28,1,582.59,28,582.59,525,27,1.0714285714285714,28.0,0.0
17971.0,365,1,161.94,365,161.94,62,21,0.0821917808219178,365.0,0.0
17972.0,58,1,136.04,58,136.04,37,30,0.5172413793103449,58.0,0.0
17974.0,36,4,1290.04,224,322.51,811,177,0.5357142857142857,56.0,568.02
17975.0,9,18,5321.14,307,295.61888888888893,1598,154,1.758957654723127,17.055555555555557,1707.69
17976.0,189,1,706.38,189,706.38,212,56,0.15873015873015872,189.0,0.0
17977.0,217,1,1277.49,217,1277.49,1720,83,0.1382488479262673,217.0,288.14
17978.0,182,4,1461.76,548,365.44,1797,62,0.218978102189781,137.0,0.0
17979.0,76,2,241.67,76,120.835,83,53,0.7894736842105263,38.0,516.04
17980.0,21,3,784.72,210,261.5733333333333,556,40,0.42857142857142855,70.0,248.7
17981.0,227,1,239.12,227,239.12,260,17,0.13215859030837004,227.0,0.0
17982.0,497,1,138.18,497,138.18,117,13,0.06036217303822938,497.0,0.0
17983.0,212,1,171.71,212,171.71,108,23,0.14150943396226415,212.0,0.0
17984.0,209,4,1038.59,555,259.6475,875,165,0.21621621621621623,138.75,152.68
17987.0,2,5,1003.64,367,200.728,1015,139,0.4087193460490463,73.4,0.0
17988.0,143,8,353.41,549,44.17625,157,92,0.4371584699453552,68.625,136.13
17989.0,196,1,228.82999999999998,196,228.82999999999998,329,26,0.1530612244897959,196.0,0.0
17990.0,53,6,1527.6100000000001,549,254.6016666666667,777,40,0.32786885245901637,91.5,0.0
17991.0,42,3,320.55,408,106.85000000000001,100,37,0.22058823529411764,136.0,0.0
17992.0,206,1,254.13,206,254.13,131,49,0.14563106796116504,206.0,0.0
17993.0,434,1,235.19,434,235.19,112,60,0.06912442396313365,434.0,0.0
17994.0,6,10,2192.61,437,219.26100000000002,2067,226,0.6864988558352403,43.7,120.71000000000001
17995.0,98,3,495.48,204,165.16,263,28,0.4411764705882353,68.0,0.0
17996.0,196,3,482.33,363,160.77666666666667,587,63,0.24793388429752067,121.0,0.0
17998.0,197,3,639.24,555,213.08,561,57,0.16216216216216217,185.0,0.0
17999.0,183,2,539.18,195,269.59,268,77,0.3076923076923077,97.5,191.72
18000.0,381,1,124.25,381,124.25,109,6,0.07874015748031496,381.0,0.0
18001.0,266,4,536.61,554,134.1525,530,69,0.21660649819494585,138.5,417.23
18002.0,192,4,249.92,548,62.48,72,52,0.218978102189781,137.0,0.0
18003.0,193,1,358.61,193,358.61,299,23,0.15544041450777202,193.0,0.0
18004.0,179,1,169.47,179,169.47,78,32,0.1675977653631285,179.0,0.0
18006.0,198,3,553.1800000000001,539,184.39333333333335,183,36,0.16697588126159554,179.66666666666666,444.68
18007.0,209,1,220.32,209,220.32,252,46,0.14354066985645933,209.0,0.0
18008.0,20,21,19736.35,519,939.8261904761904,7766,75,1.2138728323699421,24.714285714285715,50.78
18009.0,52,8,2155.83,469,269.47875,653,145,0.511727078891258,58.625,0.0
18010.0,73,1,174.8,73,174.8,60,14,0.410958904109589,73.0,0.0
18011.0,190,2,527.03,384,263.515,198,63,0.15625,192.0,0.0
18012.0,540,1,115.3,540,115.3,63,13,0.05555555555555556,540.0,0.0
18016.0,3,5,965.66,498,193.132,387,79,0.3012048192771084,99.6,994.8
18017.0,127,2,330.0,248,165.0,200,1,0.24193548387096775,124.0,358.0
18018.0,16,3,213.3,237,71.10000000000001,134,16,0.37974683544303794,79.0,84.69
18020.0,360,1,190.48000000000002,360,190.48000000000002,67,12,0.08333333333333334,360.0,0.0
18021.0,326,2,227.06,329,113.53,169,32,0.182370820668693,164.5,0.0
18022.0,202,4,983.68,363,245.92,654,203,0.3305785123966942,90.75,668.11
18025.0,196,6,1177.72,436,196.28666666666666,1053,83,0.41284403669724773,72.66666666666667,0.0
18026.0,317,2,2074.07,322,1037.035,530,12,0.18633540372670807,161.0,0.0
18028.0,400,1,192.05,400,192.05,133,4,0.075,400.0,0.0
18029.0,459,1,433.77,459,433.77,253,18,0.06535947712418301,459.0,0.0
18031.0,195,1,462.09999999999997,195,462.09999999999997,300,49,0.15384615384615385,195.0,0.0
18032.0,151,1,73.5,151,73.5,42,5,0.1986754966887417,151.0,0.0
18034.0,192,1,370.82,192,370.82,431,97,0.15625,192.0,422.88
18035.0,202,2,546.34,202,273.17,550,8,0.297029702970297,101.0,730.4
18036.0,62,9,1268.82,538,140.98,597,199,0.5018587360594795,59.77777777777778,294.82
18037.0,42,14,158.22,555,11.301428571428572,35,30,0.7567567567567567,39.642857142857146,9.2
18038.0,373,1,149.41,373,149.41,85,25,0.08042895442359249,373.0,0.0
18039.0,191,4,579.17,457,144.7925,570,137,0.26258205689277897,114.25,0.0
18040.0,62,1,239.0,62,239.0,96,12,0.4838709677419355,62.0,118.2
18041.0,30,30,7200.0,511,240.0,6502,343,1.761252446183953,17.033333333333335,1552.38
18042.0,358,1,116.1,358,116.1,36,9,0.08379888268156425,358.0,165.04999999999998
18043.0,23,2,768.27,183,384.135,418,87,0.32786885245901637,91.5,107.7
18044.0,15,14,2300.22,377,164.30142857142854,1074,103,1.1140583554376657,26.928571428571427,1205.39
18046.0,466,1,189.63,466,189.63,44,26,0.06437768240343347,466.0,0.0
18047.0,198,2,342.69,198,171.345,138,74,0.30303030303030304,99.0,0.0
18048.0,20,3,401.73,310,133.91,258,56,0.2903225806451613,103.33333333333333,0.0
18049.0,254,2,556.52,407,278.26,425,82,0.14742014742014742,203.5,0.0
18050.0,176,2,412.06,210,206.03,250,22,0.28571428571428575,105.0,0.0
18051.0,451,7,2282.28,547,326.04,1661,41,0.38391224862888484,78.14285714285714,0.0
18052.0,381,1,10877.18,381,10877.18,17766,16,0.07874015748031496,381.0,0.0
18053.0,342,2,271.05,344,135.525,107,12,0.1744186046511628,172.0,300.02
18054.0,209,1,176.5,209,176.5,96,11,0.14354066985645933,209.0,0.0
18055.0,20,10,7773.91,230,777.391,2497,227,1.3043478260869565,23.0,3421.66
18056.0,105,2,554.6,435,277.3,334,28,0.13793103448275862,217.5,0.0
18057.0,210,3,1203.56,507,401.18666666666667,978,121,0.17751479289940827,169.0,0.0
18058.0,358,2,603.9,484,301.95,306,11,0.12396694214876033,242.0,170.16
18060.0,225,2,1185.46,381,592.73,902,74,0.15748031496062992,190.5,0.0
18061.0,23,23,5560.18,552,241.74695652173915,3358,26,1.25,24.0,928.79
18062.0,37,5,1398.07,414,279.614,791,43,0.36231884057971014,82.8,234.6
18063.0,207,2,186.60000000000002,450,93.30000000000001,48,2,0.13333333333333333,225.0,0.0
18064.0,52,10,4089.03,493,408.903,2485,48,0.6085192697768762,49.3,406.0
18065.0,36,21,4621.53,547,220.07285714285712,1699,155,1.1517367458866545,26.047619047619047,1245.1
18066.0,203,2,1122.4,232,561.2,427,35,0.25862068965517243,116.0,318.0
18068.0,106,1,101.69999999999999,106,101.69999999999999,6,1,0.2830188679245283,106.0,0.0
18069.0,52,8,3193.45,466,399.18125,2371,465,0.5150214592274678,58.25,1347.11
18070.0,486,1,314.1,486,314.1,86,9,0.0617283950617284,486.0,0.0
18071.0,74,6,1428.63,551,238.10500000000002,835,52,0.32667876588021777,91.83333333333333,0.0
18072.0,2,1,247.44,2,247.44,288,18,15.0,2.0,0.0
18073.0,2,3,504.24,14,168.08,420,6,6.428571428571428,4.666666666666667,3373.28
18074.0,190,2,1509.04,322,754.52,551,37,0.18633540372670807,161.0,0.0
18075.0,21,16,4442.26,315,277.64125,2469,139,1.5238095238095237,19.6875,1341.03
18076.0,197,1,151.49,197,151.49,164,8,0.15228426395939085,197.0,0.0
18077.0,43,11,2584.93,549,234.99363636363634,2030,95,0.6010928961748634,49.90909090909091,1753.6299999999999
18078.0,34,4,844.6,445,211.15,431,65,0.26966292134831465,111.25,0.0
18079.0,55,2,2203.61,308,1101.805,5226,38,0.19480519480519481,154.0,2039.14
18080.0,59,1,841.4999999999999,59,841.4999999999999,330,1,0.5084745762711864,59.0,390.0
18083.0,214,1,470.72999999999996,214,470.72999999999996,270,36,0.14018691588785046,214.0,0.0
18084.0,200,2,722.4499999999999,205,361.22499999999997,449,6,0.2926829268292683,102.5,90.47999999999999
18085.0,147,4,1645.75,445,411.4375,585,42,0.26966292134831465,111.25,0.0
18086.0,91,1,101.34,91,101.34,106,7,0.3296703296703297,91.0,0.0
18087.0,107,16,13908.72,555,869.295,7774,43,0.8648648648648649,34.6875,852.8
18089.0,263,1,428.45,263,428.45,95,9,0.11406844106463879,263.0,0.0
18090.0,238,1,349.4,238,349.4,321,47,0.12605042016806722,238.0,0.0
18091.0,410,1,360.85,410,360.85,539,25,0.07317073170731707,410.0,0.0
18092.0,1,14,11781.220000000001,552,841.5157142857144,6986,33,0.7608695652173914,39.42857142857143,4398.22
18093.0,114,6,3463.71,435,577.285,2761,36,0.41379310344827586,72.5,989.0
18094.0,35,9,5151.42,518,572.38,3550,46,0.5212355212355212,57.55555555555556,1240.1000000000001
18095.0,129,5,2303.09,416,460.61800000000005,1623,37,0.3605769230769231,83.2,0.0
18096.0,259,3,894.13,330,298.04333333333335,658,154,0.2727272727272727,110.0,911.15
18097.0,22,8,3422.08,539,427.76,2140,77,0.4452690166975881,67.375,1241.24
18098.0,213,1,550.84,213,550.84,217,85,0.14084507042253522,213.0,0.0
18100.0,367,1,451.56,367,451.56,440,30,0.08174386920980926,367.0,0.0
18101.0,191,3,405.51,491,135.17,162,62,0.18329938900203666,163.66666666666666,223.65
18102.0,2,101,424805.98,555,4205.999801980198,141585,310,5.45945945945946,5.4950495049504955,184015.67
18103.0,366,1,105.8,366,105.8,23,10,0.08196721311475409,366.0,0.0
18106.0,146,6,1461.46,510,243.57666666666668,512,126,0.3529411764705882,85.0,0.0
18107.0,259,1,167.13,259,167.13,66,38,0.11583011583011583,259.0,0.0
18108.0,71,3,848.8100000000001,554,282.93666666666667,261,43,0.1624548736462094,184.66666666666666,0.0
18109.0,11,23,4325.42,343,188.06173913043477,1508,183,2.011661807580175,14.91304347826087,5568.54
18110.0,228,1,199.13,228,199.13,100,29,0.13157894736842105,228.0,236.3
18111.0,406,1,405.85,406,405.85,232,27,0.07389162561576355,406.0,0.0
18112.0,235,2,423.27,368,211.635,192,34,0.16304347826086957,184.0,352.69
18113.0,185,1,152.64000000000001,185,152.64000000000001,144,1,0.16216216216216217,185.0,0.0
18114.0,107,1,220.1,107,220.1,55,28,0.2803738317757009,107.0,0.0
18115.0,514,1,9.700000000000001,514,9.700000000000001,3,3,0.058365758754863814,514.0,0.0
18116.0,51,12,1990.74,228,165.895,1111,304,1.5789473684210527,19.0,163.56
18118.0,3,18,4598.94,198,255.49666666666664,2282,347,2.7272727272727275,11.0,2134.28
18119.0,184,1,362.24,184,362.24,250,29,0.16304347826086957,184.0,0.0
18120.0,31,1,111.15,31,111.15,31,17,0.967741935483871,31.0,0.0
18123.0,330,1,95.15,330,95.15,35,22,0.09090909090909091,330.0,589.4399999999999
18124.0,289,1,111.53,289,111.53,51,20,0.10380622837370243,289.0,0.0
18125.0,18,3,945.14,133,315.0466666666667,695,146,0.6766917293233082,44.333333333333336,197.85
18127.0,220,1,212.8,220,212.8,64,21,0.13636363636363635,220.0,348.73
18128.0,354,1,420.04,354,420.04,221,42,0.0847457627118644,354.0,0.0
18129.0,60,1,112.55000000000001,60,112.55000000000001,48,13,0.5,60.0,0.0
18131.0,448,1,222.95999999999998,448,222.95999999999998,552,4,0.06696428571428571,448.0,0.0
18132.0,321,1,226.9,321,226.9,216,60,0.09345794392523364,321.0,0.0
18133.0,29,1,931.4999999999999,29,931.4999999999999,1350,1,1.0344827586206897,29.0,0.0
18134.0,415,2,445.0,511,222.5,128,27,0.11741682974559686,255.5,0.0
18135.0,7,6,677.53,451,112.92166666666667,492,21,0.3991130820399113,75.16666666666667,572.09
18136.0,28,4,1447.88,268,361.97,776,73,0.44776119402985076,67.0,183.48000000000002
18137.0,368,2,145.99,368,72.995,59,26,0.16304347826086957,184.0,0.0
18138.0,112,1,152.65,112,152.65,38,8,0.26785714285714285,112.0,0.0
18140.0,290,1,536.41,290,536.41,395,49,0.10344827586206896,290.0,0.0
18141.0,218,2,882.47,406,441.235,433,38,0.1477832512315271,203.0,0.0
18142.0,32,1,282.48,32,282.48,292,9,0.9375,32.0,737.04
18144.0,29,14,3774.9,540,269.6357142857143,1679,49,0.7777777777777778,38.57142857142857,1283.1
18145.0,21,9,3780.02,548,420.0022222222222,3345,158,0.4927007299270073,60.888888888888886,1837.77
18146.0,37,1,76.65,37,76.65,27,4,0.8108108108108109,37.0,83.7
18148.0,463,1,114.10000000000001,463,114.10000000000001,64,9,0.06479481641468683,463.0,0.0
18149.0,32,6,1562.31,452,260.385,888,54,0.39823008849557523,75.33333333333333,62.400000000000006
18150.0,18,1,227.57999999999998,18,227.57999999999998,140,14,1.6666666666666665,18.0,339.0
18151.0,106,5,1538.64,462,307.728,742,78,0.3246753246753247,92.4,340.8
18152.0,463,1,426.69,463,426.69,75,10,0.06479481641468683,463.0,0.0
18153.0,476,1,246.22,476,246.22,200,17,0.06302521008403361,476.0,0.0
18154.0,205,3,533.41,307,177.8033333333333,371,22,0.29315960912052114,102.33333333333333,399.19
18155.0,108,1,113.93,108,113.93,91,8,0.2777777777777778,108.0,257.69
18156.0,186,1,412.46000000000004,186,412.46000000000004,146,50,0.16129032258064518,186.0,528.71
18157.0,388,1,215.35,388,215.35,146,25,0.07731958762886598,388.0,0.0
18159.0,118,1,530.15,118,530.15,139,23,0.2542372881355932,118.0,0.0
18160.0,17,2,684.37,203,342.185,372,41,0.2955665024630542,101.5,319.51
18161.0,69,3,730.73,196,243.57666666666668,470,31,0.45918367346938777,65.33333333333333,1072.3700000000001
18162.0,549,1,379.16,549,379.16,335,45,0.0546448087431694,549.0,0.0
18163.0,401,1,728.84,401,728.84,452,33,0.07481296758104738,401.0,0.0
18166.0,440,1,175.5,440,175.5,90,10,0.06818181818181818,440.0,0.0
18168.0,21,15,3655.12,553,243.67466666666667,2094,209,0.8137432188065099,36.86666666666667,115.15
18170.0,34,7,2201.9,517,314.5571428571429,894,50,0.40618955512572535,73.85714285714286,676.1
18171.0,55,6,1670.59,520,278.4316666666667,677,58,0.34615384615384615,86.66666666666667,766.72
18172.0,28,39,13638.32,545,349.7005128205128,5641,151,2.146788990825688,13.974358974358974,3841.52
18173.0,16,4,2318.36,429,579.59,1538,31,0.27972027972027974,107.25,378.0
18174.0,420,1,58.5,420,58.5,30,1,0.07142857142857144,420.0,104.0
18175.0,492,1,176.1,492,176.1,70,7,0.06097560975609757,492.0,0.0
18176.0,175,1,476.35,175,476.35,283,30,0.17142857142857143,175.0,0.0
18177.0,21,7,1589.1,541,227.0142857142857,892,57,0.3881700554528651,77.28571428571429,627.77
18178.0,36,10,5612.87,476,561.287,3563,190,0.6302521008403362,47.6,490.87
18179.0,69,6,1857.54,480,309.59,1180,70,0.375,80.0,690.01
18181.0,217,4,823.14,552,205.785,378,119,0.21739130434782608,138.0,382.8
18182.0,280,1,291.13,280,291.13,167,10,0.10714285714285714,280.0,0.0
18183.0,44,2,632.07,91,316.035,371,36,0.6593406593406594,45.5,0.0
18185.0,66,1,304.25,66,304.25,183,17,0.4545454545454546,66.0,0.0
18186.0,539,1,329.58,539,329.58,338,11,0.055658627087198514,539.0,0.0
18187.0,448,1,724.89,448,724.89,310,48,0.06696428571428571,448.0,0.0
18188.0,107,4,1706.15,440,426.5375,884,65,0.2727272727272727,110.0,1574.44
18189.0,84,2,946.59,442,473.295,622,54,0.13574660633484165,221.0,457.14
18190.0,9,5,745.62,534,149.124,490,34,0.2808988764044944,106.8,0.0
18191.0,78,2,529.4,294,264.7,332,15,0.20408163265306123,147.0,0.0
18193.0,197,2,963.59,259,481.795,802,50,0.23166023166023167,129.5,243.76
18194.0,255,5,3188.2000000000003,497,637.6400000000001,1142,16,0.30181086519114686,99.4,973.8399999999999
18195.0,204,1,101.16,204,101.16,60,5,0.14705882352941177,204.0,0.0
18196.0,107,3,1225.96,449,408.65333333333336,855,160,0.20044543429844097,149.66666666666666,238.35
18197.0,392,1,230.1,392,230.1,166,9,0.07653061224489795,392.0,0.0
18198.0,4,11,3500.7900000000004,153,318.2536363636364,2909,48,2.156862745098039,13.909090909090908,1924.77
18199.0,500,1,344.75,500,344.75,99,20,0.06,500.0,0.0
18201.0,539,1,447.53000000000003,539,447.53000000000003,191,27,0.055658627087198514,539.0,0.0
18202.0,16,3,1396.99,128,465.66333333333336,581,55,0.703125,42.666666666666664,0.0
18203.0,198,3,344.0,548,114.66666666666667,70,30,0.1642335766423358,182.66666666666666,160.42000000000002
18204.0,9,1,549.43,9,549.43,392,84,3.333333333333333,9.0,1444.27
18206.0,370,1,314.65999999999997,370,314.65999999999997,246,19,0.08108108108108109,370.0,0.0
18207.0,316,1,544.47,316,544.47,325,31,0.09493670886075949,316.0,0.0
18208.0,382,1,360.08,382,360.08,82,17,0.07853403141361257,382.0,0.0
18210.0,84,2,289.85,199,144.925,163,14,0.30150753768844224,99.5,2478.98
18211.0,95,1,137.9,95,137.9,56,8,0.3157894736842105,95.0,462.17
18212.0,143,2,546.72,494,273.36,167,40,0.12145748987854252,247.0,0.0
18213.0,53,1,232.48000000000002,53,232.48000000000002,232,15,0.5660377358490566,53.0,0.0
18214.0,347,4,1780.34,371,445.085,989,38,0.3234501347708895,92.75,0.0
18215.0,254,4,1948.15,440,487.0375,1025,49,0.2727272727272727,110.0,299.34000000000003
18217.0,330,2,323.29,343,161.645,249,7,0.1749271137026239,171.5,621.75
18218.0,28,4,1142.0,477,285.5,1076,25,0.25157232704402516,119.25,0.0
18219.0,31,12,2405.43,549,200.4525,1163,71,0.6557377049180327,45.75,1157.46
18220.0,43,6,1921.76,541,320.29333333333335,1352,17,0.33271719038817005,90.16666666666667,0.0
18221.0,1,3,920.34,207,306.78000000000003,510,43,0.43478260869565216,69.0,504.6
18223.0,22,19,10273.79,552,540.7257894736842,4952,159,1.0326086956521738,29.05263157894737,3727.06
18224.0,80,1,158.95000000000002,80,158.95000000000002,69,10,0.375,80.0,0.0
18225.0,21,19,9213.21,552,484.90578947368414,5002,217,1.0326086956521738,29.05263157894737,3841.05
18226.0,2,21,9251.17,461,440.53190476190474,6260,254,1.366594360086768,21.952380952380953,2627.71
18227.0,34,2,388.75,301,194.375,22,6,0.19933554817275748,150.5,0.0
18229.0,1,17,6736.71,553,396.2770588235294,1497,54,0.9222423146473779,32.529411764705884,4067.0
18230.0,24,5,2735.1600000000003,342,547.032,1342,42,0.43859649122807015,68.4,1555.9
18231.0,9,28,6880.97,515,245.7489285714286,2923,218,1.6310679611650485,18.392857142857142,0.0
18232.0,9,2,370.98,14,185.49,170,24,4.285714285714286,7.0,221.99
18233.0,142,1,440.0,142,440.0,4,1,0.2112676056338028,142.0,0.0
18234.0,368,1,179.6,368,179.6,80,30,0.08152173913043478,368.0,0.0
18235.0,34,1,430.46000000000004,34,430.46000000000004,332,29,0.8823529411764706,34.0,1366.02
18236.0,3,8,1217.6100000000001,420,152.20125000000002,411,59,0.5714285714285715,52.5,577.74
18238.0,332,1,270.92,332,270.92,114,14,0.09036144578313253,332.0,0.0
18239.0,35,6,2150.36,239,358.3933333333334,1052,85,0.7531380753138075,39.833333333333336,0.0
18241.0,34,5,1279.73,434,255.946,661,66,0.3456221198156682,86.8,1707.26
18242.0,13,6,2066.8,514,344.4666666666667,1412,68,0.35019455252918286,85.66666666666667,1538.41
18243.0,231,1,515.78,231,515.78,221,26,0.12987012987012986,231.0,0.0
18244.0,247,2,568.64,319,284.32,856,19,0.18808777429467083,159.5,0.0
18245.0,28,17,5064.21,458,297.8947058823529,4333,275,1.1135371179039302,26.941176470588236,1260.77
18246.0,50,2,395.62,426,197.81,118,2,0.14084507042253522,213.0,363.2
18247.0,231,3,839.73,448,279.91,335,28,0.20089285714285712,149.33333333333334,0.0
18248.0,3,1,496.46000000000004,3,496.46000000000004,242,28,10.0,3.0,307.56
18250.0,127,1,349.27,127,349.27,199,21,0.23622047244094488,127.0,0.0
18251.0,262,8,21964.14,534,2745.5175,31815,77,0.449438202247191,66.75,4314.72
18252.0,365,5,1015.42,538,203.084,698,35,0.2788104089219331,107.6,526.67
18253.0,459,1,317.88,459,317.88,128,7,0.06535947712418301,459.0,0.0
18254.0,398,1,267.9,398,267.9,188,16,0.07537688442211056,398.0,0.0
18255.0,273,1,199.85,273,199.85,127,13,0.10989010989010989,273.0,103.3
18256.0,204,1,110.7,204,110.7,180,10,0.14705882352941177,204.0,0.0
18257.0,23,7,2983.72,476,426.24571428571426,1644,162,0.4411764705882353,68.0,1616.43
18258.0,281,6,2059.67,389,343.27833333333336,1981,30,0.46272493573264784,64.83333333333333,0.0
18259.0,183,5,2355.9,548,471.18,792,36,0.2737226277372263,109.6,1962.3000000000002
18260.0,22,22,9534.98,541,433.4081818181818,5070,205,1.2199630314232903,24.59090909090909,427.13
18262.0,210,2,428.06,419,214.03,370,27,0.1431980906921241,209.5,149.48
18263.0,69,1,307.59999999999997,69,307.59999999999997,328,15,0.43478260869565216,69.0,905.56
18264.0,315,1,603.25,315,603.25,241,36,0.09523809523809523,315.0,0.0
18266.0,251,1,251.1,251,251.1,138,14,0.11952191235059761,251.0,0.0
18267.0,489,1,269.37,489,269.37,135,17,0.06134969325153375,489.0,0.0
18268.0,408,5,1464.73,545,292.946,709,36,0.27522935779816515,109.0,25.5
18269.0,183,1,337.2,183,337.2,152,7,0.16393442622950818,183.0,0.0
18270.0,83,2,273.35,249,136.675,149,11,0.24096385542168672,124.5,171.20000000000002
18271.0,426,2,680.85,548,340.425,319,19,0.1094890510948905,274.0,0.0
18272.0,42,5,2287.94,462,457.588,1618,94,0.3246753246753247,92.4,2098.04
18273.0,74,2,204.0,407,102.0,80,1,0.14742014742014742,203.5,153.0
18275.0,395,2,741.85,548,370.925,417,19,0.1094890510948905,274.0,0.0
18276.0,209,5,1320.66,546,264.132,1060,69,0.27472527472527475,109.2,335.86
18277.0,214,4,1069.67,311,267.4175,381,48,0.3858520900321543,77.75,110.38
18278.0,221,1,240.3,221,240.3,74,15,0.13574660633484165,221.0,173.9
18279.0,336,1,231.33999999999997,336,231.33999999999997,630,13,0.08928571428571427,336.0,0.0
18280.0,94,2,488.15000000000003,211,244.07500000000002,194,28,0.28436018957345977,105.5,0.0
18281.0,394,1,120.32,394,120.32,92,10,0.07614213197969542,394.0,80.82
18283.0,17,11,1176.82,475,106.98363636363636,672,240,0.6947368421052632,43.18181818181818,1559.83
18284.0,248,1,461.68,248,461.68,494,28,0.12096774193548387,248.0,0.0
18285.0,477,1,427.0,477,427.0,145,12,0.06289308176100629,477.0,0.0
18286.0,293,2,1296.43,540,648.215,608,67,0.11111111111111112,270.0,0.0
18287.0,18,5,3110.99,388,622.198,1915,93,0.38659793814432986,77.6,1072.0
