customer_id,return_probability,expected_spend,predicted_value
12346.0,0.0498,44203.668,2202.84
12347.0,0.9772,1596.9103,1560.52
12348.0,0.6951,405.1382,281.61
12349.0,0.6315,1124.2362,709.94
12350.0,0.0597,362.7642,21.64
12351.0,0.1186,312.1504,37.01
12352.0,0.9874,679.2364,670.69
12353.0,0.285,283.9795,80.95
12354.0,0.2027,437.3594,88.64
12355.0,0.1613,789.2278,127.31
12356.0,0.929,1573.3264,1461.63
12357.0,0.8778,7348.417,6450.74
12358.0,0.8373,1061.752,889.01
12359.0,0.9942,1480.3721,1471.8
12360.0,0.8701,1318.3677,1147.09
12361.0,0.1186,152.7051,18.11
12362.0,0.9537,831.5812,793.12
12363.0,0.7017,414.769,291.03
12364.0,0.8472,552.2219,467.84
12365.0,0.377,324.8214,122.45
12366.0,0.124,618.0901,76.66
12367.0,0.773,618.424,478.06
12368.0,0.0728,1319.7349,96.09
12369.0,0.0859,426.2675,36.64
12370.0,0.98,1142.3976,1119.6
12371.0,0.7572,1391.211,1053.42
12372.0,0.6698,708.115,474.29
12373.0,0.259,1038.2948,268.91
12374.0,0.9133,1002.0503,915.15
12375.0,0.7005,512.8922,359.26
12376.0,0.1645,393.989,64.79
12377.0,0.4542,1749.7961,794.76
12378.0,0.5496,2475.0923,1360.29
12379.0,0.5038,244.0919,122.96
12380.0,0.9665,2576.4678,2490.1
12381.0,0.9274,853.5166,791.56
12383.0,0.795,1160.5464,922.58
12384.0,0.8469,668.8404,566.44
12385.0,0.2746,1068.9667,293.5
12386.0,0.4708,575.579,270.99
12387.0,0.0636,287.1388,18.25
12388.0,0.9754,1243.9707,1213.38
12389.0,0.222,756.3031,167.94
12390.0,0.4357,1006.9158,438.76
12391.0,0.8335,495.7934,413.25
12392.0,0.3471,530.891,184.28
12393.0,0.8653,740.9568,641.13
12394.0,0.5336,897.3018,478.82
12395.0,0.9987,1430.4296,1428.64
12396.0,0.0958,533.5888,51.1
12397.0,0.3714,557.8278,207.15
12398.0,0.3568,2119.9722,756.42
12399.0,0.8512,651.794,554.79
12400.0,0.0221,363.0234,8.04
12401.0,0.073,190.4849,13.9
12402.0,0.0659,440.7428,29.03
12403.0,0.2646,301.1695,79.68
12404.0,0.0434,149.7748,6.5
12405.0,0.0953,1795.8427,171.1
12406.0,0.9698,508.5098,493.17
12407.0,0.8993,887.2356,797.85
12408.0,0.966,1676.5638,1619.64
12409.0,0.9879,4935.094,4875.57
12410.0,0.1833,318.7518,58.43
12411.0,0.0295,687.2696,20.3
12412.0,0.9504,701.2302,666.42
12413.0,0.5715,373.7738,213.62
12414.0,0.3466,291.3323,100.97
12415.0,0.9976,65463.6,65307.16
12416.0,0.0582,245.1244,14.27
12417.0,0.9981,2026.1808,2022.24
12418.0,0.2547,725.9954,184.89
12419.0,0.1661,332.3187,55.2
12420.0,0.2397,479.4846,114.95
12421.0,0.6187,776.5692,480.48
12422.0,0.9386,1806.2856,1695.41
12423.0,0.9701,1289.0276,1250.52
12424.0,0.7496,1949.604,1461.33
12425.0,0.4248,828.3269,351.84
12426.0,0.4735,1423.1543,673.84
12427.0,0.5354,801.7712,429.29
12428.0,0.9975,3705.7395,3696.37
12429.0,0.9566,2709.4282,2591.94
12430.0,0.6213,424.1715,263.56
12431.0,0.9979,2452.7405,2447.47
12432.0,0.8959,385.1294,345.02
12433.0,0.9987,4507.837,4501.78
12434.0,0.6814,267.3991,182.2
12435.0,0.9843,2231.1553,2196.02
12436.0,0.4895,659.8966,323.02
12437.0,0.9974,5591.5327,5577.2
12438.0,0.3546,1313.0912,465.6
12439.0,0.0405,561.7192,22.75
12440.0,0.0923,841.2865,77.64
12441.0,0.1413,600.172,84.82
12442.0,0.515,790.746,407.27
12443.0,0.0763,604.4752,46.1
12444.0,0.9557,508.7569,486.23
12445.0,0.6025,539.2051,324.85
12446.0,0.7522,723.159,543.94
12447.0,0.1061,371.4107,39.42
12448.0,0.5562,911.0422,506.7
12449.0,0.8518,2251.4705,1917.87
12450.0,0.5707,305.571,174.38
12451.0,0.987,4544.2666,4485.19
12452.0,0.5694,209.3719,119.22
12453.0,0.6754,379.0042,255.98
12454.0,0.781,4665.3193,3643.59
12455.0,0.9864,1372.5166,1353.84
12456.0,0.8335,1208.2775,1007.07
12457.0,0.8925,987.9749,881.78
12458.0,0.4549,406.1123,184.72
12459.0,0.0492,569.8244,28.06
12460.0,0.0732,239.3397,17.51
12461.0,0.5025,302.5952,152.06
12462.0,0.5152,318.6554,164.17
12463.0,0.8048,646.5382,520.36
12464.0,0.9457,568.9098,538.03
12465.0,0.6327,252.5502,159.78
12466.0,0.0984,244.6644,24.07
12467.0,0.2216,339.607,75.27
12468.0,0.4444,1057.539,469.94
12469.0,0.1686,903.5546,152.34
12470.0,0.1198,234.9061,28.14
12471.0,0.9941,17835.59,17730.72
12472.0,0.9913,3835.5796,3802.12
12473.0,0.8458,279.3964,236.3
12474.0,0.9986,4014.4775,4008.94
12475.0,0.422,421.2025,177.75
12476.0,0.9984,3556.17,3550.44
12477.0,0.997,5550.4995,5533.91
12478.0,0.8504,472.2632,401.63
12479.0,0.9032,862.1098,778.68
12480.0,0.7433,1347.7538,1001.75
12481.0,0.9787,2946.8267,2884.14
12482.0,0.0539,606.443,32.66
12483.0,0.9996,1809.5608,1808.79
12484.0,0.9934,1565.7401,1555.47
12485.0,0.2058,726.2904,149.5
12486.0,0.0233,418.876,9.75
12487.0,0.2029,450.5778,91.44
12488.0,0.895,699.1842,625.75
12489.0,0.0829,326.8838,27.11
12490.0,0.993,1863.6302,1850.53
12491.0,0.7519,1063.7032,799.8
12492.0,0.6238,374.0725,233.35
12493.0,0.4893,719.8414,352.2
12494.0,0.9701,502.1098,487.11
12495.0,0.0387,573.1376,22.17
12496.0,0.019,162.0252,3.08
12497.0,0.3963,1367.3418,541.93
12498.0,0.3289,159.4619,52.44
12499.0,0.0611,671.4669,41.05
12500.0,0.9996,2287.8745,2286.98
12501.0,0.0898,3269.3096,293.56
12502.0,0.8292,1214.8075,1007.32
12503.0,0.0625,1142.3387,71.39
12504.0,0.8194,263.0811,215.58
12505.0,0.0605,887.7067,53.69
12506.0,0.1063,382.1748,40.63
12507.0,0.1339,756.1042,101.22
12508.0,0.8253,344.0778,283.96
12509.0,0.0349,329.0572,11.49
12510.0,0.912,819.395,747.29
12511.0,0.2464,1779.6896,438.54
12512.0,0.6021,105.4199,63.47
12513.0,0.744,363.8221,270.67
12514.0,0.5557,1482.6759,823.86
12515.0,0.0809,291.7391,23.6
12516.0,0.798,718.0908,573.02
12517.0,0.9382,969.5139,909.6
12518.0,0.9352,874.5551,817.85
12519.0,0.3375,509.5375,171.94
12520.0,0.9305,1417.8706,1319.34
12521.0,0.5189,468.8154,243.27
12522.0,0.3146,415.6381,130.77
12523.0,0.998,787.2964,785.7
12524.0,0.9971,3434.9832,3424.9
12525.0,0.0942,438.4069,41.29
12526.0,0.9564,738.0801,705.88
12527.0,0.7896,315.373,249.02
12528.0,0.9264,1072.6423,993.73
12529.0,0.1227,246.6541,30.26
12530.0,0.9928,947.751,940.9
12531.0,0.5917,1663.5487,984.26
12532.0,0.3904,903.7513,352.8
12533.0,0.0471,601.9456,28.36
12534.0,0.2907,586.7509,170.57
12535.0,0.5632,322.9336,181.89
12536.0,0.9722,6872.1494,6681.27
12537.0,0.1678,611.5743,102.63
12538.0,0.4333,445.6176,193.09
12539.0,0.982,2130.2297,2091.94
12540.0,0.9983,10182.347,10164.56
12541.0,0.5491,728.1332,399.79
12542.0,0.1007,614.1904,61.84
12543.0,0.056,379.0678,21.22
12544.0,0.2828,607.4252,171.8
12545.0,0.4436,199.3774,88.44
12546.0,0.6787,929.4196,630.82
12547.0,0.4653,168.6906,78.49
12548.0,0.4125,255.2573,105.3
12549.0,0.0305,108.0962,3.3
12550.0,0.3775,1100.1432,415.34
12551.0,0.0445,134.329,5.97
12552.0,0.2538,323.6994,82.16
12553.0,0.9871,1720.897,1698.69
12554.0,0.1026,352.9295,36.19
12555.0,0.0391,251.9703,9.85
12556.0,0.8621,345.8642,298.16
12557.0,0.9843,4963.15,4885.31
12558.0,0.5604,256.5716,143.77
12559.0,0.2538,494.8774,125.58
12560.0,0.9603,877.368,842.54
12561.0,0.0314,342.5654,10.74
12562.0,0.9907,1269.3049,1257.44
12563.0,0.1106,641.4893,70.96
12564.0,0.4643,528.681,245.49
12565.0,0.0923,321.295,29.64
12566.0,0.2244,609.3412,136.76
12567.0,0.9944,4400.4883,4375.68
12568.0,0.0144,143.7051,2.07
12569.0,0.9776,3093.7524,3024.45
12570.0,0.0295,133.7073,3.94
12571.0,0.5079,318.8519,161.95
12572.0,0.8401,1044.502,877.48
12573.0,0.3698,125.7292,46.49
12574.0,0.007,301.1126,2.11
12575.0,0.1726,288.1166,49.74
12576.0,0.954,823.3034,785.41
12577.0,0.9663,201.5158,194.71
12578.0,0.3302,793.5716,262.01
12579.0,0.2761,807.5884,222.99
12580.0,0.5043,981.412,494.9
12581.0,0.3865,735.2878,284.18
12582.0,0.5661,412.6255,233.58
12583.0,0.9956,5237.999,5214.88
12584.0,0.9612,1105.178,1062.28
12585.0,0.569,1500.5903,853.8
12586.0,0.5369,435.6222,233.9
12587.0,0.4815,156.5246,75.37
12588.0,0.7244,998.5381,723.34
12589.0,0.9402,1220.0637,1147.07
12590.0,0.4422,3064.838,1355.19
12591.0,0.1948,627.9305,122.32
12592.0,0.8706,568.643,495.05
12593.0,0.2947,198.2027,58.4
12594.0,0.9975,2637.3982,2630.94
12595.0,0.035,322.3865,11.29
12596.0,0.7499,690.9717,518.16
12597.0,0.956,1272.5436,1216.5
12598.0,0.9048,2045.1278,1850.37
12599.0,0.9654,314.387,303.51
12600.0,0.999,2173.6475,2171.56
12601.0,0.5248,193.8005,101.72
12602.0,0.4479,638.0681,285.81
12603.0,0.6295,1159.5737,730.0
12604.0,0.3536,56.1044,19.84
12605.0,0.2913,509.2566,148.36
12606.0,0.0771,390.3826,30.1
12607.0,0.4581,637.401,292.0
12608.0,0.1383,332.3248,45.98
12609.0,0.9618,1067.3776,1026.57
12610.0,0.9188,717.3362,659.07
12611.0,0.7174,697.5482,500.41
12612.0,0.4884,604.2347,295.12
12613.0,0.9933,1680.8055,1669.61
12614.0,0.2061,250.9775,51.71
12615.0,0.9915,1420.0597,1408.03
12616.0,0.6297,523.8508,329.87
12617.0,0.7453,342.0221,254.91
12618.0,0.9429,341.1832,321.7
12619.0,0.993,875.3959,869.28
12620.0,0.7215,975.6479,703.92
12621.0,0.999,10456.349,10446.06
12622.0,0.2122,245.5917,52.12
12623.0,0.2706,1043.4103,282.35
12624.0,0.6384,206.3198,131.71
12625.0,0.8129,949.7532,772.06
12626.0,0.9939,2202.1465,2188.7
12627.0,0.9843,2066.3457,2033.92
12628.0,0.7979,447.2427,356.84
12629.0,0.3332,474.6558,158.15
12630.0,0.8367,1683.708,1408.78
12631.0,0.4118,1224.7937,504.31
12632.0,0.0687,373.6204,25.66
12633.0,0.9235,1336.2677,1233.99
12634.0,0.0647,571.8149,36.99
12635.0,0.9543,1338.094,1276.96
12636.0,0.1331,279.6394,37.23
12637.0,0.9827,2090.0657,2053.91
12638.0,0.3726,1734.5833,646.37
12639.0,0.1259,820.6027,103.35
12640.0,0.8372,1144.2408,957.93
12641.0,0.0879,186.4698,16.38
12642.0,0.9155,1256.1139,1149.94
12643.0,0.9908,1157.4615,1146.79
12644.0,0.1559,500.2172,78.0
12645.0,0.7934,1186.6128,941.48
12646.0,0.9796,1401.1898,1372.63
12647.0,0.9922,4749.1655,4712.28
12648.0,0.3212,633.0362,203.3
12649.0,0.9835,468.2626,460.53
12650.0,0.1798,208.4628,37.49
12651.0,0.123,120.7205,14.85
12652.0,0.2942,520.6292,153.18
12653.0,0.7303,1523.1289,1112.33
12654.0,0.6462,264.1328,170.67
12655.0,0.0579,347.6268,20.12
12656.0,0.9837,1917.0126,1885.85
12657.0,0.977,1315.1411,1284.84
12658.0,0.7628,639.7799,488.05
12659.0,0.4183,402.3896,168.32
12660.0,0.733,278.4913,204.14
12661.0,0.1148,249.9835,28.69
12662.0,0.9984,2366.7834,2363.0
12663.0,0.0273,191.9322,5.24
12664.0,0.95,3270.3638,3106.93
12665.0,0.0465,52.5714,2.45
12666.0,0.0999,828.679,82.79
12667.0,0.6895,657.0191,453.02
12668.0,0.9963,2019.0258,2011.59
12669.0,0.9065,1722.9854,1561.84
12670.0,0.5846,641.6532,375.1
12671.0,0.0565,473.3237,26.76
12672.0,0.0742,229.8585,17.05
12673.0,0.5976,866.6481,517.9
12674.0,0.8834,1578.401,1394.36
12675.0,0.0835,331.5688,27.68
12676.0,0.9966,800.1797,797.45
12677.0,0.0847,201.5969,17.07
12678.0,0.9852,1639.6539,1615.33
12679.0,0.4714,368.8914,173.89
12680.0,0.8818,612.4322,540.05
12681.0,0.9991,11653.584,11643.32
12682.0,0.9987,13388.561,13370.54
12683.0,0.9951,3271.7368,3255.79
12684.0,0.9492,950.5455,902.22
12685.0,0.9753,1878.3998,1832.04
12686.0,0.1121,183.499,20.58
12687.0,0.1671,107.0102,17.88
12688.0,0.6656,594.3828,395.63
12689.0,0.8428,741.3426,624.78
12690.0,0.1823,331.9156,60.51
12691.0,0.2476,352.9445,87.4
12692.0,0.0083,278.1227,2.31
12693.0,0.6002,380.5837,228.43
12694.0,0.8775,609.357,534.7
12695.0,0.6585,258.656,170.32
12696.0,0.0629,319.6651,20.11
12697.0,0.844,303.8807,256.47
12698.0,0.0234,410.0542,9.6
12699.0,0.1379,788.5996,108.77
12700.0,0.9745,384.949,375.13
12701.0,0.9281,718.9802,667.27
12702.0,0.5847,86.4573,50.55
12703.0,0.4559,407.7489,185.89
12704.0,0.7923,1061.069,840.74
12705.0,0.9929,4279.7646,4249.39
12707.0,0.2893,432.1663,125.03
12708.0,0.9912,2415.594,2394.25
12709.0,0.9946,8178.8174,8134.7095
12710.0,0.7842,558.1248,437.68
12711.0,0.1027,650.8255,66.86
12712.0,0.9922,2221.6072,2204.25
12713.0,0.7522,502.1324,377.69
12714.0,0.9986,3868.3777,3863.06
12715.0,0.3609,477.1396,172.19
12716.0,0.9218,1299.9453,1198.34
12717.0,0.089,800.1254,71.19
12718.0,0.3397,883.6432,300.16
12719.0,0.6715,532.9372,357.89
12720.0,0.9859,2476.467,2441.66
12721.0,0.929,1229.3661,1142.06
12722.0,0.5398,568.3168,306.76
12723.0,0.3817,370.5997,141.46
12724.0,0.9321,605.1236,564.04
12725.0,0.2655,1340.8354,356.0
12726.0,0.99,1686.1132,1669.33
12727.0,0.9849,1769.3691,1742.7
12728.0,0.5881,377.2113,221.84
12729.0,0.446,417.9766,186.41
12730.0,0.0501,453.81,22.75
12731.0,0.9907,12226.477,12112.35
12732.0,0.4555,250.3486,114.04
12733.0,0.3724,539.297,200.82
12734.0,0.0419,232.8584,9.75
12735.0,0.3021,451.1119,136.28
12736.0,0.1849,312.2058,57.71
12737.0,0.0113,1298.3998,14.64
12738.0,0.2058,319.9726,65.85
12739.0,0.6751,1223.373,825.96
12740.0,0.3609,688.563,248.53
12741.0,0.043,433.5352,18.66
12742.0,0.2873,270.7993,77.79
12743.0,0.6952,552.2491,383.95
12744.0,0.9814,2282.1267,2239.65
12745.0,0.1487,576.6712,85.74
12746.0,0.0478,337.4123,16.14
12747.0,0.9959,1465.9249,1459.92
12748.0,0.999,32188.617,32156.617
12749.0,0.9707,1703.6814,1653.81
12750.0,0.7709,271.785,209.51
12751.0,0.0038,232.612,0.89
12752.0,0.1538,781.5158,120.22
12753.0,0.9861,11427.804,11269.03
12754.0,0.4931,1826.0858,900.35
12755.0,0.7384,1026.3713,757.82
12756.0,0.3507,206.8864,72.56
12757.0,0.9905,3158.1726,3128.25
12758.0,0.8863,1299.1993,1151.48
12759.0,0.98,1938.6548,1899.83
12760.0,0.0243,286.7023,6.96
12761.0,0.5623,394.0928,221.6
12762.0,0.9065,2420.7124,2194.43
12763.0,0.7685,515.8189,396.39
12764.0,0.0082,869.4933,7.13
12765.0,0.4102,292.4936,119.97
12766.0,0.9949,4178.516,4157.25
12767.0,0.2385,691.1413,164.85
12768.0,0.034,169.8468,5.78
12769.0,0.0397,420.1502,16.66
12770.0,0.3229,1523.4073,491.84
12771.0,0.0986,417.2626,41.12
12772.0,0.3679,535.8245,197.14
12773.0,0.0979,227.4333,22.26
12774.0,0.018,443.6498,7.98
12775.0,0.9862,506.4527,499.46
12776.0,0.0158,153.9076,2.43
12777.0,0.1015,371.6862,37.74
12778.0,0.982,427.3672,419.66
12779.0,0.98,1774.477,1738.93
12780.0,0.1458,430.9176,62.85
12781.0,0.8053,626.8086,504.76
12782.0,0.7338,1053.005,772.74
12783.0,0.8996,1082.2515,973.57
12784.0,0.5774,335.862,193.93
12785.0,0.3167,741.7182,234.93
12786.0,0.1949,1086.5057,211.76
12787.0,0.5268,384.1864,202.38
12788.0,0.0505,112.1121,5.66
12789.0,0.4461,91.5505,40.84
12790.0,0.4169,221.2523,92.23
12791.0,0.1525,432.78,65.99
12792.0,0.5345,291.7681,155.96
12793.0,0.1758,271.4238,47.72
12794.0,0.5209,950.668,495.16
12795.0,0.3505,974.2997,341.49
12796.0,0.1065,772.1464,82.26
12797.0,0.2475,347.4678,86.0
12798.0,0.8055,1879.3741,1513.83
12799.0,0.0856,356.2654,30.51
12800.0,0.0709,211.1864,14.97
12801.0,0.0115,441.2421,5.09
12802.0,0.7429,678.2462,503.86
12803.0,0.1558,275.0654,42.85
12804.0,0.0215,248.2475,5.33
12805.0,0.4088,558.6552,228.4
12806.0,0.044,469.3451,20.65
12807.0,0.24,272.7191,65.46
12808.0,0.7558,415.3348,313.91
12809.0,0.1353,370.4482,50.1
12810.0,0.1312,461.1116,60.48
12811.0,0.5072,305.5575,154.97
12812.0,0.4926,934.5232,460.38
12813.0,0.0244,247.4225,6.04
12814.0,0.4839,269.0004,130.17
12815.0,0.7723,914.4249,706.21
12816.0,0.6398,359.033,229.73
12817.0,0.2741,342.0998,93.78
12818.0,0.6505,2638.668,1716.48
12819.0,0.0422,400.2922,16.9
12820.0,0.9621,996.1998,958.44
12821.0,0.1969,174.1933,34.3
12822.0,0.5083,1122.5607,570.59
12823.0,0.9964,1892.7852,1885.89
12824.0,0.2972,404.0574,120.08
12825.0,0.0436,401.9116,17.5
12826.0,0.9907,1002.9016,993.53
12827.0,0.6814,370.5433,252.49
12828.0,0.7377,417.7114,308.13
12829.0,0.2821,265.118,74.78
12830.0,0.8763,4503.754,3946.57
12831.0,0.853,193.6228,165.15
12832.0,0.6287,431.7614,271.44
12833.0,0.1649,572.5364,94.41
12834.0,0.2321,519.1444,120.5
12835.0,0.0037,365.9256,1.37
12836.0,0.9829,1048.617,1030.69
12837.0,0.0681,262.7116,17.89
12838.0,0.9813,562.338,551.84
12839.0,0.9924,3605.9663,3578.71
12840.0,0.5911,1269.5636,750.48
12841.0,0.9949,3776.3547,3757.18
12842.0,0.2763,698.7052,193.02
12843.0,0.9918,1252.5217,1242.24
12844.0,0.868,93.4649,81.13
12845.0,0.1587,190.3031,30.21
12846.0,0.0771,390.3826,30.1
12847.0,0.7862,961.7258,756.09
12848.0,0.0456,423.0644,19.28
12849.0,0.8525,1248.2506,1064.15
12850.0,0.0311,264.7231,8.24
12851.0,0.3596,234.8871,84.48
12852.0,0.1576,285.3844,44.97
12853.0,0.7276,1454.9736,1058.65
12854.0,0.906,605.5162,548.63
12855.0,0.2152,235.3334,50.65
12856.0,0.9843,2461.6794,2423.15
12857.0,0.7934,699.9432,555.36
12858.0,0.0229,192.1192,4.4
12859.0,0.03,645.55,19.37
12860.0,0.0131,213.3525,2.79
12861.0,0.0118,85.2252,1.01
12862.0,0.1288,343.8448,44.29
12863.0,0.669,1310.8204,876.92
12864.0,0.5171,310.4309,160.51
12865.0,0.8846,1237.916,1095.06
12866.0,0.0547,417.9554,22.85
12867.0,0.9963,2479.7747,2470.71
12868.0,0.5656,857.6428,485.09
12869.0,0.3335,357.5368,119.24
12870.0,0.0956,378.9122,36.24
12871.0,0.71,420.3624,298.45
12872.0,0.0099,664.2498,6.6
12873.0,0.2298,2235.223,513.7
12874.0,0.3763,601.7771,226.47
12875.0,0.9789,106.2878,104.04
12876.0,0.9123,1571.5205,1433.76
12877.0,0.8855,590.6008,522.96
12878.0,0.3117,342.234,106.67
12879.0,0.7348,689.687,506.76
12880.0,0.3333,379.3696,126.43
12881.0,0.0168,420.932,7.09
12882.0,0.7545,1312.2449,990.03
12883.0,0.9274,458.3698,425.1
12884.0,0.2034,598.7366,121.77
12885.0,0.6839,941.5495,643.88
12886.0,0.7377,798.3998,589.01
12887.0,0.0841,381.0708,32.06
12888.0,0.1292,96.3728,12.45
12889.0,0.0372,58.5676,2.18
12890.0,0.8369,281.4672,235.55
12891.0,0.8608,89.2572,76.84
12892.0,0.1165,508.3754,59.22
12893.0,0.5642,420.1081,237.03
12894.0,0.0185,346.7118,6.42
12895.0,0.6775,518.6402,351.37
12897.0,0.1995,114.4184,22.83
12898.0,0.0066,234.4096,1.55
12899.0,0.0084,576.6244,4.84
12900.0,0.0309,443.9988,13.72
12901.0,0.9979,4220.908,4211.98
12902.0,0.1409,288.562,40.66
12903.0,0.1681,609.3782,102.45
12904.0,0.7735,254.675,196.98
12905.0,0.0297,882.8834,26.22
12906.0,0.9928,1301.3635,1291.94
12907.0,0.3201,374.9878,120.04
12908.0,0.7264,235.9538,171.41
12909.0,0.8936,918.3199,820.6
12910.0,0.9963,1630.5526,1624.52
12911.0,0.4843,206.08,99.81
12912.0,0.8862,1178.9169,1044.8
12913.0,0.9844,1176.961,1158.64
12914.0,0.0323,445.3498,14.4
12915.0,0.2132,501.3794,106.89
12916.0,0.9492,1989.4568,1888.35
12917.0,0.881,1599.4907,1409.15
12918.0,0.0172,1427.0277,24.53
12919.0,0.8478,947.1712,803.03
12920.0,0.8992,215.9906,194.22
12921.0,0.9966,20307.148,20237.9
12922.0,0.0998,232.1276,23.16
12923.0,0.2997,315.8422,94.65
12924.0,0.9961,491.0342,489.13
12925.0,0.7873,675.751,532.01
12926.0,0.1257,108.845,13.69
12927.0,0.0721,172.2521,12.41
12928.0,0.9836,2044.8741,2011.29
12929.0,0.0933,216.0968,20.15
12930.0,0.2321,187.4156,43.5
12931.0,0.9831,37039.484,36413.62
12932.0,0.1288,190.2838,24.5
12933.0,0.978,174.5161,170.67
12934.0,0.094,198.0738,18.62
12935.0,0.9978,2076.9236,2072.42
12936.0,0.8945,1253.0808,1120.94
12937.0,0.9566,1037.5432,992.48
12938.0,0.6321,868.5803,549.04
12939.0,0.9963,1984.7688,1977.4
12940.0,0.7634,494.6217,377.6
12941.0,0.04,595.8874,23.85
12942.0,0.2871,621.5444,178.46
12943.0,0.0559,379.4192,21.21
12944.0,0.4231,578.1766,244.65
12945.0,0.0726,589.5492,42.78
12946.0,0.117,232.6134,27.22
12947.0,0.5663,747.657,423.42
12948.0,0.9599,773.6216,742.59
12949.0,0.9976,7243.7056,7226.1494
12950.0,0.9555,1737.464,1660.22
12951.0,0.9803,1141.9158,1119.47
12952.0,0.9345,1974.4764,1845.06
12953.0,0.2245,300.5662,67.47
12954.0,0.141,233.2727,32.89
12955.0,0.9937,2158.4153,2144.86
12956.0,0.149,255.142,38.01
12957.0,0.998,2101.1138,2096.91
12958.0,0.1923,384.294,73.9
12959.0,0.0584,317.8309,18.57
12960.0,0.0646,163.6454,10.58
12961.0,0.0864,272.2254,23.51
12962.0,0.9086,249.9298,227.09
12963.0,0.976,1064.3359,1038.75
12964.0,0.0475,154.9487,7.36
12965.0,0.3601,456.0621,164.21
12966.0,0.3335,165.7992,55.3
12967.0,0.011,665.1862,7.34
12968.0,0.0758,154.6912,11.73
12969.0,0.0403,351.5041,14.17
12970.0,0.942,243.9512,229.81
12971.0,0.9977,4081.8376,4072.54
12972.0,0.0838,212.5468,17.82
12973.0,0.0327,673.9286,22.03
12974.0,0.0923,269.3132,24.85
12975.0,0.0802,190.4289,15.27
12976.0,0.8416,1266.7217,1066.04
12977.0,0.2576,128.3522,33.06
12978.0,0.0323,614.4568,19.86
12979.0,0.1058,588.9635,62.31
12980.0,0.9889,943.3558,932.85
12981.0,0.5719,589.6793,337.25
12982.0,0.5666,832.1177,471.48
12983.0,0.0953,770.9572,73.45
12984.0,0.3902,39.6708,15.48
12985.0,0.9476,1613.2523,1528.79
12986.0,0.0232,190.0405,4.41
12987.0,0.5348,315.2114,168.58
12988.0,0.2843,161.2859,45.86
12989.0,0.9919,3379.0847,3351.66
12990.0,0.654,266.7695,174.46
12991.0,0.9009,174.8976,157.57
12992.0,0.0078,143.8405,1.12
12993.0,0.5439,327.4856,178.13
12994.0,0.6701,196.3203,131.55
12995.0,0.2732,374.4284,102.31
12996.0,0.2828,268.135,75.82
12997.0,0.9596,543.3703,521.44
12998.0,0.0156,229.233,3.57
12999.0,0.5016,280.8385,140.88
13000.0,0.7968,403.4043,321.45
13001.0,0.9984,9206.022,9191.28
13002.0,0.1922,113.9218,21.9
13003.0,0.6653,53.4252,35.54
13004.0,0.9986,2970.5232,2966.32
13005.0,0.5725,470.622,269.42
13006.0,0.3155,209.5677,66.13
13007.0,0.0471,294.567,13.86
13008.0,0.1208,408.7082,49.36
13009.0,0.1543,447.9254,69.1
13010.0,0.323,236.8518,76.51
13011.0,0.4336,129.1517,55.99
13012.0,0.9668,1001.8088,968.59
13013.0,0.9993,2193.5928,2192.0
13014.0,0.9748,2355.4583,2296.14
13015.0,0.9818,1425.0979,1399.12
13016.0,0.6464,242.9979,157.08
13017.0,0.2321,239.5818,55.62
13018.0,0.9983,3459.6208,3453.75
13019.0,0.2671,668.8308,178.63
13020.0,0.0718,365.3345,26.22
13021.0,0.977,1544.1702,1508.59
13022.0,0.0687,149.5261,10.28
13023.0,0.4607,293.196,135.08
13024.0,0.1696,661.6762,112.23
13025.0,0.0724,369.1271,26.73
13026.0,0.7493,263.3922,197.37
13027.0,0.9388,906.3933,850.93
13028.0,0.9651,472.2612,455.78
13029.0,0.6905,765.0407,528.27
13030.0,0.3925,311.0412,122.07
13031.0,0.0382,848.4725,32.38
13032.0,0.9388,632.7427,594.03
13033.0,0.1075,60.8345,6.54
13034.0,0.5128,311.743,159.86
13035.0,0.5926,361.79,214.4
13036.0,0.0246,570.5652,14.03
13037.0,0.6633,756.0233,501.46
13038.0,0.5483,514.792,282.26
13039.0,0.163,224.0587,36.51
13040.0,0.4678,346.9076,162.29
13041.0,0.1369,251.6037,34.44
13042.0,0.0834,255.3352,21.29
13043.0,0.2315,457.6112,105.92
13044.0,0.1165,607.9952,70.85
13045.0,0.3067,285.9295,87.69
13046.0,0.5009,578.6364,289.85
13047.0,0.9989,2283.6426,2281.21
13048.0,0.9853,1438.7921,1417.68
13049.0,0.8061,839.7104,676.89
13050.0,0.9992,2756.021,2753.85
13051.0,0.0083,107.7021,0.9
13052.0,0.7307,705.1545,515.27
13053.0,0.0192,345.7582,6.63
13055.0,0.885,906.0278,801.81
13056.0,0.0508,371.6903,18.89
13057.0,0.1481,420.7461,62.31
13058.0,0.8874,203.0399,180.18
13059.0,0.4354,388.5945,169.19
13060.0,0.3836,518.6261,198.95
13061.0,0.6155,663.1936,408.19
13062.0,0.2407,295.6957,71.16
13063.0,0.0343,242.261,8.31
13064.0,0.5998,394.535,236.64
13065.0,0.502,709.9566,356.43
13066.0,0.9525,1129.7445,1076.13
13067.0,0.262,131.6185,34.49
13068.0,0.0737,137.726,10.15
13069.0,0.9977,2765.086,2758.8
13070.0,0.4668,220.453,102.92
13071.0,0.0088,335.952,2.94
13072.0,0.2081,260.8172,54.29
13073.0,0.0997,197.9301,19.74
13074.0,0.0556,302.5608,16.83
13075.0,0.1578,622.3642,98.19
13076.0,0.0579,317.8686,18.4
13077.0,0.9876,672.2832,663.93
13078.0,0.9978,13077.731,13048.75
13079.0,0.1225,73.5503,9.01
13080.0,0.551,66.5781,36.68
13081.0,0.9986,27384.361,27344.96
13082.0,0.942,891.3391,839.67
13083.0,0.8331,130.0976,108.39
13084.0,0.226,205.4926,46.43
13085.0,0.873,626.0763,546.54
13086.0,0.2188,223.7984,48.96
13087.0,0.0511,358.264,18.29
13088.0,0.021,471.6988,9.91
13089.0,0.9982,29283.367,29231.84
13090.0,0.997,1632.9763,1628.04
13091.0,0.4386,2382.6113,1044.97
13092.0,0.9891,296.9636,293.73
13093.0,0.1117,8194.169,915.51
13094.0,0.9937,828.6006,823.4
13095.0,0.1742,514.6012,89.66
13096.0,0.2561,331.4666,84.89
13097.0,0.9959,2832.9712,2821.35
13098.0,0.998,7252.8726,7238.3706
13099.0,0.5764,381.4039,219.86
13101.0,0.437,124.7552,54.51
13102.0,0.9987,3222.685,3218.65
13103.0,0.821,1020.4743,837.76
13104.0,0.9617,302.681,291.07
13105.0,0.4712,116.8836,55.08
13106.0,0.3644,408.176,148.72
13107.0,0.99,2206.3757,2184.21
13108.0,0.2954,617.4492,182.38
13109.0,0.3276,751.0306,246.04
13110.0,0.9908,462.4496,458.22
13111.0,0.1118,501.635,56.08
13112.0,0.2337,563.049,131.58
13113.0,0.9984,2253.5852,2249.96
13114.0,0.1071,476.9493,51.09
13115.0,0.996,1444.3838,1438.63
13116.0,0.4867,573.3821,279.05
13117.0,0.992,621.2106,616.24
13118.0,0.9824,857.5408,842.42
13119.0,0.1026,283.7526,29.12
13120.0,0.0109,433.0781,4.71
13121.0,0.2621,597.895,156.69
13122.0,0.2595,459.7286,119.28
13123.0,0.0765,317.0248,24.25
13124.0,0.9491,2930.1538,2780.89
13125.0,0.0153,410.159,6.27
13126.0,0.9979,1162.9916,1160.51
13127.0,0.4877,382.4151,186.52
13128.0,0.1488,651.0158,96.87
13129.0,0.0335,264.3704,8.87
13130.0,0.3997,135.3413,54.09
13131.0,0.8779,919.3686,807.11
13132.0,0.0634,299.6281,18.98
13133.0,0.1343,132.1338,17.75
13134.0,0.8861,537.3441,476.14
13135.0,0.3151,1536.6136,484.14
13136.0,0.9887,984.8612,973.78
13137.0,0.9985,1772.5046,1769.82
13138.0,0.9516,354.5664,337.42
13139.0,0.9932,3052.428,3031.57
13140.0,0.8404,569.2952,478.41
13141.0,0.9867,1976.7074,1950.52
13142.0,0.4838,302.0772,146.14
13143.0,0.0671,610.9256,41.0
13144.0,0.1554,43.3639,6.74
13145.0,0.4048,279.4975,113.14
13146.0,0.8761,1155.22,1012.08
13147.0,0.4733,404.5496,191.48
13148.0,0.9995,1832.387,1831.43
13149.0,0.8997,646.5976,581.77
13150.0,0.0455,217.92,9.92
13151.0,0.6024,1195.549,720.23
13152.0,0.0204,126.0876,2.58
13153.0,0.9609,427.2096,410.51
13154.0,0.1369,152.2872,20.84
13155.0,0.8061,891.7804,718.88
13156.0,0.2981,230.6152,68.75
13157.0,0.9971,1411.42,1407.28
13158.0,0.6702,358.3521,240.18
13159.0,0.9212,578.3082,532.76
13160.0,0.7784,480.258,373.84
13161.0,0.0643,482.502,31.02
13162.0,0.3157,1551.2493,489.66
13163.0,0.065,308.027,20.02
13164.0,0.0232,213.6349,4.95
13165.0,0.8638,1044.9468,902.6
13166.0,0.313,256.4588,80.27
13167.0,0.8063,377.0243,303.99
13168.0,0.7156,862.6672,617.37
13169.0,0.7502,546.081,409.65
13170.0,0.6114,511.5897,312.77
13171.0,0.7702,211.9528,163.25
13172.0,0.041,121.6601,4.99
13173.0,0.9694,989.8493,959.54
13174.0,0.9989,2579.7097,2576.86
13175.0,0.0589,476.9466,28.08
13176.0,0.5015,767.4059,384.83
13177.0,0.3618,455.9978,165.0
13178.0,0.996,4822.2075,4803.1
13179.0,0.0651,1052.2162,68.47
13180.0,0.0101,99.71,1.01
13181.0,0.2661,302.673,80.53
13182.0,0.1913,907.9891,173.71
13183.0,0.9944,1391.146,1383.4
13184.0,0.9594,544.4897,522.39
13185.0,0.0151,207.2635,3.13
13186.0,0.8725,1226.6896,1070.27
13187.0,0.237,230.5465,54.64
13188.0,0.279,133.5681,37.26
13189.0,0.8832,295.5626,261.05
13190.0,0.1042,205.1917,21.38
13191.0,0.1901,155.638,29.59
13192.0,0.7109,1135.6917,807.39
13193.0,0.5305,371.9797,197.35
13194.0,0.2445,901.9028,220.48
13195.0,0.0121,217.946,2.64
13196.0,0.8448,523.8906,442.58
13197.0,0.076,686.0416,52.13
13198.0,0.9761,2315.2935,2259.89
13199.0,0.9984,4518.3667,4511.05
13200.0,0.9377,341.0758,319.82
13201.0,0.0816,163.902,13.38
13202.0,0.1703,137.493,23.41
13203.0,0.9266,676.4387,626.77
13204.0,0.1329,769.1604,102.24
13205.0,0.0036,1191.398,4.33
13206.0,0.05,300.9376,15.06
13207.0,0.4689,279.686,131.13
13208.0,0.9812,535.7818,525.71
13209.0,0.9971,2021.2155,2015.44
13210.0,0.3821,630.2472,240.79
13211.0,0.9708,851.5488,826.66
13212.0,0.8951,252.3568,225.87
13213.0,0.9766,574.2672,560.84
13214.0,0.0073,701.5376,5.11
13215.0,0.1639,116.5841,19.1
13216.0,0.4937,613.9604,303.14
13217.0,0.7844,208.4273,163.49
13218.0,0.4125,86.2905,35.59
13219.0,0.01,158.2253,1.59
13220.0,0.8268,284.2446,235.01
13221.0,0.3507,368.064,129.07
13222.0,0.0342,131.8381,4.5
13223.0,0.3909,319.7429,124.99
13224.0,0.4728,389.0375,183.95
13225.0,0.9822,1855.5424,1822.54
13226.0,0.2102,212.9664,44.76
13227.0,0.559,313.0756,175.0
13228.0,0.254,568.6316,144.44
13229.0,0.1995,269.6263,53.79
13230.0,0.9997,772.5598,772.3
13232.0,0.9879,513.0941,506.91
13233.0,0.6259,356.8042,223.33
13234.0,0.0284,173.7052,4.93
13235.0,0.1063,400.882,42.63
13236.0,0.9001,493.0258,443.76
13237.0,0.5669,930.8346,527.72
13238.0,0.641,997.5249,639.45
13239.0,0.8453,497.0156,420.15
13240.0,0.8339,319.0292,266.05
13241.0,0.104,187.4672,19.49
13242.0,0.9014,64.6734,58.3
13243.0,0.7652,495.406,379.08
13244.0,0.122,350.3646,42.73
13245.0,0.2376,496.2958,117.9
13246.0,0.8941,1038.4825,928.46
13247.0,0.5521,304.6669,168.21
13248.0,0.3665,431.6318,158.19
13249.0,0.9869,317.0256,312.86
13250.0,0.066,176.6318,11.65
13251.0,0.0147,386.8416,5.69
13252.0,0.1064,194.2252,20.67
13253.0,0.8418,1642.1898,1382.46
13254.0,0.0449,265.0159,11.89
13255.0,0.4661,277.2,129.2
13257.0,0.1544,258.2041,39.88
13258.0,0.5799,591.5355,343.04
13259.0,0.9739,205.8099,200.44
13260.0,0.2372,635.1609,150.68
13261.0,0.096,473.7806,45.49
13262.0,0.4383,157.7956,69.16
13263.0,0.9981,2194.3433,2190.1
13264.0,0.0469,493.809,23.18
13265.0,0.9176,997.9431,915.73
13266.0,0.9985,1739.1824,1736.55
13267.0,0.9916,2507.5442,2486.58
13268.0,0.9986,1691.9574,1689.65
13269.0,0.9981,2306.229,2301.88
13270.0,0.0424,932.5851,39.56
13271.0,0.8337,651.2073,542.9
13272.0,0.8683,159.4093,138.42
13273.0,0.465,216.7047,100.77
13274.0,0.0207,393.6898,8.13
13275.0,0.2871,285.389,81.92
13276.0,0.7931,303.8108,240.96
13277.0,0.8938,114.6814,102.5
13278.0,0.5522,545.0036,300.92
13279.0,0.1186,259.2134,30.75
13280.0,0.8064,553.7802,446.59
13281.0,0.1625,238.6669,38.79
13282.0,0.8613,342.875,295.33
13283.0,0.7228,63.996,46.26
13284.0,0.0943,193.4885,18.24
13285.0,0.8718,484.953,422.79
13286.0,0.0886,531.578,47.1
13287.0,0.0588,275.2752,16.18
13288.0,0.0215,261.8463,5.64
13289.0,0.1293,344.0596,44.49
13290.0,0.0277,247.0366,6.84
13291.0,0.8062,924.3041,745.21
13292.0,0.5044,418.2238,210.97
13293.0,0.2159,433.4046,93.59
13294.0,0.2715,210.2263,57.08
13295.0,0.2057,911.7757,187.53
13296.0,0.6468,531.0587,343.5
13297.0,0.9537,1021.8044,974.52
13298.0,0.4247,410.4914,174.35
13299.0,0.4435,285.0196,126.41
13300.0,0.0757,1314.35,99.43
13301.0,0.6288,393.8651,247.66
13302.0,0.1785,76.8718,13.72
13303.0,0.0864,113.8208,9.83
13304.0,0.2715,903.0169,245.16
13305.0,0.9817,998.91,980.59
13306.0,0.0433,212.4964,9.2
13307.0,0.6906,84.3336,58.24
13308.0,0.8162,277.8018,226.75
13309.0,0.9002,494.4048,445.08
13310.0,0.8638,301.6033,260.52
13311.0,0.9327,396.7492,370.07
13312.0,0.0075,192.5267,1.44
13313.0,0.9792,1093.2142,1070.48
13314.0,0.8532,839.524,716.28
13315.0,0.1521,360.1218,54.77
13316.0,0.9889,2293.9795,2268.44
13317.0,0.9976,1795.6927,1791.45
13318.0,0.8909,769.6251,685.68
13319.0,0.9985,8313.886,8301.17
13320.0,0.9309,710.907,661.75
13321.0,0.4694,663.752,311.59
13322.0,0.6283,292.2464,183.62
13323.0,0.5743,598.668,343.84
13324.0,0.9976,3817.092,3808.02
13325.0,0.2778,734.7986,204.1
13326.0,0.2104,392.3562,82.54
13327.0,0.9712,1759.5878,1708.94
13328.0,0.013,1744.5295,22.66
13329.0,0.9858,1294.4429,1276.02
13330.0,0.9129,964.2148,880.19
13331.0,0.0399,556.1226,22.19
13332.0,0.6239,235.0698,146.67
13333.0,0.0267,306.068,8.17
13334.0,0.8587,1778.2544,1527.06
13336.0,0.4722,735.5161,347.29
13337.0,0.6725,123.0951,82.78
13338.0,0.4037,605.3248,244.39
13339.0,0.1797,315.3763,56.68
13340.0,0.9881,5640.2515,5573.29
13341.0,0.3044,676.7864,206.02
13343.0,0.3089,306.6886,94.72
13344.0,0.6592,1392.5453,917.91
13345.0,0.1,226.062,22.59
13346.0,0.0413,67.5936,2.79
13347.0,0.4406,831.1989,366.26
13348.0,0.3538,483.3547,171.01
13349.0,0.4234,331.0934,140.19
13350.0,0.7912,751.5704,594.65
13351.0,0.2248,495.4462,111.36
13352.0,0.3648,542.1174,197.76
13354.0,0.7209,1127.832,813.09
13355.0,0.3337,491.5993,164.02
13356.0,0.4021,527.2504,212.01
13357.0,0.742,856.7413,635.69
13358.0,0.4791,433.7379,207.8
13359.0,0.4209,525.687,221.24
13360.0,0.0988,100.944,9.97
13361.0,0.1455,787.5134,114.58
13362.0,0.9167,1051.5565,963.92
13363.0,0.8409,438.5282,368.77
13364.0,0.1365,706.9552,96.52
13365.0,0.7535,769.3745,579.74
13366.0,0.065,827.5747,53.78
13367.0,0.1736,543.7177,94.37
13368.0,0.5102,462.0116,235.72
13369.0,0.3756,299.4352,112.47
13370.0,0.0723,3377.6057,244.31
13371.0,0.1345,172.9158,23.25
13372.0,0.4988,411.244,205.14
13373.0,0.9302,1777.7446,1653.73
13374.0,0.0381,250.3452,9.55
13375.0,0.1472,1110.8601,163.57
13376.0,0.4204,447.956,188.32
13377.0,0.443,300.0111,132.89
13379.0,0.8956,283.1144,253.56
13380.0,0.0515,153.2936,7.89
13381.0,0.9927,2931.078,2909.6
13382.0,0.044,423.499,18.62
13383.0,0.1756,373.7342,65.63
13384.0,0.9781,2987.424,2921.88
13385.0,0.4238,438.2722,185.72
13386.0,0.1035,410.6123,42.51
13387.0,0.0074,220.6129,1.63
13388.0,0.2756,897.3896,247.33
13389.0,0.6204,422.7911,262.31
13390.0,0.4366,909.5339,397.11
13391.0,0.004,214.8067,0.86
13392.0,0.0113,185.6631,2.1
13393.0,0.0579,203.3394,11.78
13394.0,0.9989,1982.4644,1980.19
13395.0,0.8601,793.3268,682.33
13396.0,0.391,1026.1396,401.18
13397.0,0.947,989.0138,936.56
13398.0,0.1929,344.9649,66.55
13399.0,0.0611,78.5866,4.8
13400.0,0.2619,356.4055,93.34
13402.0,0.5446,485.2524,264.26
13403.0,0.6591,119.7996,78.96
13404.0,0.497,483.1702,240.13
13405.0,0.7377,292.2942,215.62
13406.0,0.1753,591.44,103.69
13407.0,0.164,397.6032,65.2
13408.0,0.9985,24415.28,24379.02
13410.0,0.9924,1278.6718,1269.01
13411.0,0.1998,329.532,65.85
13412.0,0.1782,559.0021,99.61
13413.0,0.0445,141.5073,6.3
13414.0,0.8179,555.762,454.55
13415.0,0.3543,234.0145,82.9
13416.0,0.2964,456.9727,135.44
13417.0,0.357,275.2516,98.25
13418.0,0.9981,4709.881,4700.8
13419.0,0.4971,702.8772,349.42
13420.0,0.4606,164.6509,75.84
13421.0,0.7753,1135.2814,880.15
13422.0,0.6886,1166.1389,803.01
13423.0,0.0514,282.7775,14.54
13424.0,0.0388,489.6367,18.98
13425.0,0.4762,870.7054,414.62
13426.0,0.999,1316.1626,1314.9
13427.0,0.8057,254.9387,205.39
13428.0,0.4493,285.2724,128.19
13429.0,0.9709,1125.1348,1092.39
13430.0,0.8569,536.2972,459.57
13431.0,0.9138,1419.3518,1297.06
13432.0,0.0367,262.6666,9.63
13433.0,0.0659,149.3235,9.84
13434.0,0.821,144.8127,118.89
13435.0,0.9938,1842.5771,1831.13
13436.0,0.3496,840.2216,293.76
13437.0,0.9725,1656.7549,1611.19
13438.0,0.651,452.3143,294.44
13439.0,0.936,265.0101,248.06
13440.0,0.0439,617.9139,27.12
13441.0,0.4062,402.9244,163.65
13442.0,0.0591,217.6783,12.87
13443.0,0.0836,312.567,26.12
13444.0,0.4974,230.717,114.76
13445.0,0.1461,402.5683,58.83
13446.0,0.0057,750.2865,4.3
13447.0,0.8392,558.9943,469.13
13448.0,0.9986,2643.8008,2640.01
13449.0,0.7552,585.7445,442.33
13450.0,0.9952,1730.7872,1722.52
13451.0,0.9984,1690.4478,1687.77
13452.0,0.6314,301.7576,190.52
13453.0,0.4686,323.1709,151.43
13454.0,0.1221,401.3224,48.99
13455.0,0.7213,684.9954,494.11
13456.0,0.9865,929.2812,916.74
13457.0,0.0082,75.6756,0.62
13458.0,0.9968,4837.254,4821.85
13459.0,0.0394,315.0381,12.4
13460.0,0.659,378.8704,249.66
13461.0,0.9789,1236.8213,1210.7
13462.0,0.4475,334.9184,149.86
13464.0,0.6683,991.8981,662.89
13465.0,0.0274,794.7754,21.78
13466.0,0.4669,470.598,219.71
13467.0,0.9572,1130.341,1081.99
13468.0,0.9992,7101.3994,7095.38
13469.0,0.0249,223.8165,5.58
13470.0,0.5222,223.1346,116.51
13471.0,0.9801,1360.6184,1333.55
13472.0,0.1525,452.208,68.97
13473.0,0.9493,854.995,811.69
13474.0,0.4274,338.9891,144.89
13475.0,0.4456,369.4116,164.61
13476.0,0.282,493.9024,139.28
13477.0,0.9831,874.8302,860.02
13478.0,0.0383,226.6367,8.69
13479.0,0.6815,346.9664,236.46
13480.0,0.1382,399.5793,55.24
13481.0,0.917,526.7491,483.02
13482.0,0.4153,191.0142,79.33
13483.0,0.4293,717.3084,307.95
13484.0,0.0858,191.8365,16.46
13485.0,0.44,651.7408,286.8
13486.0,0.7626,376.9248,287.45
13487.0,0.653,223.9647,146.25
13488.0,0.9991,6150.2935,6145.02
13489.0,0.339,662.2101,224.47
13490.0,0.028,276.9075,7.76
13491.0,0.968,441.582,427.47
13492.0,0.4203,1774.8716,745.94
13493.0,0.5966,447.814,267.17
13494.0,0.0854,231.5932,19.79
13495.0,0.9718,1289.0312,1252.63
13496.0,0.1399,303.6899,42.49
13497.0,0.1658,572.3283,94.89
13498.0,0.2666,359.516,95.84
13499.0,0.9553,551.823,527.15
13500.0,0.8867,431.02,382.17
13501.0,0.8665,2199.6707,1905.93
13502.0,0.5957,340.4798,202.82
13503.0,0.7966,274.4244,218.62
13504.0,0.3925,359.7032,141.17
13505.0,0.9605,658.2455,632.21
13506.0,0.3119,592.1334,184.69
13507.0,0.9483,772.805,732.86
13508.0,0.0736,213.2776,15.7
13509.0,0.9461,723.0396,684.1
13510.0,0.9887,1195.4828,1181.95
13511.0,0.1825,553.2448,100.97
13512.0,0.7186,260.8938,187.47
13513.0,0.2308,497.9186,114.94
13514.0,0.7741,280.2198,216.91
13515.0,0.3407,522.6201,178.05
13516.0,0.9577,980.6839,939.19
13517.0,0.8536,576.1311,491.76
13518.0,0.4218,996.8975,420.46
13519.0,0.1602,253.1256,40.55
13520.0,0.9941,1138.3707,1131.66
13521.0,0.9898,394.8794,390.85
13522.0,0.3683,433.6067,159.69
13523.0,0.8646,1447.4728,1251.5
13524.0,0.4713,357.7169,168.61
13525.0,0.6653,379.6463,252.59
13526.0,0.0327,424.7286,13.9
13527.0,0.9851,1730.2166,1704.37
13529.0,0.384,228.0715,87.58
13530.0,0.0875,685.0274,59.93
13531.0,0.2589,890.596,230.61
13532.0,0.7803,926.4359,722.94
13533.0,0.7967,199.0904,158.62
13534.0,0.9804,2253.254,2208.98
13535.0,0.1088,108.6337,11.82
13536.0,0.9812,5117.4624,5021.31
13537.0,0.1248,192.9533,24.09
13538.0,0.9008,664.9648,599.03
13539.0,0.8626,325.1963,280.51
13540.0,0.0715,271.563,19.42
13541.0,0.0445,589.6432,26.25
13542.0,0.0403,796.8096,32.13
13543.0,0.0932,759.6192,70.78
13544.0,0.967,215.9996,208.87
13545.0,0.0649,249.3081,16.17
13546.0,0.64,532.9186,341.08
13547.0,0.014,162.4944,2.28
13548.0,0.537,348.5831,187.19
13549.0,0.867,284.3397,246.53
13550.0,0.2178,286.8498,62.48
13551.0,0.2089,244.0351,50.98
13552.0,0.9989,1002.6948,1001.59
13553.0,0.0812,295.5978,24.0
13554.0,0.0619,693.7844,42.94
13555.0,0.9944,1254.2983,1247.24
13556.0,0.0392,36.3175,1.42
13557.0,0.9072,1093.2236,991.81
13558.0,0.5821,831.5844,484.11
13559.0,0.283,575.7429,162.96
13560.0,0.2365,302.8952,71.64
13561.0,0.1917,225.2914,43.19
13562.0,0.959,893.4656,856.84
13563.0,0.4603,531.7624,244.76
13564.0,0.8295,1313.7367,1089.69
13565.0,0.371,87.6075,32.5
13566.0,0.7802,174.8729,136.44
13567.0,0.014,241.8687,3.38
13568.0,0.2404,195.891,47.09
13569.0,0.7628,368.4167,281.02
13570.0,0.1199,308.6026,37.0
13571.0,0.9981,790.0822,788.55
13572.0,0.0382,1524.8232,58.25
13573.0,0.6469,443.7152,287.05
13574.0,0.0534,292.3619,15.62
13575.0,0.9159,339.2162,310.67
13576.0,0.9969,2688.0881,2679.62
13577.0,0.9639,1093.2946,1053.87
13578.0,0.0419,355.1308,14.88
13579.0,0.4792,308.1366,147.65
13580.0,0.0263,179.0098,4.71
13581.0,0.4182,88.6305,37.07
13582.0,0.1269,228.6112,29.01
13583.0,0.5469,1462.2153,799.7
13584.0,0.2184,147.991,32.32
13585.0,0.0366,255.2472,9.33
13586.0,0.0198,671.7662,13.3
13587.0,0.2895,1149.0479,332.66
13588.0,0.9882,670.401,662.47
13589.0,0.7985,296.9913,237.13
13590.0,0.9981,1477.5105,1474.73
13591.0,0.8025,500.163,401.4
13592.0,0.7653,113.1616,86.6
13593.0,0.8095,626.4367,507.09
13594.0,0.2947,387.0775,114.06
13595.0,0.1344,252.6678,33.97
13596.0,0.947,221.1366,209.41
13597.0,0.1013,206.7496,20.94
13598.0,0.7102,357.1729,253.65
13599.0,0.9989,3140.285,3136.73
13600.0,0.0703,617.8182,43.42
13601.0,0.4719,332.7272,157.03
13602.0,0.6785,741.6219,503.17
13603.0,0.6269,552.0724,346.08
13604.0,0.0915,990.763,90.67
13605.0,0.3046,597.9472,182.14
13606.0,0.4584,131.5563,60.31
13607.0,0.2241,556.4253,124.71
13608.0,0.0429,410.2018,17.61
13609.0,0.0289,275.9848,7.98
13610.0,0.9512,484.1086,460.51
13611.0,0.9842,556.9582,548.17
13612.0,0.1144,795.977,91.02
13613.0,0.0721,343.8359,24.78
13614.0,0.7502,471.4366,353.66
13615.0,0.3588,1602.2979,574.91
13616.0,0.0266,154.6031,4.11
13617.0,0.3095,250.7114,77.59
13618.0,0.1561,137.7004,21.49
13619.0,0.0433,375.7396,16.25
13620.0,0.0315,339.9125,10.71
13621.0,0.4951,279.4389,138.35
13622.0,0.1146,1171.2585,134.28
13623.0,0.9859,396.8268,391.23
13624.0,0.6582,411.54,270.86
13625.0,0.2076,358.4907,74.42
13626.0,0.4704,434.9288,204.61
13627.0,0.9008,585.8142,527.72
13628.0,0.0775,325.3124,25.22
13629.0,0.9989,2317.3865,2314.79
13630.0,0.9744,530.5901,517.0
13631.0,0.9459,1127.9171,1066.88
13632.0,0.8981,348.2501,312.76
13634.0,0.9939,1225.131,1217.65
13635.0,0.8741,1248.3441,1091.23
13636.0,0.6541,354.5556,231.91
13637.0,0.7386,355.2434,262.4
13638.0,0.4405,147.3547,64.9
13639.0,0.6314,650.2604,410.55
13640.0,0.0239,797.6592,19.03
13641.0,0.053,138.4925,7.34
13642.0,0.5752,156.0098,89.73
13643.0,0.9722,514.6615,500.37
13644.0,0.8852,1325.0382,1172.96
13645.0,0.3139,406.5864,127.63
13646.0,0.1786,235.1224,41.98
13647.0,0.9614,1015.0026,975.85
13648.0,0.067,141.6744,9.49
13649.0,0.5408,405.1448,219.1
13650.0,0.9682,797.5662,772.19
13651.0,0.5214,66.7863,34.82
13652.0,0.6542,950.9753,622.11
13653.0,0.0309,305.0254,9.44
13654.0,0.9488,1285.8163,1220.0
13655.0,0.9223,798.4078,736.36
13656.0,0.265,442.4343,117.26
13657.0,0.3999,277.6897,111.04
13658.0,0.9804,2325.7356,2280.05
13659.0,0.4306,750.928,323.36
13660.0,0.5626,265.4892,149.36
13661.0,0.1586,431.8774,68.51
13662.0,0.9511,422.1084,401.45
13663.0,0.4031,480.4898,193.67
13665.0,0.2621,314.4758,82.43
13666.0,0.8152,12.6379,10.3
13667.0,0.1539,368.2709,56.68
13668.0,0.9992,3005.4158,3002.95
13669.0,0.4351,215.2992,93.68
13670.0,0.3439,623.8907,214.58
13671.0,0.0586,182.4551,10.69
13672.0,0.023,115.6507,2.67
13673.0,0.8678,188.047,163.2
13674.0,0.1627,405.0108,65.91
13675.0,0.5637,592.302,333.9
13676.0,0.0347,227.2271,7.89
13677.0,0.1942,368.6766,71.6
13678.0,0.4334,576.3094,249.79
13679.0,0.089,264.8461,23.56
13680.0,0.999,2150.7012,2148.56
13681.0,0.8903,238.6658,212.47
13682.0,0.0566,138.1628,7.82
13683.0,0.0287,471.0651,13.52
13684.0,0.0869,211.2868,18.36
13685.0,0.9719,1858.6868,1806.46
13686.0,0.4306,113.8263,49.01
13687.0,0.0526,4386.0933,230.81
13688.0,0.0151,763.437,11.54
13689.0,0.0887,1199.1849,106.41
13690.0,0.2007,381.8208,76.62
13691.0,0.0788,244.854,19.29
13692.0,0.8834,1229.7234,1086.37
13693.0,0.1422,326.2212,46.4
13694.0,0.9995,51160.37,51135.92
13695.0,0.9935,669.1213,664.78
13696.0,0.1017,897.5872,91.3
13697.0,0.4544,1171.82,532.45
13698.0,0.1897,508.2382,96.39
13699.0,0.1618,457.4188,74.03
13700.0,0.9877,649.5778,641.6
13701.0,0.0401,220.3987,8.84
13702.0,0.0192,197.7927,3.81
13703.0,0.2242,154.081,34.54
13704.0,0.9953,1989.2916,1979.99
13705.0,0.7537,531.4905,400.59
13706.0,0.1645,266.4683,43.83
13707.0,0.5244,977.325,512.49
13708.0,0.3678,430.768,158.45
13709.0,0.9992,2310.0046,2308.07
13710.0,0.5941,411.3504,244.39
13711.0,0.3335,277.7632,92.65
13712.0,0.4401,746.163,328.38
13713.0,0.1719,187.4566,32.22
13714.0,0.0604,146.3107,8.84
13715.0,0.1095,579.2832,63.43
13716.0,0.2509,318.5962,79.92
13717.0,0.9459,721.5568,682.49
13718.0,0.2129,360.2026,76.68
13719.0,0.9859,600.4397,591.99
13720.0,0.7117,381.5126,271.51
13721.0,0.6026,415.1433,250.16
13722.0,0.9707,1484.003,1440.45
13723.0,0.2205,306.6054,67.61
13724.0,0.2272,229.91,52.24
13725.0,0.9826,795.5062,781.68
13726.0,0.8483,1435.4463,1217.64
13727.0,0.8261,323.8966,267.57
13728.0,0.9206,626.6306,576.86
13729.0,0.1224,466.0942,57.06
13730.0,0.415,338.5337,140.5
13731.0,0.3026,369.4979,111.81
13732.0,0.7612,1366.1542,1039.94
13733.0,0.0863,495.9766,42.78
13734.0,0.0153,566.7994,8.67
13735.0,0.9881,2714.4773,2682.25
13736.0,0.9148,580.778,531.28
13737.0,0.0875,404.8207,35.43
13738.0,0.1556,311.9565,48.56
13739.0,0.5783,116.6925,67.48
13740.0,0.3849,88.8124,34.19
13741.0,0.548,442.6329,242.55
13742.0,0.9901,515.4248,510.31
13743.0,0.8625,727.9087,627.84
13744.0,0.6449,451.9053,291.41
13745.0,0.434,606.8206,263.34
13746.0,0.0119,256.1453,3.05
13747.0,0.1852,116.1794,21.52
13748.0,0.9803,1188.8403,1165.39
13750.0,0.9301,964.3299,896.95
13751.0,0.0267,351.9144,9.39
13752.0,0.8177,642.5268,525.39
13753.0,0.0915,755.832,69.15
13754.0,0.5369,350.423,188.16
13755.0,0.995,881.9255,877.53
13756.0,0.9981,2718.366,2713.22
13757.0,0.0503,324.454,16.31
13758.0,0.9946,1533.244,1524.9
13759.0,0.8896,627.6958,558.4
13760.0,0.4981,366.8842,182.76
13761.0,0.8099,348.2399,282.04
13762.0,0.5139,606.7806,311.82
13763.0,0.285,2473.6487,704.92
13764.0,0.7799,609.7796,475.56
13765.0,0.1268,517.7034,65.64
13766.0,0.0287,212.1045,6.09
13767.0,0.9962,18860.178,18787.83
13768.0,0.0427,622.2412,26.56
13769.0,0.9983,1911.5721,1908.33
13770.0,0.1235,247.8404,30.61
13771.0,0.9976,1436.0382,1432.65
13772.0,0.6549,458.2292,300.08
13773.0,0.0551,210.4397,11.59
13774.0,0.1477,748.0744,110.48
13775.0,0.0899,331.2847,29.79
13776.0,0.0085,280.1302,2.37
13777.0,0.9738,25300.8,24638.94
13778.0,0.7498,456.2762,342.1
13779.0,0.0145,180.8276,2.63
13780.0,0.4593,206.2132,94.71
13781.0,0.1729,236.0473,40.81
13782.0,0.9366,435.0932,407.51
13783.0,0.162,90.0439,14.59
13784.0,0.9907,1423.1713,1409.87
13785.0,0.1163,87.5515,10.18
13786.0,0.0382,1110.6958,42.42
13787.0,0.7953,359.3827,285.81
13788.0,0.0726,426.8796,31.01
13789.0,0.0182,387.6006,7.05
13790.0,0.9426,207.0813,195.19
13791.0,0.5323,963.4337,512.86
13792.0,0.5633,104.8343,59.05
13793.0,0.0172,241.064,4.15
13794.0,0.0638,341.54,21.8
13795.0,0.1046,253.0968,26.48
13796.0,0.0511,317.3052,16.21
13797.0,0.1066,540.8228,57.66
13798.0,0.9984,23327.904,23290.73
13799.0,0.991,1255.8651,1244.53
13800.0,0.1104,633.5222,69.96
13801.0,0.348,561.9342,195.58
13802.0,0.6069,1343.762,815.52
13803.0,0.8182,543.3662,444.56
13804.0,0.967,1073.9861,1038.54
13805.0,0.4098,696.8606,285.59
13806.0,0.5945,438.126,260.48
13807.0,0.0721,146.0604,10.53
13808.0,0.9503,1961.6704,1864.11
13809.0,0.3321,363.6736,120.78
13810.0,0.533,756.9751,403.47
13811.0,0.3941,645.6444,254.47
13812.0,0.7974,617.684,492.53
13813.0,0.8886,959.0284,852.21
13814.0,0.7979,583.5744,465.62
13815.0,0.986,1515.6797,1494.49
13816.0,0.8558,435.5908,372.79
13817.0,0.3077,231.0387,71.08
13818.0,0.022,136.4079,3.0
13819.0,0.2372,921.0334,218.49
13820.0,0.0636,486.4768,30.92
13821.0,0.7777,380.7901,296.13
13822.0,0.8877,709.3953,629.74
13823.0,0.847,475.2383,402.53
13824.0,0.9866,1147.676,1132.24
13825.0,0.0097,157.8544,1.53
13826.0,0.2887,242.3473,69.98
13827.0,0.9298,296.5612,275.76
13828.0,0.8911,809.7238,721.58
13829.0,0.4549,134.0282,60.97
13830.0,0.0342,267.6226,9.14
13831.0,0.9941,2263.3777,2249.91
13832.0,0.7251,482.4963,349.88
13833.0,0.2337,368.715,86.16
13834.0,0.0818,177.8591,14.55
13835.0,0.8565,324.5418,277.96
13836.0,0.3295,296.204,97.61
13837.0,0.301,196.5594,59.16
13838.0,0.9767,189.8775,185.45
13839.0,0.0415,356.7015,14.81
13840.0,0.1776,1022.8975,181.67
13841.0,0.0451,200.5793,9.05
13842.0,0.998,1285.4984,1282.9
13843.0,0.3302,285.7038,94.33
13844.0,0.3451,236.8772,81.74
13845.0,0.3901,424.3428,165.52
13846.0,0.8958,385.2515,345.1
13847.0,0.1452,347.9809,50.52
13848.0,0.924,560.197,517.63
13849.0,0.7953,855.0203,679.98
13850.0,0.1467,1178.9417,172.97
13851.0,0.81,1367.9292,1108.09
13852.0,0.1861,242.1468,45.06
13853.0,0.0836,1109.348,92.72
13854.0,0.9992,2026.3654,2024.74
13855.0,0.061,332.9228,20.31
13856.0,0.8511,554.8943,472.28
13857.0,0.1284,252.5673,32.43
13858.0,0.3196,427.233,136.55
13859.0,0.1005,259.3113,26.06
13860.0,0.9702,1424.749,1382.23
13861.0,0.0274,249.74,6.85
13862.0,0.9867,1325.0887,1307.47
13863.0,0.1265,616.468,78.01
13864.0,0.48,601.7978,288.83
13865.0,0.5109,183.5091,93.76
13866.0,0.3566,581.8726,207.5
13867.0,0.8551,702.6748,600.87
13868.0,0.5763,3032.332,1747.56
13869.0,0.975,1023.5143,997.98
13870.0,0.9955,1601.3074,1594.04
13871.0,0.9885,1937.586,1915.21
13872.0,0.0534,331.8118,17.72
13873.0,0.7607,289.0727,219.88
13874.0,0.0588,464.4721,27.29
13875.0,0.971,1640.3276,1592.7
13876.0,0.485,560.0027,271.62
13877.0,0.6102,240.4088,146.7
13878.0,0.7601,369.6218,280.96
13879.0,0.1019,678.4594,69.16
13880.0,0.9986,1227.6923,1225.94
13881.0,0.9984,22506.129,22469.57
13882.0,0.9481,896.4271,849.88
13883.0,0.9964,942.8223,939.43
13884.0,0.9565,738.1788,706.1
13885.0,0.4056,541.5721,219.66
13886.0,0.6227,588.6201,366.51
13887.0,0.2443,535.9456,130.94
13888.0,0.7169,464.4421,332.95
13889.0,0.6954,404.971,281.63
13890.0,0.9697,1590.5159,1542.35
13891.0,0.5489,240.4182,131.97
13892.0,0.9728,207.6113,201.96
13893.0,0.4774,724.9696,346.07
13894.0,0.8787,279.2067,245.33
13895.0,0.8793,980.2931,862.01
13896.0,0.0827,512.0832,42.34
13897.0,0.3268,859.7084,280.96
13898.0,0.4091,490.4846,200.63
13899.0,0.4067,247.0358,100.48
13900.0,0.5891,129.9065,76.52
13901.0,0.9975,1150.7413,1147.91
13902.0,0.0349,6159.9453,214.97
13903.0,0.0683,184.9023,12.63
13904.0,0.678,263.3529,178.56
13905.0,0.092,496.9992,45.71
13906.0,0.5964,277.8566,165.73
13907.0,0.1033,252.1316,26.04
13908.0,0.9179,866.0856,794.99
13909.0,0.0401,251.7437,10.09
13911.0,0.9991,1346.2388,1345.03
13912.0,0.0936,283.3159,26.51
13913.0,0.0347,242.5529,8.41
13914.0,0.5142,519.467,267.13
13915.0,0.2177,71.7338,15.62
13916.0,0.2726,156.5043,42.67
13917.0,0.5561,196.3105,109.17
13918.0,0.4947,706.6457,349.58
13919.0,0.3341,445.43,148.82
13920.0,0.1138,262.203,29.84
13921.0,0.1128,97.2084,10.96
13922.0,0.4224,356.5384,150.62
13923.0,0.3675,527.687,193.94
13924.0,0.9427,1511.5493,1424.9
13925.0,0.5624,385.8972,217.04
13926.0,0.965,456.3564,440.4
13927.0,0.4681,385.519,180.45
13928.0,0.9353,358.7174,335.5
13929.0,0.8844,1113.2628,984.6
13930.0,0.7097,304.1917,215.89
13931.0,0.9732,1380.1047,1343.18
13932.0,0.0298,290.0129,8.65
13933.0,0.299,250.2354,74.83
13934.0,0.1539,733.7514,112.95
13935.0,0.0407,1044.161,42.48
13936.0,0.5591,580.7624,324.69
13937.0,0.2422,735.5986,178.15
13938.0,0.2065,191.262,39.49
13939.0,0.9653,311.279,300.47
13940.0,0.7129,372.8392,265.8
13941.0,0.9882,1971.677,1948.35
13942.0,0.0969,370.9237,35.95
13943.0,0.1921,328.3747,63.07
13944.0,0.4279,192.8939,82.54
13945.0,0.6823,327.1015,223.17
13946.0,0.7926,184.0554,145.88
13947.0,0.5771,260.5962,150.38
13948.0,0.0858,172.3005,14.78
13949.0,0.9677,1378.8553,1334.37
13950.0,0.5953,379.7758,226.07
13951.0,0.6022,416.8735,251.04
13952.0,0.3525,923.6328,325.57
13953.0,0.9871,2772.314,2736.6
13954.0,0.892,457.9762,408.52
13955.0,0.5034,314.3145,158.24
13956.0,0.8704,302.8978,263.64
13957.0,0.0143,152.988,2.18
13958.0,0.0143,553.1156,7.91
13959.0,0.6957,481.0014,334.61
13960.0,0.9355,144.4572,135.14
13961.0,0.4941,488.1338,241.19
13962.0,0.5662,108.837,61.62
13963.0,0.0676,213.8132,14.46
13964.0,0.0461,317.4271,14.64
13965.0,0.2072,518.198,107.39
13966.0,0.1262,200.2574,25.26
13967.0,0.6482,141.6451,91.82
13968.0,0.1638,200.1496,32.78
13969.0,0.9995,3390.4673,3388.78
13970.0,0.2299,369.141,84.86
13971.0,0.9953,1274.652,1268.63
13972.0,0.3199,430.5496,137.72
13973.0,0.1586,465.4234,73.8
13974.0,0.5751,410.6008,236.15
13975.0,0.9991,1361.4218,1360.22
13976.0,0.2205,552.057,121.72
13977.0,0.3321,467.9578,155.4
13978.0,0.7764,600.809,466.44
13979.0,0.5094,517.4866,263.59
13980.0,0.532,121.9353,64.87
13981.0,0.0243,648.2787,15.74
13982.0,0.9868,1971.5698,1945.61
13983.0,0.9989,1935.4064,1933.31
13984.0,0.9886,342.4638,338.57
13985.0,0.9963,2496.8232,2487.47
13986.0,0.7305,457.4868,334.19
13987.0,0.4782,301.6739,144.25
13988.0,0.9739,922.1526,898.09
13989.0,0.8227,480.241,395.11
13990.0,0.3807,421.3376,160.38
13991.0,0.8465,435.2482,368.44
13992.0,0.6026,79.8109,48.09
13993.0,0.9956,2655.771,2644.12
13994.0,0.9231,927.1052,855.82
13995.0,0.9189,1050.1426,964.93
13996.0,0.2726,593.8496,161.87
13997.0,0.0883,199.7255,17.63
13998.0,0.1123,263.0849,29.54
13999.0,0.9973,1931.1176,1925.92
14000.0,0.4958,769.5575,381.53
14001.0,0.9784,1780.8354,1742.44
14002.0,0.6828,546.0526,372.85
14003.0,0.1211,220.6457,26.73
14004.0,0.9771,1455.8896,1422.59
14005.0,0.9635,701.8104,676.21
14006.0,0.9478,518.0006,490.99
14007.0,0.0161,204.5185,3.3
14008.0,0.4536,549.6695,249.36
14009.0,0.6022,329.3447,198.34
14010.0,0.1229,531.1473,65.26
14011.0,0.1247,564.4998,70.4
14012.0,0.1962,316.9039,62.18
14013.0,0.7186,353.4199,253.98
14014.0,0.8531,626.061,534.08
14015.0,0.1025,473.642,48.57
14016.0,0.947,1368.8094,1296.3
14017.0,0.2972,513.0843,152.47
14018.0,0.037,698.062,25.86
14019.0,0.734,864.2637,634.39
14020.0,0.2687,683.781,183.72
14021.0,0.843,231.1246,194.83
14022.0,0.4408,805.726,355.14
14023.0,0.4565,469.9226,214.51
14024.0,0.4925,279.0708,137.45
14025.0,0.0543,681.3826,37.02
14026.0,0.0603,423.9492,25.58
14027.0,0.1093,219.4643,23.98
14028.0,0.041,1148.6558,47.07
14029.0,0.6912,577.3526,399.05
14030.0,0.9996,1641.3226,1640.69
14031.0,0.9989,16681.15,16662.38
14032.0,0.9926,2079.7107,2064.26
14033.0,0.482,313.0133,150.88
14034.0,0.9507,241.2644,229.38
14035.0,0.9014,763.1637,687.89
14036.0,0.317,632.6967,200.57
14037.0,0.2906,160.856,46.74
14038.0,0.8899,684.2418,608.93
14039.0,0.1005,326.8811,32.86
14040.0,0.9974,2587.2986,2580.64
14041.0,0.1809,284.4694,51.47
14042.0,0.0692,740.9498,51.25
14043.0,0.0356,311.4181,11.07
14044.0,0.9953,641.542,638.51
14045.0,0.9914,1825.5789,1809.86
14046.0,0.0777,230.2876,17.89
14047.0,0.9874,1666.8888,1645.88
14048.0,0.1689,203.0961,34.31
14049.0,0.9988,2900.6848,2897.23
14050.0,0.8911,801.2676,714.05
14051.0,0.9971,4163.0156,4150.99
14052.0,0.7958,546.1514,434.61
14053.0,0.3651,338.823,123.71
14054.0,0.1666,259.0346,43.17
14055.0,0.2442,1286.2317,314.1
14056.0,0.999,1981.916,1980.03
14057.0,0.9986,2516.3145,2512.8
14058.0,0.0914,465.6361,42.55
14059.0,0.3385,192.5669,65.19
14060.0,0.9981,4632.6274,4624.01
14061.0,0.0315,558.253,17.57
14062.0,0.9965,9177.197,9145.22
14063.0,0.0345,1402.3959,48.39
14064.0,0.9284,1494.5122,1387.53
14065.0,0.3068,381.5819,117.07
14066.0,0.2581,343.091,88.54
14067.0,0.6493,403.388,261.94
14068.0,0.6182,449.0131,277.6
14069.0,0.0195,210.2537,4.1
14070.0,0.22,262.0342,57.64
14071.0,0.9462,736.6707,697.04
14072.0,0.028,843.4771,23.61
14073.0,0.7735,1036.4672,801.74
14074.0,0.1176,221.1213,26.01
14075.0,0.9298,653.9004,608.01
14076.0,0.3192,180.7008,57.68
14077.0,0.7378,319.131,235.46
14078.0,0.9143,224.8927,205.61
14079.0,0.7681,810.309,622.38
14080.0,0.9252,441.3208,408.33
14081.0,0.7625,532.994,406.4
14082.0,0.1113,343.7782,38.25
14083.0,0.8711,229.6247,200.03
14084.0,0.067,280.3164,18.77
14085.0,0.9994,2986.9539,2985.25
14086.0,0.2046,76.136,15.57
14087.0,0.3906,304.8396,119.06
14088.0,0.9989,37894.594,37854.26
14089.0,0.2612,558.1378,145.8
14090.0,0.0038,143.0937,0.54
14091.0,0.1237,2410.4373,298.13
14092.0,0.9991,2238.2136,2236.19
14093.0,0.9329,748.0501,697.85
14094.0,0.286,194.1619,55.52
14095.0,0.0771,390.3826,30.1
14096.0,0.9995,38411.785,38392.33
14097.0,0.4211,332.355,139.95
14098.0,0.6128,586.6531,359.51
14099.0,0.9993,1984.0994,1982.8
14100.0,0.559,283.9163,158.71
14101.0,0.9557,2039.4517,1949.09
14102.0,0.9472,1284.114,1216.29
14104.0,0.4622,178.9423,82.71
14105.0,0.9107,1027.054,935.32
14106.0,0.0605,308.7872,18.69
14107.0,0.9818,1740.7408,1709.08
14108.0,0.8114,2272.4397,1843.76
14109.0,0.248,482.452,119.63
14110.0,0.9979,3241.5427,3234.6
14111.0,0.281,478.5248,134.46
14112.0,0.9961,1276.5397,1271.59
14113.0,0.9975,1898.6594,1893.85
14114.0,0.2949,423.6562,124.93
14115.0,0.2428,641.9447,155.87
14116.0,0.9861,1086.5591,1071.44
14117.0,0.2519,300.3036,75.65
14118.0,0.1686,387.2787,65.31
14119.0,0.0071,123.1686,0.87
14121.0,0.9763,1660.746,1621.41
14122.0,0.0177,233.1882,4.12
14123.0,0.0939,626.4684,58.84
14124.0,0.1683,598.6674,100.76
14125.0,0.9799,1761.6635,1726.19
14126.0,0.4798,794.6233,381.25
14127.0,0.5423,419.3305,227.41
14128.0,0.117,760.3667,88.92
14129.0,0.9399,1394.5482,1310.67
14130.0,0.1885,1065.5767,200.84
14131.0,0.1585,148.407,23.52
14132.0,0.9802,2329.0132,2282.81
14133.0,0.2591,598.5498,155.07
14134.0,0.0591,799.8142,47.29
14135.0,0.9943,3546.2915,3526.06
14136.0,0.1651,59.0522,9.75
14137.0,0.1204,462.1522,55.62
14138.0,0.8939,1551.5527,1386.95
14139.0,0.6476,434.643,281.48
14140.0,0.9864,1840.5063,1815.47
14141.0,0.9126,519.4898,474.11
14142.0,0.1987,1190.7437,236.64
14143.0,0.1617,181.4196,29.33
14144.0,0.1063,427.6078,45.47
14145.0,0.9559,4148.657,3965.82
14146.0,0.9968,3114.7664,3104.66
14147.0,0.9811,1264.131,1240.2
14148.0,0.321,243.1906,78.06
14149.0,0.4285,388.277,166.39
14150.0,0.5805,709.7932,412.03
14151.0,0.0432,327.6528,14.16
14152.0,0.9202,628.2158,578.09
14153.0,0.0519,447.6608,23.24
14154.0,0.8548,1326.1724,1133.58
14155.0,0.2837,334.5038,94.9
14156.0,0.9994,70293.05,70253.47
14157.0,0.8031,382.3599,307.06
14158.0,0.8417,1223.5803,1029.9
14159.0,0.9996,2489.9663,2488.87
14160.0,0.1213,907.5146,110.09
14161.0,0.5671,775.4108,439.71
14162.0,0.4636,280.6028,130.09
14163.0,0.8793,667.2147,586.71
14164.0,0.857,1497.7698,1283.6
14165.0,0.093,358.8087,33.37
14166.0,0.0247,349.3422,8.62
14167.0,0.8673,240.2251,208.34
14168.0,0.0102,180.5282,1.84
14169.0,0.0507,294.9821,14.97
14170.0,0.0967,294.3498,28.45
14171.0,0.1638,235.689,38.6
14172.0,0.0258,229.0288,5.91
14173.0,0.9444,109.7062,103.61
14174.0,0.0752,346.5133,26.05
14175.0,0.9803,1610.4015,1578.69
14176.0,0.2459,190.0268,46.72
14177.0,0.8939,274.608,245.47
14178.0,0.9832,665.394,654.24
14179.0,0.9511,504.7514,480.05
14180.0,0.8804,1626.2032,1431.72
14181.0,0.015,260.9884,3.92
14182.0,0.1526,190.1398,29.01
14183.0,0.0217,202.4284,4.4
14184.0,0.3019,1013.9533,306.08
14185.0,0.1355,174.6073,23.66
14186.0,0.0728,123.2027,8.97
14187.0,0.0334,547.159,18.3
14188.0,0.9549,663.5865,633.67
14189.0,0.9955,2297.383,2286.96
14190.0,0.0295,133.7073,3.94
14191.0,0.9942,1634.2437,1624.73
14192.0,0.1978,355.0398,70.22
14193.0,0.4169,609.4687,254.1
14194.0,0.9988,3121.5903,3117.95
14195.0,0.1387,1127.6017,156.42
14196.0,0.3772,413.3642,155.93
14197.0,0.0271,487.9734,13.22
14198.0,0.9582,178.5398,171.07
14199.0,0.4302,143.7903,61.85
14200.0,0.0611,668.2479,40.85
14201.0,0.9693,288.438,279.58
14202.0,0.1485,489.4742,72.68
14203.0,0.0454,331.5672,15.05
14204.0,0.8988,334.3656,300.54
14205.0,0.9835,893.9324,879.21
14206.0,0.2411,887.2983,213.95
14207.0,0.0469,206.0629,9.67
14208.0,0.2056,588.3323,120.94
14209.0,0.9517,1393.1409,1325.8
14210.0,0.8645,1599.8427,1382.99
14211.0,0.9897,1904.124,1884.49
14212.0,0.0739,1388.9603,102.58
14213.0,0.0164,597.696,9.8
14214.0,0.7788,484.7088,377.48
14215.0,0.9875,665.388,657.04
14216.0,0.8315,677.6182,563.47
14217.0,0.9751,1063.4829,1037.04
14218.0,0.2557,505.0826,129.14
14219.0,0.7378,753.7296,556.13
14220.0,0.394,639.6397,252.0
14221.0,0.9969,1740.4897,1735.14
14222.0,0.6631,552.5335,366.37
14223.0,0.3578,322.6285,115.43
14224.0,0.9131,342.9022,313.12
14225.0,0.0486,165.3205,8.03
14226.0,0.9342,898.7516,839.58
14227.0,0.9939,2066.672,2054.07
14228.0,0.0987,260.7096,25.72
14229.0,0.9626,696.8284,670.74
14230.0,0.2685,505.0866,135.6
14231.0,0.502,406.8771,204.26
14232.0,0.9305,1082.9434,1007.69
14233.0,0.8982,1217.522,1093.62
14234.0,0.9939,611.0073,607.3
14235.0,0.9927,1671.5822,1659.32
14236.0,0.7578,389.5124,295.15
14237.0,0.2199,287.8078,63.3
14238.0,0.0387,142.065,5.5
14239.0,0.9983,1513.8453,1511.2
14240.0,0.6854,1047.283,717.86
14241.0,0.15,145.9833,21.9
14242.0,0.3934,180.1959,70.89
14243.0,0.9385,3446.024,3234.18
14244.0,0.0363,548.8566,19.92
14245.0,0.4047,1184.7844,479.44
14246.0,0.911,1443.7892,1315.26
14247.0,0.1011,225.3184,22.77
14248.0,0.3212,558.4168,179.39
14249.0,0.0049,318.3289,1.57
14250.0,0.9646,1997.8008,1927.0
14251.0,0.9602,2541.0203,2439.93
14252.0,0.0508,411.1701,20.88
14253.0,0.0251,180.8366,4.54
14254.0,0.2294,843.6816,193.55
14255.0,0.0241,999.9413,24.05
14256.0,0.9006,454.206,409.06
14257.0,0.9972,1328.8,1325.1
14258.0,0.9975,11884.164,11854.28
14259.0,0.1788,282.8349,50.57
14260.0,0.0471,726.3262,34.19
14261.0,0.6436,1143.2479,735.76
14262.0,0.965,1377.2087,1329.0
14263.0,0.1164,436.1284,50.77
14264.0,0.6415,344.6048,221.06
14265.0,0.6718,367.6013,246.96
14266.0,0.4584,107.4543,49.26
14267.0,0.434,1050.0654,455.75
14268.0,0.0894,308.8956,27.62
14269.0,0.1101,229.012,25.21
14270.0,0.5784,317.7105,183.78
14271.0,0.506,150.5772,76.19
14272.0,0.5377,284.6915,153.08
14273.0,0.4652,382.8312,178.09
14274.0,0.1019,369.4958,37.65
14275.0,0.324,252.0701,81.68
14276.0,0.8662,641.1864,555.42
14277.0,0.991,6338.2915,6281.38
14278.0,0.0164,417.5411,6.84
14279.0,0.0193,88.065,1.7
14280.0,0.5299,246.4866,130.61
14281.0,0.0888,480.5468,42.68
14282.0,0.9985,2706.2546,2702.32
14283.0,0.0211,193.9364,4.1
14284.0,0.5155,2307.478,1189.54
14285.0,0.8701,808.3457,703.33
14286.0,0.9166,2183.0928,2000.93
14287.0,0.2231,287.8055,64.21
14288.0,0.2875,205.9811,59.22
14289.0,0.6237,267.7803,167.02
14290.0,0.8605,910.6965,783.68
14291.0,0.9989,2435.535,2432.75
14292.0,0.9964,1798.0864,1791.66
14293.0,0.9629,1227.9365,1182.42
14294.0,0.0286,326.5322,9.34
14295.0,0.3919,590.7068,231.52
14296.0,0.2069,538.9668,111.52
14297.0,0.8532,380.8631,324.96
14298.0,0.9992,36677.492,36649.1
14299.0,0.9964,5370.8687,5351.74
14300.0,0.6309,2674.7102,1687.42
14301.0,0.2227,833.6876,185.65
14302.0,0.1286,320.4883,41.2
14303.0,0.087,130.4874,11.35
14304.0,0.1969,386.4119,76.09
14305.0,0.8925,914.6389,816.33
14306.0,0.6519,1483.436,967.1
14307.0,0.9871,1476.9459,1457.95
14308.0,0.0094,810.6146,7.65
14309.0,0.8599,826.8994,711.08
14310.0,0.3719,698.6328,259.82
14311.0,0.1032,308.6113,31.85
14312.0,0.8692,1479.0835,1285.64
14314.0,0.1984,179.4392,35.61
14315.0,0.8168,973.0495,794.75
14316.0,0.1123,54.3837,6.11
14317.0,0.5265,787.402,414.55
14318.0,0.0545,238.5798,12.99
14319.0,0.3448,584.839,201.66
14320.0,0.605,346.1832,209.45
14321.0,0.956,440.734,421.36
14322.0,0.0211,113.6832,2.39
14323.0,0.7147,498.4813,356.24
14324.0,0.0395,336.3821,13.28
14325.0,0.1189,403.563,47.98
14326.0,0.3088,327.7572,101.2
14327.0,0.3623,638.2384,231.22
14328.0,0.0433,349.9498,15.17
14329.0,0.9949,2919.9365,2904.92
14330.0,0.0637,191.3267,12.18
14331.0,0.2843,410.7749,116.77
14332.0,0.9477,696.091,659.72
14333.0,0.2686,887.3868,238.33
14334.0,0.9637,1288.7384,1241.95
14335.0,0.791,857.1541,678.0
14336.0,0.9302,685.8248,637.92
14338.0,0.3644,309.6008,112.83
14339.0,0.5742,490.6126,281.69
14340.0,0.1018,275.7508,28.08
14341.0,0.9963,1520.1348,1514.55
14342.0,0.902,573.9485,517.7
14343.0,0.2007,258.1453,51.82
14344.0,0.5024,256.8317,129.03
14345.0,0.3194,644.382,205.85
14346.0,0.8831,740.1284,653.61
14347.0,0.0201,223.8165,4.5
14348.0,0.3294,303.4376,99.94
14349.0,0.0945,158.0309,14.94
14350.0,0.5098,600.8976,306.36
14351.0,0.0301,206.3206,6.21
14352.0,0.5746,584.7456,335.98
14353.0,0.6601,142.1224,93.81
14354.0,0.6392,1040.5109,665.12
14355.0,0.2859,699.411,199.95
14356.0,0.5055,812.5252,410.72
14357.0,0.7934,810.3995,643.0
14358.0,0.2169,202.7633,43.97
14359.0,0.9564,589.8619,564.12
14360.0,0.9091,1401.7402,1274.3
14361.0,0.1351,229.8261,31.05
14362.0,0.9644,616.9717,594.98
14363.0,0.1782,159.1784,28.37
14364.0,0.9564,974.155,931.64
14365.0,0.4345,439.7482,191.05
14366.0,0.1785,388.4498,69.33
14367.0,0.9979,5908.3823,5896.02
14368.0,0.0511,249.0948,12.73
14369.0,0.1406,459.9967,64.68
14370.0,0.0621,382.0657,23.74
14371.0,0.5031,109.8968,55.29
14372.0,0.0413,823.378,34.0
14373.0,0.2857,131.1781,37.47
14374.0,0.0086,319.6746,2.73
14375.0,0.6437,461.5601,297.12
14376.0,0.054,378.2712,20.43
14377.0,0.3796,218.3462,82.88
14378.0,0.0383,463.426,17.75
14379.0,0.3116,244.1398,76.07
14380.0,0.0984,244.6644,24.07
14381.0,0.5085,192.2675,97.76
14382.0,0.9028,886.1224,799.96
14383.0,0.8494,592.763,503.51
14384.0,0.009,124.3898,1.11
14385.0,0.7269,148.9317,108.26
14386.0,0.1568,326.8546,51.24
14387.0,0.9785,983.7961,962.69
14388.0,0.9967,1806.889,1800.88
14389.0,0.6283,515.0608,323.63
14390.0,0.9943,2522.3845,2507.94
14391.0,0.1481,253.9798,37.6
14392.0,0.0988,403.9531,39.9
14393.0,0.066,196.5738,12.97
14394.0,0.0128,223.8165,2.87
14395.0,0.9993,3756.9949,3754.5
14396.0,0.8542,327.9311,280.13
14397.0,0.9568,1486.2905,1422.03
14398.0,0.0862,231.6823,19.96
14399.0,0.0262,121.6511,3.19
14400.0,0.2339,817.5284,191.21
14401.0,0.9991,3210.1387,3207.24
14402.0,0.0615,426.0805,26.21
14403.0,0.7554,850.6492,642.6
14404.0,0.9709,1528.6215,1484.08
14405.0,0.1499,132.1711,19.81
14406.0,0.1651,333.956,55.14
14407.0,0.8876,856.4076,760.17
14408.0,0.9152,861.3936,788.32
14409.0,0.9896,1273.9235,1260.74
14410.0,0.9786,1019.3357,997.49
14411.0,0.028,586.2744,16.4
14412.0,0.6562,502.904,329.99
14413.0,0.1285,236.5513,30.4
14414.0,0.8589,962.7841,826.98
14415.0,0.9992,2105.4282,2103.66
14416.0,0.957,650.2324,622.25
14417.0,0.1381,425.1177,58.71
14418.0,0.9731,1461.6566,1422.32
14419.0,0.7469,372.0026,277.86
14420.0,0.6043,171.7979,103.82
14421.0,0.7607,731.3001,556.29
14422.0,0.9991,2655.7937,2653.3
14423.0,0.3778,916.8285,346.36
14424.0,0.1986,201.7042,40.05
14425.0,0.1185,794.717,94.18
14426.0,0.998,3648.1255,3640.94
14427.0,0.3255,623.7828,203.03
14428.0,0.8743,333.8391,291.88
14429.0,0.2282,521.9165,119.1
14430.0,0.104,954.1281,99.22
14431.0,0.6927,1254.8102,869.14
14432.0,0.9895,1503.9429,1488.2
14433.0,0.2766,226.2154,62.57
14434.0,0.7682,1535.5897,1179.61
14435.0,0.016,239.522,3.83
14436.0,0.6952,404.4659,281.18
14437.0,0.2369,521.802,123.62
14438.0,0.0428,271.8932,11.63
14439.0,0.3618,2254.2517,815.49
14440.0,0.9837,1434.2769,1410.84
14441.0,0.8871,1688.1724,1497.51
14442.0,0.9352,1473.5938,1378.07
14443.0,0.8758,816.9712,715.53
14444.0,0.0697,214.7496,14.96
14445.0,0.0391,275.8046,10.77
14446.0,0.8948,527.686,472.2
14447.0,0.9597,561.7952,539.16
14448.0,0.3961,185.2261,73.36
14449.0,0.9848,1315.374,1295.32
14450.0,0.6294,220.6176,138.85
14451.0,0.9725,568.5797,552.95
14452.0,0.6737,121.7049,81.99
14453.0,0.1338,410.072,54.85
14454.0,0.3807,446.3574,169.93
14455.0,0.0478,157.7496,7.54
14456.0,0.9986,1013.7433,1012.34
14457.0,0.1553,155.4802,24.15
14458.0,0.0395,333.401,13.18
14459.0,0.1574,2580.021,406.08
14460.0,0.9921,240.5008,238.6
14461.0,0.9385,1240.2257,1164.0
14462.0,0.9839,503.4606,495.36
14463.0,0.4532,251.3659,113.91
14464.0,0.0042,89.3258,0.37
14465.0,0.0706,782.6036,55.22
14466.0,0.9963,1454.6904,1449.24
14467.0,0.9712,373.1531,362.39
14468.0,0.0902,252.8562,22.81
14469.0,0.108,139.0396,15.01
14470.0,0.3606,361.1532,130.24
14471.0,0.0552,240.7591,13.28
14472.0,0.9962,366.3653,364.97
14473.0,0.4917,141.2967,69.48
14474.0,0.4282,1297.5691,555.66
14475.0,0.5479,419.0524,229.61
14476.0,0.3643,309.2734,112.67
14477.0,0.9696,638.451,619.02
14478.0,0.1471,284.4977,41.86
14479.0,0.4152,362.5393,150.54
14480.0,0.3685,295.0081,108.7
14481.0,0.4842,1022.8809,495.29
14482.0,0.9545,1804.092,1721.98
14483.0,0.024,199.6629,4.8
14484.0,0.6716,591.0396,396.96
14485.0,0.3957,590.7838,233.8
14486.0,0.0197,164.9777,3.25
14487.0,0.9706,479.5641,465.47
14488.0,0.2945,703.1858,207.06
14489.0,0.3404,404.5216,137.7
14490.0,0.3268,235.3659,76.91
14491.0,0.2935,296.349,86.98
14492.0,0.0585,109.2753,6.39
14493.0,0.9967,1771.54,1765.67
14494.0,0.271,180.6612,48.96
14495.0,0.5021,123.0923,61.81
14496.0,0.228,803.6296,183.21
14497.0,0.2322,537.1714,124.72
14498.0,0.9766,1119.4224,1093.18
14499.0,0.8776,714.0766,626.66
14500.0,0.4558,234.6087,106.93
14501.0,0.1386,144.2395,19.99
14502.0,0.9979,1094.9128,1092.58
14503.0,0.9643,1051.7206,1014.14
14504.0,0.8375,312.3071,261.54
14505.0,0.9994,2710.182,2708.63
14506.0,0.6017,611.444,367.92
14507.0,0.9652,762.9739,736.4
14508.0,0.8582,187.3353,160.77
14509.0,0.0418,619.3297,25.92
14510.0,0.3479,486.5512,169.29
14511.0,0.9571,1062.2329,1016.7
14512.0,0.3649,261.3069,95.34
14513.0,0.9201,236.3473,217.46
14514.0,0.9599,1022.6461,981.59
14515.0,0.9699,1208.721,1172.34
14516.0,0.1733,289.0334,50.08
14517.0,0.5747,524.1466,301.21
14518.0,0.2556,430.0178,109.9
14519.0,0.0299,147.186,4.4
14520.0,0.6479,136.7496,88.6
14521.0,0.0224,337.7076,7.57
14522.0,0.9582,721.7974,691.64
14523.0,0.5438,527.236,286.69
14524.0,0.9841,1105.305,1087.75
14525.0,0.9968,2675.254,2666.83
14526.0,0.0523,430.4678,22.52
14527.0,0.9996,6608.276,6605.72
14528.0,0.4248,856.916,364.04
14529.0,0.9936,334.4912,332.34
14530.0,0.996,2410.996,2401.41
14531.0,0.0487,254.7909,12.4
14532.0,0.089,221.9073,19.74
14533.0,0.9808,868.0907,851.43
14534.0,0.9993,2120.042,2118.48
14535.0,0.9985,1189.3534,1187.54
14536.0,0.0265,187.7549,4.98
14537.0,0.2522,574.7048,144.93
14538.0,0.4492,224.2694,100.74
14539.0,0.9061,573.3303,519.47
14540.0,0.8348,377.1027,314.82
14541.0,0.9619,779.7198,750.02
14542.0,0.1095,171.3963,18.77
14543.0,0.9985,2484.307,2480.57
14544.0,0.6597,1173.1265,773.9
14545.0,0.054,580.0708,31.34
14546.0,0.9946,1542.6914,1534.41
14547.0,0.9971,3866.7473,3855.71
14548.0,0.9596,418.7008,401.79
14549.0,0.138,472.8734,65.25
14550.0,0.5999,556.2068,333.69
14551.0,0.8678,223.9942,194.37
14552.0,0.0969,170.8399,16.55
14553.0,0.9801,316.525,310.24
14554.0,0.9739,2809.8728,2736.47
14555.0,0.6816,667.2658,454.82
14556.0,0.1191,206.3436,24.58
14557.0,0.49,294.6056,144.35
14558.0,0.0291,190.2761,5.53
14559.0,0.0705,80.6204,5.68
14560.0,0.9901,1720.2552,1703.15
14561.0,0.7558,469.4524,354.83
14562.0,0.9989,1719.6224,1717.79
14563.0,0.0932,342.275,31.91
14564.0,0.1102,689.529,76.01
14565.0,0.7557,1689.9937,1277.14
14566.0,0.5657,783.9996,443.54
14567.0,0.4928,1739.7526,857.36
14568.0,0.0679,518.6838,35.23
14569.0,0.9134,147.6515,134.87
14570.0,0.0696,381.9243,26.57
14571.0,0.0113,195.6099,2.2
14572.0,0.9961,1597.9476,1591.79
14573.0,0.9588,320.701,307.48
14574.0,0.0714,333.2991,23.81
14575.0,0.1106,225.2142,24.92
14576.0,0.2001,114.1968,22.85
14577.0,0.5062,287.7311,145.64
14578.0,0.2354,595.6469,140.2
14579.0,0.117,338.6395,39.61
14580.0,0.1809,452.7055,81.9
14581.0,0.4861,389.4742,189.34
14582.0,0.1623,587.3496,95.32
14583.0,0.9796,322.208,315.64
14584.0,0.6867,414.1426,284.4
14585.0,0.6316,449.7491,284.08
14586.0,0.0404,336.8011,13.61
14587.0,0.9865,332.9564,328.47
14588.0,0.0639,340.4848,21.76
14589.0,0.283,140.2874,39.7
14590.0,0.0065,125.2768,0.82
14591.0,0.9105,644.5187,586.86
14592.0,0.986,462.179,455.71
14593.0,0.9968,556.0987,554.31
14594.0,0.2345,578.94,135.75
14595.0,0.9275,782.9806,726.19
14596.0,0.0957,425.8893,40.77
14597.0,0.8666,605.1855,524.47
14598.0,0.5832,370.0824,215.84
14599.0,0.6145,258.898,159.1
14600.0,0.3588,206.8725,74.23
14601.0,0.4771,226.6408,108.12
14602.0,0.1265,309.1472,39.11
14603.0,0.2499,810.2347,202.5
14604.0,0.1346,315.5646,42.47
14605.0,0.2999,460.5804,138.14
14606.0,0.999,12572.795,12559.9
14607.0,0.9992,9246.695,9239.19
14608.0,0.9519,1190.4397,1133.2
14609.0,0.9893,257.1982,254.44
14610.0,0.1534,204.8629,31.42
14611.0,0.0641,577.5018,36.99
14612.0,0.0619,808.6328,50.02
14613.0,0.0231,141.0264,3.26
14614.0,0.1622,306.6547,49.73
14615.0,0.1438,305.5763,43.95
14616.0,0.3741,105.2508,39.37
14617.0,0.0281,55.4873,1.56
14618.0,0.8129,466.4588,379.16
14619.0,0.2488,773.0162,192.36
14620.0,0.2319,326.7052,75.78
14621.0,0.9852,1245.0255,1226.59
14622.0,0.4777,358.1039,171.08
14623.0,0.9829,379.6115,373.12
14624.0,0.7146,166.9966,119.34
14625.0,0.6392,677.087,432.79
14626.0,0.9854,1488.4219,1466.7
14627.0,0.5232,345.5294,180.78
14628.0,0.6,417.1372,250.3
14629.0,0.9583,824.4676,790.11
14630.0,0.0233,425.4736,9.89
14631.0,0.8829,562.3007,496.46
14632.0,0.3617,191.2851,69.2
14633.0,0.2171,531.8463,115.48
14634.0,0.1348,251.9946,33.98
14635.0,0.0349,348.0154,12.16
14636.0,0.6454,358.7002,231.51
14637.0,0.0902,141.219,12.73
14638.0,0.7304,1547.9094,1130.57
14639.0,0.9575,968.0402,926.94
14640.0,0.9909,585.403,580.08
14641.0,0.2812,536.8302,150.95
14642.0,0.555,166.9027,92.63
14643.0,0.5812,282.7365,164.33
14644.0,0.6283,353.0926,221.84
14645.0,0.2549,598.453,152.53
14646.0,0.9995,156739.67,156664.75
14647.0,0.2282,289.1972,66.0
14648.0,0.0204,578.8116,11.79
14649.0,0.9907,897.4098,889.08
14650.0,0.0122,113.3085,1.38
14651.0,0.9908,556.0124,550.92
14652.0,0.2609,210.2892,54.86
14653.0,0.9866,896.0083,884.0
14654.0,0.0183,379.3178,6.93
14655.0,0.8385,804.3854,674.47
14656.0,0.5533,218.2094,120.74
14657.0,0.9206,335.543,308.9
14658.0,0.6688,245.4285,164.14
14659.0,0.9753,525.2853,512.33
14660.0,0.6228,224.416,139.77
14661.0,0.6009,593.6885,356.78
14662.0,0.9788,230.2282,225.36
14663.0,0.1357,324.1363,43.97
14664.0,0.9563,285.3759,272.9
14665.0,0.9426,957.1717,902.25
14666.0,0.9259,1328.3276,1229.96
14667.0,0.9987,4887.852,4881.35
14668.0,0.005,272.3131,1.35
14669.0,0.0727,828.823,60.24
14670.0,0.1953,218.9008,42.75
14671.0,0.0355,711.9272,25.3
14672.0,0.3892,339.4568,132.12
14673.0,0.9168,1299.265,1191.21
14674.0,0.035,223.1873,7.82
14675.0,0.336,795.0904,267.12
14676.0,0.9927,2927.3306,2905.97
14677.0,0.3203,139.5607,44.7
14678.0,0.0845,636.1824,53.76
14679.0,0.1477,763.958,112.87
14680.0,0.9736,24359.018,23716.01
14681.0,0.7976,572.642,456.72
14682.0,0.4916,120.5694,59.28
14683.0,0.3895,245.0218,95.44
14684.0,0.9641,472.825,455.86
14685.0,0.0824,559.1094,46.07
14686.0,0.0319,385.9455,12.31
14687.0,0.2097,743.3811,155.85
14688.0,0.9905,4429.729,4387.51
14689.0,0.076,710.2302,53.96
14690.0,0.7619,327.1272,249.23
14691.0,0.9213,769.524,708.95
14692.0,0.7101,294.6014,209.19
14693.0,0.1649,336.6531,55.53
14694.0,0.0741,448.1732,33.21
14695.0,0.082,275.1876,22.55
14696.0,0.8893,942.389,838.04
14697.0,0.2479,218.0173,54.05
14698.0,0.9935,1150.7809,1143.29
14699.0,0.3995,169.7504,67.81
14700.0,0.8333,1499.634,1249.59
14701.0,0.9942,1847.519,1836.88
14702.0,0.9992,2178.51,2176.75
14703.0,0.7984,265.4375,211.94
14704.0,0.9644,281.2221,271.21
14705.0,0.0293,91.6268,2.68
14706.0,0.0582,756.3248,44.04
14707.0,0.005,86.6298,0.43
14708.0,0.6771,565.8053,383.09
14709.0,0.9993,3025.6626,3023.65
14710.0,0.9879,448.484,443.07
14711.0,0.9709,1009.2576,979.89
14712.0,0.6054,335.2742,202.96
14713.0,0.9983,1147.8425,1145.89
14714.0,0.9054,330.4795,299.22
14715.0,0.9696,735.078,712.75
14716.0,0.4048,423.4568,171.4
14717.0,0.0063,142.6608,0.89
14718.0,0.0215,629.8736,13.55
14719.0,0.9467,324.9786,307.65
14720.0,0.4763,435.3298,207.34
14721.0,0.0987,287.3671,28.37
14722.0,0.4626,240.2088,111.11
14723.0,0.9826,534.6884,525.41
14724.0,0.1614,370.5334,59.8
14725.0,0.8003,400.5409,320.57
14726.0,0.0512,228.6412,11.71
14727.0,0.1786,388.1818,69.31
14728.0,0.0077,252.6942,1.95
14729.0,0.4226,393.1129,166.12
14730.0,0.9867,312.8639,308.71
14731.0,0.4771,261.9127,124.95
14732.0,0.9964,1235.4597,1231.03
14733.0,0.9924,4215.062,4183.06
14734.0,0.0666,316.2877,21.07
14735.0,0.9984,3902.7185,3896.41
14736.0,0.1261,232.7926,29.36
14737.0,0.8872,882.296,782.74
14738.0,0.7575,264.8482,200.62
14739.0,0.9989,4062.0745,4057.48
14740.0,0.6142,577.3286,354.59
14741.0,0.9196,658.4467,605.48
14742.0,0.2059,377.0156,77.61
14743.0,0.0119,113.8927,1.36
14744.0,0.9984,1514.6473,1512.26
14745.0,0.9962,1201.0011,1196.43
14746.0,0.2432,165.5486,40.26
14747.0,0.0778,348.5696,27.13
14748.0,0.9307,620.6154,577.63
14749.0,0.1246,322.813,40.21
14750.0,0.0467,326.5884,15.25
14751.0,0.004,85.3572,0.34
14752.0,0.6067,437.3235,265.31
14753.0,0.2224,368.2075,81.87
14754.0,0.6548,246.0982,161.14
14755.0,0.9956,2263.9543,2253.93
14756.0,0.8025,890.9953,715.05
14757.0,0.4258,760.59,323.85
14758.0,0.8106,657.9576,533.35
14759.0,0.8018,1423.3506,1141.27
14760.0,0.0536,145.9206,7.82
14761.0,0.3113,228.7198,71.21
14762.0,0.3175,286.2838,90.91
14764.0,0.8601,463.2425,398.46
14765.0,0.9194,164.8304,151.55
14766.0,0.9853,1887.582,1859.87
14767.0,0.0311,394.931,12.3
14768.0,0.732,94.845,69.42
14769.0,0.9991,4107.2764,4103.63
14770.0,0.6268,740.8903,464.42
14771.0,0.0432,367.1106,15.87
14772.0,0.2868,227.0427,65.11
14773.0,0.1062,437.7723,46.5
14774.0,0.1082,329.2009,35.61
14775.0,0.8477,788.3835,668.28
14776.0,0.997,1465.4612,1461.09
14777.0,0.0417,368.2593,15.34
14778.0,0.3222,390.9352,125.97
14779.0,0.4433,48.3821,21.45
14780.0,0.6526,593.6363,387.43
14782.0,0.0354,167.5097,5.94
14783.0,0.1563,381.7268,59.68
14784.0,0.9123,196.3974,179.18
14785.0,0.6084,79.5445,48.39
14786.0,0.0426,214.1828,9.12
14787.0,0.0207,391.5103,8.12
14788.0,0.6895,2133.8792,1471.28
14789.0,0.8784,159.8761,140.44
14790.0,0.9938,428.2956,425.66
14791.0,0.3153,404.4184,127.5
14792.0,0.2156,331.3549,71.44
14793.0,0.7944,512.6362,407.23
14794.0,0.9516,856.7433,815.24
14795.0,0.1202,228.6518,27.48
14796.0,0.9996,2559.1638,2558.05
14797.0,0.0196,275.9182,5.41
14798.0,0.7934,153.9856,122.18
14799.0,0.8731,486.2486,424.53
14800.0,0.9892,2847.3616,2816.68
14801.0,0.4353,500.5246,217.87
14802.0,0.0019,448.2272,0.86
14803.0,0.5729,441.4526,252.91
14804.0,0.3719,241.5901,89.84
14805.0,0.7668,485.0478,371.95
14806.0,0.367,295.5595,108.47
14807.0,0.1616,415.9752,67.24
14808.0,0.9325,870.6323,811.87
14809.0,0.0736,403.5084,29.71
14810.0,0.9679,935.1676,905.16
14811.0,0.0192,167.2418,3.21
14812.0,0.5196,179.0858,93.06
14813.0,0.3314,363.8435,120.58
14814.0,0.1803,188.8452,34.04
14815.0,0.9555,447.4872,427.58
14816.0,0.1934,159.102,30.77
14817.0,0.5767,893.9789,515.53
14818.0,0.77,425.529,327.65
14819.0,0.6956,237.954,165.52
14820.0,0.8736,415.8475,363.29
14821.0,0.2319,283.9846,65.84
14822.0,0.0592,271.3824,16.06
14823.0,0.062,379.9534,23.55
14824.0,0.9874,1220.0084,1204.65
14825.0,0.9975,1040.8422,1038.22
14826.0,0.0203,190.8045,3.87
14828.0,0.7294,819.6646,597.87
14829.0,0.9356,422.1112,394.93
14830.0,0.5551,634.4515,352.21
14831.0,0.0276,182.1004,5.02
14832.0,0.0414,450.4964,18.67
14833.0,0.0039,348.5048,1.34
14834.0,0.9454,611.9375,578.52
14835.0,0.0574,185.0481,10.62
14836.0,0.5977,74.5096,44.54
14837.0,0.993,1253.6322,1244.8
14838.0,0.0897,356.3638,31.97
14839.0,0.0148,126.1616,1.86
14840.0,0.5439,271.994,147.95
14841.0,0.9793,1287.6362,1260.96
14842.0,0.8539,1614.4921,1378.59
14843.0,0.0537,298.4842,16.04
14844.0,0.9967,2471.3948,2463.33
14845.0,0.5457,294.4182,160.67
14846.0,0.1182,391.4206,46.28
14847.0,0.1548,1140.6875,176.57
14848.0,0.012,368.1834,4.41
14849.0,0.9989,4684.6416,4679.54
14850.0,0.2607,738.776,192.62
14851.0,0.6213,436.1768,271.01
14852.0,0.9968,1543.6044,1538.68
14853.0,0.6037,394.5837,238.19
14854.0,0.9819,1092.616,1072.83
14855.0,0.9696,1453.8972,1409.76
14856.0,0.926,1604.4552,1485.8
14857.0,0.89,471.7364,419.82
14858.0,0.0278,221.5637,6.15
14859.0,0.5066,271.4018,137.5
14860.0,0.7975,180.542,143.98
14861.0,0.902,338.0238,304.91
14862.0,0.8296,441.1607,365.98
14863.0,0.8421,407.2847,342.96
14865.0,0.8506,20.9007,17.78
14866.0,0.9866,4207.7065,4151.38
14867.0,0.6708,569.18,381.78
14868.0,0.9815,1957.075,1920.96
14869.0,0.8146,345.6287,281.56
14870.0,0.5508,784.9525,432.39
14871.0,0.7207,315.5652,227.44
14872.0,0.0824,272.716,22.48
14873.0,0.2024,345.3977,69.91
14874.0,0.1654,260.4897,43.09
14875.0,0.1572,1365.6882,214.65
14876.0,0.0083,211.7522,1.75
14877.0,0.0196,295.4413,5.79
14878.0,0.9717,679.074,659.88
14879.0,0.0708,163.1338,11.56
14880.0,0.5443,425.3047,231.48
14881.0,0.4512,310.1766,139.94
14882.0,0.9937,1239.5074,1231.75
14883.0,0.9293,349.0844,324.41
14884.0,0.0529,250.2716,13.24
14885.0,0.2289,583.072,133.47
14886.0,0.1663,532.0094,88.46
14887.0,0.1013,982.4526,99.48
14888.0,0.3329,481.5022,160.31
14889.0,0.1541,233.4612,35.97
14890.0,0.1292,485.1008,62.7
14891.0,0.3786,622.5379,235.67
14892.0,0.0929,331.9751,30.84
14893.0,0.7063,507.7341,358.61
14894.0,0.2665,624.2848,166.35
14895.0,0.9993,6858.143,6853.43
14896.0,0.5723,590.7768,338.09
14897.0,0.9274,703.482,652.43
14898.0,0.992,789.8302,783.48
14899.0,0.3168,881.51,279.27
14900.0,0.1039,738.6608,76.78
14901.0,0.9716,858.2109,833.84
14902.0,0.8077,967.6692,781.57
14903.0,0.9894,1149.1663,1136.93
14904.0,0.6534,765.1379,499.92
14905.0,0.9301,644.9353,599.85
14906.0,0.0141,100.946,1.43
14907.0,0.9983,1570.6389,1567.96
14908.0,0.3154,215.396,67.94
14909.0,0.0924,342.0576,31.6
14910.0,0.1581,401.8346,63.52
14911.0,0.999,89213.51,89125.15
14912.0,0.8617,341.3318,294.14
14913.0,0.978,1991.5658,1947.68
14915.0,0.8966,220.1262,197.37
14916.0,0.9622,1132.1886,1089.36
14917.0,0.0779,547.2899,42.65
14918.0,0.9745,2770.4011,2699.78
14919.0,0.0098,353.031,3.47
14920.0,0.1615,400.6709,64.72
14921.0,0.7446,1365.137,1016.43
14922.0,0.4616,302.7089,139.73
14923.0,0.6584,532.4786,350.56
14924.0,0.2086,371.845,77.56
14926.0,0.1025,146.1337,14.98
14927.0,0.2381,412.2064,98.13
14928.0,0.1588,418.1181,66.39
14929.0,0.4532,650.9396,295.04
14930.0,0.8271,771.6072,638.21
14931.0,0.9434,821.7267,775.24
14932.0,0.297,446.3924,132.56
14933.0,0.0387,609.0938,23.57
14934.0,0.38,972.4765,369.5
14935.0,0.0745,2691.1992,200.37
14936.0,0.9848,2889.7747,2845.98
14937.0,0.582,1052.61,612.61
14938.0,0.1364,338.0186,46.11
14940.0,0.0532,506.5618,26.95
14941.0,0.2544,226.1059,57.53
14942.0,0.1432,116.426,16.67
14943.0,0.0341,204.3545,6.97
14944.0,0.9802,2170.5117,2127.55
14945.0,0.0184,191.6935,3.53
14946.0,0.2861,111.7305,31.96
14947.0,0.8699,393.2548,342.08
14948.0,0.8725,539.5758,470.79
14949.0,0.0471,143.5951,6.76
14950.0,0.2646,422.2775,111.73
14951.0,0.2795,462.6381,129.3
14952.0,0.9716,3050.5999,2963.93
14953.0,0.9188,486.2378,446.74
14954.0,0.2972,334.2062,99.33
14955.0,0.102,245.3875,25.03
14956.0,0.1313,427.4914,56.13
14957.0,0.0327,149.5429,4.89
14958.0,0.2056,280.366,57.65
14959.0,0.7146,335.8309,239.98
14960.0,0.3972,281.2025,111.68
14961.0,0.9983,7138.7026,7126.7295
14962.0,0.5494,51.664,28.38
14963.0,0.9949,995.2325,990.17
14964.0,0.277,264.5646,73.29
14965.0,0.4882,427.4484,208.67
14966.0,0.6939,513.2157,356.14
14967.0,0.6192,1110.8766,687.83
14968.0,0.3377,703.0592,237.44
14969.0,0.1351,1154.1558,155.91
14970.0,0.9491,1221.6211,1159.44
14971.0,0.9642,613.49,591.51
14972.0,0.4036,163.6328,66.04
14973.0,0.7668,1282.7384,983.56
14974.0,0.2976,597.722,177.9
14975.0,0.5412,467.882,253.22
14976.0,0.3698,163.4246,60.43
14977.0,0.0177,326.1723,5.77
14978.0,0.9073,230.441,209.09
14979.0,0.1135,370.443,42.06
14980.0,0.1342,208.5855,27.99
14981.0,0.445,259.9218,115.66
14982.0,0.1608,346.7321,55.74
14983.0,0.2994,244.5091,73.22
14984.0,0.9569,189.7499,181.58
14985.0,0.112,265.6732,29.75
14986.0,0.3423,412.9106,141.32
14987.0,0.85,370.8505,315.23
14988.0,0.7623,742.4818,565.96
14989.0,0.0899,499.4105,44.89
14990.0,0.0299,245.1753,7.33
14991.0,0.0811,289.3959,23.47
14992.0,0.0035,196.4384,0.69
14993.0,0.0141,238.7695,3.36
14994.0,0.0372,737.3604,27.4
14995.0,0.6292,154.5245,97.22
14996.0,0.4274,363.8658,155.5
14997.0,0.8364,230.0731,192.44
14998.0,0.4016,255.396,102.57
14999.0,0.0446,271.7638,12.12
15000.0,0.7948,539.2012,428.54
15001.0,0.1699,126.4748,21.48
15002.0,0.8398,863.7906,725.42
15003.0,0.053,710.8002,37.7
15004.0,0.0965,976.7853,94.29
15005.0,0.9995,4036.858,4034.68
15006.0,0.674,717.6458,483.68
15007.0,0.1453,247.0957,35.91
15008.0,0.0597,205.6765,12.28
15009.0,0.9849,730.3112,719.29
15010.0,0.6299,601.3607,378.8
15011.0,0.1034,224.7108,23.23
15012.0,0.8031,290.5366,233.33
15013.0,0.111,239.2421,26.56
15014.0,0.8759,183.7806,160.98
15015.0,0.0278,431.83,11.99
15016.0,0.6843,98.2918,67.26
15017.0,0.4408,335.215,147.78
15018.0,0.7757,778.9254,604.21
15019.0,0.154,287.9668,44.33
15020.0,0.0155,290.0538,4.48
15021.0,0.9929,729.3992,724.21
15022.0,0.8508,442.9368,376.84
15023.0,0.9995,2736.4263,2735.1
15024.0,0.991,1355.1353,1342.92
15025.0,0.6341,1302.9929,826.23
15026.0,0.7284,398.7487,290.45
15027.0,0.9935,932.5549,926.52
15028.0,0.7954,511.0622,406.51
15029.0,0.0362,779.7057,28.23
15030.0,0.9835,956.1118,940.36
15031.0,0.9889,814.7522,805.74
15032.0,0.4417,894.6667,395.17
15033.0,0.9963,845.0607,841.93
15034.0,0.9968,2141.443,2134.54
15035.0,0.1075,208.0981,22.37
15036.0,0.6758,395.5637,267.33
15037.0,0.2715,193.0732,52.42
15038.0,0.98,435.7144,426.98
15039.0,0.9994,17012.95,17001.96
15040.0,0.0936,721.2014,67.54
15041.0,0.0878,168.8995,14.82
15042.0,0.1586,237.2188,37.62
15043.0,0.9673,838.5406,811.08
15044.0,0.9986,4566.5625,4559.97
15045.0,0.2976,446.508,132.86
15046.0,0.9989,1968.2692,1966.19
15047.0,0.2863,585.0681,167.51
15048.0,0.7316,157.0456,114.89
15049.0,0.1455,181.3908,26.39
15050.0,0.797,1688.145,1345.51
15051.0,0.9971,1456.014,1451.78
15052.0,0.0081,272.1362,2.21
15053.0,0.5016,425.9254,213.64
15054.0,0.9155,727.5476,666.09
15055.0,0.0564,382.3853,21.56
15056.0,0.0834,396.7121,33.07
15057.0,0.3733,1290.437,481.67
15058.0,0.9959,949.3145,945.4
15059.0,0.9906,1056.4492,1046.48
15060.0,0.5137,179.921,92.43
15061.0,0.9978,34543.5,34466.74
15062.0,0.9631,1023.9146,986.16
15063.0,0.049,701.2744,34.38
15064.0,0.1282,173.8967,22.29
15065.0,0.8009,995.2977,797.12
15066.0,0.4664,380.5128,177.46
15067.0,0.8575,819.3868,702.64
15068.0,0.7819,261.2983,204.31
15069.0,0.1771,190.6804,33.77
15070.0,0.1988,567.9234,112.93
15071.0,0.7112,532.4016,378.62
15072.0,0.0544,225.0924,12.25
15073.0,0.9507,1087.574,1033.94
15074.0,0.1055,370.7865,39.12
15075.0,0.5085,723.749,368.0
15076.0,0.3175,300.9528,95.55
15077.0,0.0396,1768.8392,69.99
15078.0,0.9986,9079.504,9066.45
15079.0,0.2423,787.3062,190.76
15080.0,0.1501,290.5986,43.62
15081.0,0.9676,403.2558,390.17
15082.0,0.0095,132.4247,1.26
15083.0,0.3122,207.0856,64.66
15084.0,0.2798,770.8714,215.69
15085.0,0.0515,556.0716,28.64
15086.0,0.0217,144.5763,3.14
15087.0,0.2233,333.7721,74.53
15088.0,0.9149,945.2503,864.77
15089.0,0.944,897.3258,847.09
15090.0,0.1937,356.4186,69.05
15091.0,0.4829,786.081,379.59
15092.0,0.2921,249.2854,72.82
15093.0,0.9994,3988.358,3985.82
15094.0,0.0143,92.7508,1.33
15095.0,0.9892,1037.6715,1026.44
15096.0,0.3928,320.8386,126.04
15097.0,0.7048,528.9294,372.77
15098.0,0.0018,5771.068,10.39
15099.0,0.1726,592.808,102.3
15100.0,0.1211,1873.6498,226.84
15101.0,0.8081,208.8077,168.74
15102.0,0.4454,514.6302,229.24
15103.0,0.8274,1069.672,885.04
15104.0,0.737,489.4252,360.7
15105.0,0.9849,1018.1006,1002.73
15106.0,0.9788,509.8874,499.05
15107.0,0.116,132.1698,15.33
15108.0,0.5491,635.1224,348.75
15109.0,0.0955,198.445,18.94
15110.0,0.714,304.9485,217.74
15111.0,0.7351,636.7764,468.11
15112.0,0.1216,329.9708,40.11
15113.0,0.798,1168.771,932.68
15114.0,0.9884,1887.626,1865.78
15115.0,0.491,573.2531,281.47
15116.0,0.9536,1113.9335,1062.27
15117.0,0.9689,456.568,442.37
15118.0,0.6229,485.923,302.69
15119.0,0.3011,248.8782,74.94
15120.0,0.2293,447.0784,102.53
15121.0,0.6548,557.3446,364.97
15122.0,0.7543,1633.514,1232.13
15123.0,0.8797,605.3532,532.5
15124.0,0.904,244.1018,220.66
15125.0,0.9945,5019.1807,4991.8
15126.0,0.1936,535.8274,103.74
15127.0,0.5436,370.4567,201.39
15128.0,0.9293,566.325,526.3
15129.0,0.9996,3310.9624,3309.69
15130.0,0.1715,280.6121,48.14
15131.0,0.169,134.3488,22.71
15132.0,0.8773,408.8176,358.66
15133.0,0.7401,392.4508,290.44
15134.0,0.8007,411.7775,329.69
15135.0,0.1934,158.3469,30.63
15136.0,0.926,1654.0986,1531.7
15137.0,0.0718,546.4662,39.21
15138.0,0.7988,461.0756,368.28
15139.0,0.124,248.017,30.77
15140.0,0.8868,980.2585,869.32
15141.0,0.1332,218.8485,29.16
15142.0,0.8029,1320.7883,1060.46
15143.0,0.2367,527.6795,124.92
15144.0,0.9977,2582.5835,2576.75
15145.0,0.8355,300.1159,250.75
15146.0,0.3897,1650.1194,643.05
15147.0,0.5233,358.1669,187.41
15148.0,0.5304,124.6052,66.09
15149.0,0.2342,341.3774,79.95
15150.0,0.9967,3398.7732,3387.44
15151.0,0.0194,151.7819,2.94
15152.0,0.9946,1265.5984,1258.81
15153.0,0.7591,883.1439,670.43
15154.0,0.7493,371.0474,278.03
15155.0,0.4573,255.5585,116.85
15156.0,0.8759,793.3348,694.9
15157.0,0.8989,620.3407,557.6
15158.0,0.3555,380.0664,135.11
15159.0,0.9986,3024.6353,3020.53
15160.0,0.1563,195.8172,30.61
15161.0,0.1596,150.205,23.97
15162.0,0.0334,498.7667,16.66
15163.0,0.5855,216.8883,127.0
15164.0,0.988,220.3533,217.71
15165.0,0.106,571.997,60.63
15166.0,0.2692,161.7229,43.54
15167.0,0.1125,223.6088,25.15
15168.0,0.549,582.7749,319.96
15169.0,0.3816,435.9724,166.39
15170.0,0.0977,119.6092,11.68
15171.0,0.0296,746.1659,22.08
15172.0,0.9493,940.1653,892.51
15173.0,0.1758,218.3988,38.39
15174.0,0.1788,291.9654,52.21
15175.0,0.4963,1214.6162,602.8
15176.0,0.1009,789.5022,79.68
15177.0,0.0708,1024.2039,72.49
15178.0,0.0302,216.5126,6.53
15179.0,0.9915,1435.8127,1423.6
15180.0,0.3013,628.6588,189.4
15181.0,0.9303,624.7674,581.24
15182.0,0.6269,510.897,320.29
15183.0,0.1335,258.9589,34.58
15184.0,0.7764,111.431,86.52
15185.0,0.5168,969.2358,500.89
15186.0,0.7328,588.2384,431.03
15187.0,0.9835,6109.3545,6008.76
15188.0,0.1521,360.1218,54.77
15189.0,0.9965,2581.071,2571.97
15190.0,0.2574,612.3225,157.63
15191.0,0.107,286.4422,30.66
15192.0,0.4507,1019.6817,459.58
15193.0,0.3192,609.5066,194.55
15194.0,0.997,4279.6953,4266.82
15195.0,0.1826,2850.1787,520.34
15196.0,0.0144,250.3304,3.6
15197.0,0.6933,540.6618,374.82
15198.0,0.6945,326.0057,226.4
15199.0,0.9812,1614.1416,1583.82
15200.0,0.2167,500.2968,108.4
15201.0,0.9387,548.7368,515.09
15202.0,0.0007,1042.2047,0.71
15203.0,0.9909,2111.8726,2092.75
15204.0,0.0566,259.2839,14.66
15205.0,0.4287,485.9681,208.35
15206.0,0.2336,89.8292,20.99
15207.0,0.0587,423.5426,24.87
15208.0,0.9074,310.671,281.91
15209.0,0.1619,157.8251,25.55
15210.0,0.2402,969.2974,232.83
15211.0,0.3114,786.0498,244.81
15212.0,0.1658,99.9248,16.56
15213.0,0.4874,208.2412,101.5
15214.0,0.9484,469.2848,445.05
15215.0,0.8924,442.543,394.92
15216.0,0.2526,439.3098,110.98
15217.0,0.1364,622.5908,84.91
15218.0,0.9987,4360.3794,4354.84
15219.0,0.2378,367.8668,87.47
15220.0,0.901,828.9242,746.87
15221.0,0.3445,576.1674,198.47
15222.0,0.0946,1683.6663,159.31
15223.0,0.0687,473.6928,32.53
15224.0,0.0272,526.5941,14.33
15225.0,0.1762,424.1238,74.73
15226.0,0.028,209.9654,5.88
15227.0,0.9325,996.722,929.4
15228.0,0.9688,1511.2911,1464.21
15229.0,0.1024,203.1765,20.81
15230.0,0.2897,460.5904,133.43
15231.0,0.1002,440.4144,44.15
15232.0,0.6842,470.7341,322.07
15233.0,0.0553,109.7827,6.07
15234.0,0.0813,292.0255,23.73
15235.0,0.0863,408.1422,35.23
15236.0,0.2248,346.5292,77.91
15237.0,0.9334,762.1496,711.4
15238.0,0.8663,612.3401,530.49
15239.0,0.7661,989.3156,757.89
15240.0,0.9775,3147.6272,3076.7
15241.0,0.9645,1032.2333,995.64
15242.0,0.0525,484.8364,25.47
15243.0,0.1233,499.1794,61.56
15244.0,0.4655,454.778,211.7
15245.0,0.9135,1386.2675,1266.3
15246.0,0.2834,283.1596,80.26
15247.0,0.6082,353.901,215.26
15248.0,0.2545,150.1583,38.21
15249.0,0.9955,2103.0955,2093.53
15250.0,0.0125,92.2432,1.16
15251.0,0.9973,2702.5032,2695.32
15252.0,0.7501,802.7821,602.19
15253.0,0.9828,577.7786,567.85
15254.0,0.4194,862.2757,361.67
15255.0,0.965,1299.6569,1254.1
15256.0,0.3466,119.1673,41.31
15257.0,0.0432,410.159,17.7
15258.0,0.5951,409.7994,243.86
15259.0,0.1561,504.0975,78.69
15260.0,0.9744,1007.9183,982.12
15261.0,0.6476,635.5469,411.57
15262.0,0.1516,129.16,19.58
15263.0,0.3953,227.5972,89.97
15264.0,0.2187,325.1134,71.11
15265.0,0.5641,1090.2202,614.99
15266.0,0.171,184.4184,31.54
15267.0,0.9347,1232.039,1151.61
15268.0,0.2011,584.5583,117.57
15269.0,0.6132,496.3884,304.4
15270.0,0.9995,1510.8253,1510.0
15271.0,0.9957,1649.9352,1642.84
15272.0,0.859,217.2108,186.59
15273.0,0.2353,536.3534,126.2
15274.0,0.8708,834.1486,726.39
15275.0,0.6697,819.7906,549.0
15276.0,0.931,310.5582,289.12
15277.0,0.2311,491.4406,113.59
15278.0,0.1535,223.2863,34.27
15279.0,0.1531,140.4176,21.5
15280.0,0.3841,121.6216,46.71
15281.0,0.9916,2053.2566,2036.04
15282.0,0.0353,491.756,17.33
15283.0,0.1785,48.6406,8.68
15284.0,0.2531,454.8226,115.12
15285.0,0.0448,154.1064,6.9
15286.0,0.4789,431.5054,206.66
15287.0,0.8744,151.9861,132.9
15288.0,0.8912,1109.9581,989.23
15289.0,0.7266,112.5113,81.75
15290.0,0.9995,3487.1953,3485.44
15291.0,0.9978,3526.4053,3518.51
15292.0,0.0513,242.0592,12.42
15293.0,0.0581,352.8019,20.51
15294.0,0.0561,420.6196,23.58
15295.0,0.1597,210.977,33.68
15296.0,0.995,1964.3508,1954.49
15297.0,0.6719,321.5835,216.06
15298.0,0.9987,2137.4993,2134.7
15299.0,0.9911,3259.1643,3230.18
15300.0,0.3218,974.1481,313.44
15301.0,0.9275,2440.7607,2263.91
15302.0,0.0923,321.4266,29.68
15303.0,0.0778,940.9587,73.25
15304.0,0.6382,195.1921,124.58
15305.0,0.0066,132.4247,0.88
15306.0,0.9887,1316.5352,1301.71
15307.0,0.2984,637.1758,190.14
15308.0,0.1927,488.3899,94.1
15309.0,0.2168,258.2778,55.98
15310.0,0.0775,312.8904,24.23
15311.0,0.9985,49331.97,49256.76
15312.0,0.9914,1047.6339,1038.6
15313.0,0.28,196.9467,55.14
15314.0,0.6835,528.912,361.53
15315.0,0.8861,446.0462,395.24
15316.0,0.0191,115.0512,2.19
15317.0,0.0227,243.3888,5.51
15318.0,0.895,219.8694,196.79
15319.0,0.0501,372.0382,18.63
15320.0,0.6044,740.105,447.32
15321.0,0.9785,1071.5417,1048.47
15322.0,0.3419,1323.2765,452.42
15323.0,0.0966,157.657,15.22
15324.0,0.1123,337.4682,37.9
15325.0,0.9514,194.0698,184.64
15326.0,0.2662,562.8629,149.84
15327.0,0.2179,519.1276,113.13
15328.0,0.058,169.1818,9.81
15329.0,0.8676,1203.872,1044.42
15330.0,0.9305,604.7104,562.67
15331.0,0.0732,272.5652,19.95
15332.0,0.0324,708.523,22.93
15333.0,0.0852,570.2746,48.56
15334.0,0.7154,182.9894,130.91
15335.0,0.1716,560.4218,96.15
15336.0,0.1087,283.9311,30.87
15337.0,0.0221,427.5507,9.45
15338.0,0.2821,258.184,72.83
15339.0,0.8945,375.6972,336.05
15340.0,0.04,169.5847,6.78
15341.0,0.0714,1090.0725,77.81
15342.0,0.2892,298.4674,86.33
15343.0,0.0541,607.6776,32.89
15344.0,0.93,1108.8219,1031.2
15345.0,0.285,624.1679,177.9
15346.0,0.1584,231.0944,36.6
15347.0,0.6171,744.8432,459.64
15348.0,0.3165,869.7653,275.31
15349.0,0.2384,407.2302,97.09
15350.0,0.1259,331.5306,41.74
15351.0,0.8854,608.164,538.47
15352.0,0.1062,384.7282,40.86
15353.0,0.2194,720.7508,158.17
15354.0,0.0507,53.2236,2.7
15355.0,0.8552,268.4074,229.54
15356.0,0.9944,1926.3575,1915.57
15358.0,0.999,5506.9717,5501.59
15359.0,0.0124,24.469,0.3
15360.0,0.5756,1248.8827,718.85
15361.0,0.1018,342.4008,34.85
15362.0,0.099,446.4075,44.18
15363.0,0.3074,515.1695,158.38
15364.0,0.5114,383.8416,196.29
15365.0,0.9448,1532.797,1448.17
15366.0,0.9244,518.0798,478.93
15367.0,0.9802,1096.8245,1075.07
15368.0,0.6547,485.4832,317.84
15369.0,0.1553,615.688,95.62
15370.0,0.7069,961.098,679.42
15371.0,0.0461,149.7748,6.91
15372.0,0.9559,1251.9547,1196.74
15373.0,0.9327,854.8276,797.26
15374.0,0.4571,336.9746,154.02
15375.0,0.0133,117.3214,1.56
15376.0,0.8266,819.9456,677.73
15377.0,0.2891,386.7118,111.8
15378.0,0.1113,186.1336,20.72
15379.0,0.7499,1106.2107,829.55
15380.0,0.7918,1829.8386,1448.86
15381.0,0.3529,1009.1097,356.11
15382.0,0.9971,3844.3523,3833.23
15384.0,0.419,549.2181,230.12
15385.0,0.5619,959.5042,539.1
15386.0,0.4172,287.1186,119.78
15387.0,0.0847,478.3134,40.5
15388.0,0.2125,249.9256,53.11
15389.0,0.7417,395.2626,293.17
15390.0,0.4163,336.0695,139.89
15391.0,0.1725,473.8195,81.73
15392.0,0.9631,1002.3459,965.34
15393.0,0.8607,395.4062,340.33
15394.0,0.9265,1060.7151,982.71
15395.0,0.0153,273.0315,4.18
15396.0,0.6204,700.2788,434.44
15397.0,0.0296,187.1693,5.55
15398.0,0.9504,1764.9941,1677.45
15399.0,0.9309,840.2525,782.2
15400.0,0.902,618.112,557.52
15401.0,0.018,174.2854,3.13
15402.0,0.7777,886.7131,689.63
15403.0,0.0489,169.3888,8.28
15404.0,0.0539,268.4,14.46
15405.0,0.2828,375.561,106.19
15406.0,0.647,670.4531,433.77
15407.0,0.7809,338.0185,263.95
15408.0,0.178,287.0739,51.09
15409.0,0.0227,463.426,10.5
15410.0,0.9716,1803.6926,1752.38
15411.0,0.866,412.0386,356.83
15412.0,0.1996,178.9301,35.72
15413.0,0.1535,614.676,94.32
15414.0,0.5298,337.2503,178.68
15415.0,0.0641,507.3781,32.53
15416.0,0.9495,955.7108,907.44
15417.0,0.3385,1932.7769,654.33
15418.0,0.0102,619.8558,6.34
15419.0,0.4006,1290.8694,517.08
15420.0,0.1728,140.7942,24.33
15421.0,0.9868,487.6806,481.23
15422.0,0.5614,259.2775,145.55
15423.0,0.3585,173.941,62.35
15424.0,0.5854,236.3415,138.36
15425.0,0.1268,160.9931,20.42
15426.0,0.9649,335.1948,323.41
15427.0,0.9823,774.9,761.18
15428.0,0.8024,218.065,174.97
15429.0,0.9323,362.2501,337.74
15430.0,0.078,387.5333,30.23
15431.0,0.0695,234.574,16.29
15432.0,0.5614,139.6404,78.4
15433.0,0.709,199.9198,141.74
15434.0,0.9689,909.8314,881.5
15435.0,0.7557,294.0363,222.19
15436.0,0.7481,362.6678,271.33
15437.0,0.4772,272.6662,130.11
15438.0,0.143,154.6812,22.12
15439.0,0.2913,345.6616,100.69
15440.0,0.7684,548.1573,421.21
15441.0,0.3353,751.723,252.04
15442.0,0.1706,560.455,95.62
15443.0,0.9984,2002.2415,1999.0
15444.0,0.9681,1410.2184,1365.19
15445.0,0.2638,208.8193,55.08
15446.0,0.1299,219.2117,28.47
15447.0,0.1091,95.4176,10.41
15448.0,0.265,824.0768,218.35
15449.0,0.9145,333.0833,304.6
15450.0,0.5692,1583.0704,901.02
15451.0,0.0701,321.3814,22.51
15452.0,0.8728,1025.1752,894.73
15453.0,0.9914,509.0044,504.61
15454.0,0.0765,207.8527,15.9
15455.0,0.0749,192.9711,14.46
15456.0,0.2672,395.7496,105.73
15457.0,0.1706,403.681,68.86
15458.0,0.4388,294.8998,129.41
15459.0,0.0289,103.6297,3.0
15460.0,0.0429,361.6148,15.51
15461.0,0.0598,323.3908,19.34
15462.0,0.2846,233.5486,66.48
15463.0,0.6043,307.8166,186.01
15464.0,0.2036,379.1615,77.21
15465.0,0.9992,1283.2809,1282.3
15466.0,0.8015,143.1477,114.74
15467.0,0.7669,486.5773,373.14
15468.0,0.6387,680.8459,434.84
15469.0,0.6995,408.7039,285.87
15470.0,0.0308,91.8876,2.83
15471.0,0.36,594.6434,214.09
15472.0,0.1301,290.0612,37.75
15473.0,0.6526,496.6415,324.11
15474.0,0.0572,293.9124,16.81
15475.0,0.3391,1044.8564,354.26
15476.0,0.0118,663.0765,7.84
15477.0,0.0916,868.1475,79.51
15478.0,0.5632,1007.571,567.42
15479.0,0.0415,334.6043,13.89
15480.0,0.4899,922.5211,451.95
15481.0,0.0616,313.6888,19.32
15482.0,0.9965,2143.4229,2135.86
15483.0,0.9761,89.4019,87.26
15484.0,0.9894,833.3298,824.46
15485.0,0.9817,1230.8754,1208.32
15486.0,0.0551,241.4619,13.31
15487.0,0.1683,369.7561,62.23
15488.0,0.6025,126.1604,76.01
15489.0,0.9529,805.1362,767.2
15490.0,0.0426,320.2204,13.63
15491.0,0.9258,1405.7666,1301.44
15492.0,0.7325,502.1302,367.81
15493.0,0.9388,1090.56,1023.82
15494.0,0.9871,756.6828,746.89
15495.0,0.0327,302.963,9.92
15496.0,0.1447,246.2869,35.63
15497.0,0.9866,985.9068,972.65
15498.0,0.9989,5300.2095,5294.47
15499.0,0.211,215.904,45.55
15500.0,0.8582,1248.968,1071.9
15501.0,0.1548,214.807,33.25
15502.0,0.9963,4625.832,4608.86
15503.0,0.0586,286.1728,16.78
15504.0,0.7481,113.7194,85.08
15505.0,0.8091,556.344,450.17
15506.0,0.9003,854.3014,769.13
15507.0,0.3797,197.8939,75.14
15508.0,0.2958,563.037,166.52
15509.0,0.008,188.1407,1.5
15510.0,0.048,297.342,14.28
15511.0,0.836,483.4815,404.19
15512.0,0.6616,58.3084,38.58
15513.0,0.9936,14300.627,14209.28
15514.0,0.9981,2350.443,2346.02
15515.0,0.0885,145.2497,12.86
15516.0,0.4042,189.7109,76.68
15517.0,0.3505,490.1924,171.8
15518.0,0.9954,1046.056,1041.27
15519.0,0.0599,181.5097,10.88
15520.0,0.4612,187.5284,86.49
15521.0,0.9919,1694.8604,1681.18
15522.0,0.7104,414.6626,294.6
15523.0,0.9699,2713.025,2631.23
15524.0,0.6455,1152.0009,743.57
15525.0,0.5436,396.4309,215.51
15526.0,0.1936,97.3979,18.86
15527.0,0.9981,1043.4506,1041.5
15528.0,0.1379,441.0136,60.81
15529.0,0.9974,1419.154,1415.48
15530.0,0.872,550.4146,479.95
15531.0,0.9739,2140.6462,2084.88
15532.0,0.9829,553.868,544.39
15533.0,0.9393,342.771,321.97
15534.0,0.0753,230.3636,17.35
15535.0,0.3321,260.5038,86.5
15536.0,0.0046,512.6548,2.38
15537.0,0.1422,418.191,59.49
15538.0,0.0776,866.4586,67.24
15539.0,0.9861,2293.4553,2261.51
15540.0,0.3739,413.0486,154.44
15541.0,0.1863,177.9515,33.16
15542.0,0.0748,334.965,25.07
15543.0,0.1458,237.6036,34.65
15544.0,0.9979,1724.9496,1721.33
15545.0,0.4483,341.1075,152.91
15546.0,0.0871,450.2808,39.23
15547.0,0.9988,3198.0315,3194.26
15548.0,0.0505,218.0962,11.01
15549.0,0.9041,374.1143,338.23
15550.0,0.9024,651.164,587.64
15551.0,0.909,420.409,382.15
15552.0,0.2657,170.2246,45.23
15553.0,0.3045,470.2208,143.19
15554.0,0.091,240.4301,21.87
15555.0,0.9995,2965.8962,2964.46
15556.0,0.8176,462.9594,378.51
15557.0,0.7287,1045.462,761.87
15558.0,0.1083,276.8745,29.99
15559.0,0.0878,626.5842,55.0
15560.0,0.0275,43.4744,1.2
15561.0,0.9633,581.2912,559.97
15562.0,0.1037,757.8702,78.56
15563.0,0.9934,662.6267,658.24
15564.0,0.0074,92.2018,0.68
15565.0,0.5554,281.2632,156.2
15566.0,0.054,200.8563,10.85
15567.0,0.8935,232.856,208.05
15568.0,0.9047,737.8288,667.5
15569.0,0.9748,1017.4351,991.8
15570.0,0.9997,2023.1788,2022.47
15571.0,0.9951,1638.7794,1630.71
15572.0,0.9937,941.7383,935.76
15573.0,0.9915,342.024,339.11
15574.0,0.9797,111.977,109.71
15575.0,0.034,241.6588,8.21
15576.0,0.1615,879.7528,142.12
15577.0,0.6075,142.0023,86.27
15578.0,0.3517,602.3464,211.83
15579.0,0.8269,395.2658,326.83
15580.0,0.1546,217.4352,33.62
15581.0,0.918,777.5458,713.76
15582.0,0.9226,488.2438,450.47
15583.0,0.0927,234.6449,21.74
15584.0,0.9761,378.4988,369.44
15585.0,0.2902,258.9053,75.13
15586.0,0.0488,251.4674,12.28
15587.0,0.3427,345.0479,118.24
15588.0,0.0169,1015.0554,17.16
15589.0,0.4812,193.6873,93.2
15590.0,0.0875,175.9354,15.39
15591.0,0.0127,81.7726,1.04
15592.0,0.6232,432.7798,269.71
15593.0,0.5042,862.1686,434.7
15594.0,0.8202,858.3329,703.96
15595.0,0.0083,412.0086,3.44
15596.0,0.9879,947.7587,936.26
15597.0,0.3584,928.6799,332.8
15598.0,0.4866,358.6498,174.53
15599.0,0.7957,685.3455,545.31
15600.0,0.0925,246.5019,22.8
15601.0,0.9963,5249.8833,5230.42
15602.0,0.9919,1328.1464,1317.39
15603.0,0.5248,114.8648,60.28
15604.0,0.3553,482.1404,171.28
15605.0,0.9674,479.4051,463.79
15606.0,0.9976,1911.056,1906.45
15607.0,0.0785,235.9709,18.52
15608.0,0.7625,543.1855,414.19
15609.0,0.5055,300.2322,151.77
15610.0,0.0871,403.0932,35.1
15611.0,0.973,1187.4364,1155.39
15612.0,0.7985,115.2097,91.99
15613.0,0.0421,433.2232,18.22
15614.0,0.0522,567.1344,29.61
15615.0,0.998,6176.949,6164.7
15616.0,0.1778,207.9344,36.97
15617.0,0.5681,260.6266,148.07
15618.0,0.925,648.4568,599.8
15619.0,0.1804,223.5558,40.33
15620.0,0.7378,1058.458,780.95
15621.0,0.9239,1371.4495,1267.08
15622.0,0.996,1986.6768,1978.76
15623.0,0.9198,950.6154,874.37
15624.0,0.7361,409.4182,301.37
15625.0,0.8066,1636.2441,1319.76
15626.0,0.8867,555.8682,492.88
15627.0,0.1486,440.2902,65.41
15628.0,0.9973,1923.5999,1918.39
15629.0,0.0107,266.7614,2.85
15630.0,0.3508,292.446,102.6
15631.0,0.0885,800.6031,70.82
15632.0,0.9853,1520.567,1498.21
15633.0,0.1176,875.3499,102.94
15634.0,0.4025,616.0238,247.93
15635.0,0.1189,76.4755,9.09
15636.0,0.6484,311.039,201.67
15637.0,0.491,321.9744,158.08
15638.0,0.0183,761.7214,13.95
15639.0,0.3884,430.9096,167.36
15640.0,0.9986,9879.633,9865.88
15641.0,0.9852,1315.3219,1295.8
15642.0,0.0851,145.0289,12.35
15643.0,0.3537,371.2321,131.3
15644.0,0.817,345.9536,282.63
15645.0,0.9568,426.2718,407.85
15646.0,0.8354,757.4184,632.75
15647.0,0.0114,202.4923,2.31
15648.0,0.2683,220.7498,59.23
15649.0,0.1059,1097.3429,116.21
15650.0,0.1184,526.3316,62.32
15651.0,0.7502,861.0223,645.98
15652.0,0.6512,568.0322,369.89
15653.0,0.541,498.6085,269.74
15654.0,0.9019,795.3622,717.3
15655.0,0.2866,356.5142,102.19
15656.0,0.7549,253.3018,191.22
15657.0,0.6208,25199.828,15644.781
15658.0,0.612,497.3436,304.35
15659.0,0.6536,286.1256,187.01
15660.0,0.9921,1163.6984,1154.46
15661.0,0.1478,528.2945,78.1
15662.0,0.042,164.001,6.89
15663.0,0.5018,210.4784,105.61
15664.0,0.3679,776.8619,285.81
15665.0,0.9387,1287.2424,1208.32
15666.0,0.1257,253.3576,31.86
15667.0,0.7298,828.9092,604.9
15668.0,0.0103,111.9621,1.15
15669.0,0.8239,346.2915,285.31
15670.0,0.066,193.5097,12.77
15671.0,0.9929,1086.1733,1078.51
15672.0,0.0439,151.3129,6.64
15673.0,0.9952,2508.231,2496.18
15674.0,0.9774,1087.7229,1063.15
15675.0,0.8287,208.6035,172.88
15676.0,0.869,743.6953,646.28
15677.0,0.1169,670.7228,78.42
15678.0,0.7225,664.5436,480.12
15679.0,0.9772,289.6423,283.03
15680.0,0.9903,1600.5497,1585.07
15681.0,0.9979,1044.2303,1041.99
15682.0,0.0208,202.8955,4.22
15683.0,0.5059,403.093,203.92
15684.0,0.0068,126.25,0.86
15685.0,0.0125,113.3688,1.42
15686.0,0.1504,142.1013,21.37
15687.0,0.9874,596.1632,588.64
15688.0,0.006,242.0306,1.46
15689.0,0.3472,202.1647,70.2
15690.0,0.8972,577.22,517.91
15691.0,0.0839,222.9352,18.71
15692.0,0.8951,343.3282,307.31
15693.0,0.0996,184.3097,18.36
15694.0,0.9977,2419.2808,2413.69
15695.0,0.5788,615.2914,356.1
15696.0,0.9151,1554.8009,1422.81
15697.0,0.2425,398.2196,96.57
15698.0,0.0379,185.7447,7.04
15699.0,0.6166,299.8415,184.89
15700.0,0.3666,244.5878,89.66
15701.0,0.955,650.4762,621.22
15702.0,0.0041,110.0849,0.45
15703.0,0.2368,470.3022,111.37
15704.0,0.898,1600.2488,1436.96
15705.0,0.1647,151.5484,24.97
15706.0,0.7273,1066.2498,775.48
15707.0,0.9315,1083.7396,1009.55
15708.0,0.9297,1410.8612,1311.62
15709.0,0.0285,149.8921,4.28
15710.0,0.0869,603.2969,52.4
15711.0,0.1889,301.7784,57.01
15712.0,0.8714,754.9098,657.81
15713.0,0.292,469.5874,137.12
15714.0,0.6749,118.5685,80.03
15715.0,0.0653,158.1722,10.33
15716.0,0.9721,561.1791,545.5
15717.0,0.3509,167.9377,58.92
15718.0,0.0526,266.1006,13.98
15719.0,0.9996,3253.7961,3252.5
15720.0,0.595,348.3575,207.29
15721.0,0.9576,621.2364,594.91
15722.0,0.994,1721.472,1711.16
15723.0,0.345,429.02,148.03
15724.0,0.4019,58.67,23.58
15725.0,0.8438,413.2044,348.68
15726.0,0.6612,583.0672,385.51
15727.0,0.9993,3122.457,3120.29
15728.0,0.0282,268.5213,7.57
15729.0,0.0407,80.1177,3.26
15730.0,0.811,923.6293,749.06
15731.0,0.0316,304.2987,9.61
15732.0,0.7913,144.5191,114.36
15733.0,0.0347,256.6346,8.9
15734.0,0.6409,932.0569,597.4
15735.0,0.0726,613.7487,44.58
15736.0,0.4204,315.5367,132.66
15737.0,0.7422,739.2034,548.63
15738.0,0.9988,2634.7048,2631.43
15739.0,0.3667,852.464,312.59
15740.0,0.2003,667.1052,133.59
15741.0,0.0081,86.6283,0.7
15742.0,0.2011,165.0279,33.19
15743.0,0.8701,356.5139,310.22
15744.0,0.4049,145.6805,58.99
15745.0,0.9242,606.913,560.92
15746.0,0.3712,173.9183,64.56
15747.0,0.9246,915.5916,846.58
15748.0,0.4641,635.2224,294.82
15749.0,0.2669,24380.354,6506.98
15750.0,0.9991,2530.2866,2528.07
15751.0,0.1303,276.8585,36.09
15752.0,0.9924,1930.2133,1915.54
15753.0,0.0034,128.782,0.43
15754.0,0.9884,1487.1895,1470.01
15755.0,0.9982,2124.8445,2121.04
15756.0,0.7327,245.1962,179.65
15757.0,0.9639,745.97,719.01
15758.0,0.8617,707.0822,609.29
15759.0,0.2442,259.7818,63.43
15760.0,0.0101,1428.6267,14.38
15761.0,0.0227,284.4896,6.46
15762.0,0.5044,440.7024,222.27
15763.0,0.9078,921.1996,836.24
15764.0,0.9582,917.4585,879.07
15765.0,0.0525,636.653,33.41
15766.0,0.538,677.4826,364.48
15768.0,0.9167,989.6783,907.25
15769.0,0.9937,59505.973,59130.95
15770.0,0.0955,485.913,46.41
15771.0,0.1157,487.7717,56.41
15772.0,0.1112,594.6815,66.16
15773.0,0.3356,737.2816,247.45
15774.0,0.846,421.8138,356.86
15775.0,0.1174,92.4564,10.85
15776.0,0.2681,344.445,92.34
15777.0,0.1213,370.7342,44.96
15778.0,0.0515,418.4492,21.53
15779.0,0.0133,169.5793,2.25
15780.0,0.2845,238.5364,67.86
15781.0,0.8096,148.1236,119.91
15782.0,0.9738,632.0842,615.55
15783.0,0.4895,348.4726,170.57
15784.0,0.0509,735.9907,37.49
15785.0,0.9985,3282.6604,3277.59
15786.0,0.7558,1928.6078,1457.6
15787.0,0.9871,333.1176,328.82
15788.0,0.0373,419.1121,15.65
15789.0,0.1371,478.2314,65.58
15790.0,0.6406,339.5794,217.54
15791.0,0.6376,1180.1447,752.49
15792.0,0.1258,603.7226,75.97
15793.0,0.9511,1603.1674,1524.8
15794.0,0.207,444.721,92.07
15795.0,0.8968,767.3938,688.23
15796.0,0.9957,1759.5583,1751.94
15797.0,0.5789,1938.7112,1122.35
15798.0,0.1093,162.7513,17.79
15799.0,0.7524,474.7938,357.25
15800.0,0.9875,242.7172,239.68
15801.0,0.8186,886.3673,725.58
15802.0,0.0071,476.0263,3.39
15803.0,0.3108,696.3896,216.43
15804.0,0.9914,2900.5103,2875.46
15805.0,0.9978,3764.7908,3756.35
15806.0,0.3624,692.9073,251.09
15807.0,0.7648,670.1526,512.54
15808.0,0.1291,1025.6313,132.4
15809.0,0.7674,280.4316,215.22
15810.0,0.9753,1741.3835,1698.31
15811.0,0.9657,1684.6794,1626.87
15812.0,0.9883,1529.1788,1511.32
15813.0,0.2398,1394.2262,334.31
15814.0,0.9153,858.6785,785.93
15815.0,0.8734,812.5182,709.63
15816.0,0.0298,198.7636,5.92
15817.0,0.3322,786.7921,261.35
15818.0,0.0745,521.45,38.82
15819.0,0.9903,1269.2698,1256.92
15820.0,0.0253,299.1586,7.58
15821.0,0.6876,556.1388,382.4
15822.0,0.6711,421.5122,282.87
15823.0,0.0837,1393.8756,116.64
15824.0,0.1513,295.3088,44.67
15825.0,0.1433,211.1253,30.25
15826.0,0.9288,1332.8727,1238.01
15827.0,0.9499,349.4704,331.95
15828.0,0.3673,524.2148,192.55
15829.0,0.6161,597.0816,367.89
15830.0,0.5976,1186.6937,709.17
15831.0,0.6421,940.5213,603.92
15832.0,0.1429,249.0456,35.6
15833.0,0.01,132.4247,1.33
15834.0,0.9617,1230.3234,1183.15
15835.0,0.6332,349.6984,221.43
15836.0,0.3289,644.8503,212.07
15837.0,0.2224,412.6432,91.75
15838.0,0.9947,30126.547,29967.91
15839.0,0.8114,1037.7201,842.02
15840.0,0.2085,141.3354,29.47
15841.0,0.9779,738.3332,722.01
15842.0,0.6536,262.5668,171.61
15843.0,0.1905,216.0968,41.18
15844.0,0.1533,628.6294,96.4
15845.0,0.9044,1168.1107,1056.5
15846.0,0.0238,170.0786,4.05
15847.0,0.6838,188.3916,128.82
15848.0,0.0963,388.3167,37.38
15850.0,0.9566,290.7,278.09
15851.0,0.0193,342.9647,6.62
15852.0,0.8712,74.577,64.97
15853.0,0.0651,489.517,31.89
15854.0,0.9947,1556.7859,1548.53
15855.0,0.698,523.9328,365.69
15856.0,0.9991,16584.37,16570.25
15857.0,0.3754,699.8897,262.76
15858.0,0.9956,1497.2667,1490.63
15859.0,0.2688,406.8489,109.38
15860.0,0.9825,790.3708,776.51
15861.0,0.9981,1472.673,1469.83
15862.0,0.9947,915.8421,910.95
15863.0,0.8762,72.2467,63.3
15864.0,0.9706,724.807,703.47
15865.0,0.7761,460.6461,357.53
15866.0,0.4253,276.3424,117.53
15867.0,0.9997,2449.5063,2448.89
15868.0,0.0265,137.1193,3.63
15869.0,0.0871,142.3728,12.41
15870.0,0.334,362.6312,121.11
15871.0,0.0272,168.9264,4.59
15872.0,0.7451,266.222,198.36
15873.0,0.0427,100.3687,4.29
15874.0,0.9902,2377.2458,2353.96
15875.0,0.0706,262.2395,18.52
15876.0,0.2151,394.638,84.88
15877.0,0.9794,940.0882,920.74
15878.0,0.0264,188.368,4.97
15879.0,0.4983,236.1927,117.7
15880.0,0.4932,516.8938,254.92
15881.0,0.0499,75.8378,3.78
15882.0,0.554,336.7209,186.53
15883.0,0.9049,632.1591,572.01
15884.0,0.009,199.166,1.8
15885.0,0.9524,223.7362,213.09
15886.0,0.5259,678.8606,356.99
15887.0,0.2969,507.2616,150.61
15888.0,0.6276,188.2124,118.13
15889.0,0.8531,615.6112,525.16
15890.0,0.0913,95.4976,8.72
15891.0,0.3531,413.7958,146.13
15892.0,0.0503,322.7326,16.24
15893.0,0.2698,314.2732,84.8
15894.0,0.2326,318.1695,74.0
15895.0,0.1028,273.0534,28.07
15897.0,0.1407,243.787,34.3
15898.0,0.9978,1089.6147,1087.22
15899.0,0.1578,171.0045,26.98
15900.0,0.9704,747.0996,724.95
15901.0,0.8566,106.7111,91.41
15902.0,0.0506,255.7046,12.93
15903.0,0.9889,1118.8888,1106.46
15904.0,0.1761,292.6683,51.55
15905.0,0.2495,332.2576,82.9
15906.0,0.8928,553.3315,494.03
15907.0,0.8823,577.6726,509.66
15908.0,0.0754,256.5059,19.33
15909.0,0.3381,172.5576,58.34
15910.0,0.9798,995.3765,975.32
15911.0,0.0465,197.7477,9.19
15912.0,0.8432,216.3122,182.4
15913.0,0.1478,713.368,105.46
15914.0,0.0429,60.2735,2.59
15915.0,0.1536,252.1254,38.74
15916.0,0.9927,538.6204,534.71
15917.0,0.1764,116.9391,20.63
15918.0,0.2626,130.5356,34.28
15919.0,0.8883,179.5739,159.52
15920.0,0.4664,77.1467,35.98
15921.0,0.3991,189.7512,75.73
15922.0,0.1862,653.662,121.7
15923.0,0.0504,260.9499,13.16
15924.0,0.071,139.9868,9.94
15925.0,0.3043,190.9868,58.12
15926.0,0.0754,350.9129,26.45
15927.0,0.0223,250.2716,5.58
15928.0,0.0801,407.4333,32.65
15929.0,0.0281,989.6178,27.8
15930.0,0.2803,827.9786,232.12
15931.0,0.1188,349.4298,41.53
15932.0,0.9738,829.1994,807.46
15933.0,0.9876,517.4628,511.02
15934.0,0.0066,454.1182,2.99
15935.0,0.0697,380.776,26.52
15936.0,0.0734,168.4518,12.36
15937.0,0.1696,384.8818,65.27
15938.0,0.8874,70.3868,62.46
15939.0,0.9387,1857.319,1743.42
15940.0,0.0035,254.2709,0.89
15941.0,0.0162,788.073,12.78
15942.0,0.3702,315.3706,116.75
15943.0,0.0098,190.3314,1.86
15944.0,0.0615,1175.5353,72.35
15945.0,0.1065,447.5614,47.66
15946.0,0.057,461.3532,26.28
15947.0,0.1276,1501.2019,191.58
15948.0,0.419,767.0246,321.36
15949.0,0.6275,547.7362,343.71
15950.0,0.993,1850.414,1837.38
15951.0,0.5958,194.1309,115.67
15952.0,0.8319,355.1824,295.47
15953.0,0.9925,1138.1794,1129.69
15954.0,0.2188,191.7832,41.96
15955.0,0.9985,1850.6224,1847.86
15956.0,0.1204,484.4622,58.32
15957.0,0.8298,526.1827,436.65
15958.0,0.6173,242.439,149.66
15959.0,0.0609,176.6261,10.76
15960.0,0.0928,83.3991,7.74
15961.0,0.4012,226.1441,90.73
15962.0,0.0343,210.7538,7.23
15963.0,0.8561,583.936,499.94
15964.0,0.1142,411.2464,46.97
15965.0,0.9954,784.5564,780.97
15966.0,0.0259,271.5088,7.04
15967.0,0.9969,341.0279,339.98
15968.0,0.2722,243.2724,66.21
15969.0,0.8645,445.9386,385.53
15970.0,0.3304,1194.523,394.62
15971.0,0.9991,2308.3545,2306.28
15972.0,0.1167,216.5389,25.27
15973.0,0.1492,356.8453,53.25
15974.0,0.8357,1534.5819,1282.39
15975.0,0.2278,723.3316,164.75
15976.0,0.7603,727.086,552.82
15977.0,0.9812,695.3476,682.28
15978.0,0.4008,997.2292,399.67
15979.0,0.1913,461.0118,88.21
15980.0,0.9834,2381.8408,2342.32
15981.0,0.9959,2653.7585,2643.0
15982.0,0.2116,270.2673,57.2
15983.0,0.9209,977.1794,899.93
15984.0,0.9997,2609.3162,2608.52
15985.0,0.9304,742.1274,690.5
15986.0,0.2834,386.6242,109.59
15987.0,0.7044,490.1547,345.27
15988.0,0.8747,291.6022,255.06
15989.0,0.0699,239.8469,16.76
15990.0,0.7145,538.3868,384.68
15991.0,0.0609,314.8183,19.19
15992.0,0.5242,193.1374,101.25
15993.0,0.9965,2410.5693,2402.18
15994.0,0.6601,578.5562,381.92
15995.0,0.1532,437.7384,67.06
15996.0,0.7152,379.9185,271.7
15998.0,0.9965,1438.5223,1433.48
15999.0,0.0867,294.2279,25.52
16000.0,0.7238,8443.594,6111.57
16001.0,0.4765,563.2554,268.38
16002.0,0.3673,224.2942,82.37
16003.0,0.9607,1516.6512,1457.03
16004.0,0.0158,184.6332,2.92
16005.0,0.9795,803.711,787.25
16006.0,0.3569,196.4074,70.09
16007.0,0.9579,1120.0984,1072.99
16008.0,0.9986,1817.5262,1814.91
16009.0,0.948,417.4146,395.7
16010.0,0.0799,231.857,18.52
16011.0,0.997,1413.7751,1409.51
16012.0,0.772,728.5575,562.45
16013.0,0.9932,18843.834,18716.47
16014.0,0.9862,642.7724,633.88
16015.0,0.9704,968.2939,939.59
16016.0,0.9491,693.9682,658.66
16017.0,0.7069,233.8491,165.3
16018.0,0.7718,357.1469,275.66
16019.0,0.985,4249.3813,4185.5
16020.0,0.9222,304.4504,280.77
16021.0,0.4901,231.1073,113.27
16022.0,0.1592,279.3564,44.47
16023.0,0.7029,260.8097,183.31
16024.0,0.3431,197.04,67.61
16025.0,0.4711,1600.2343,753.94
16026.0,0.5243,1028.8762,539.47
16027.0,0.9396,373.6181,351.06
16028.0,0.0187,143.8405,2.69
16029.0,0.9825,41660.03,40929.01
16030.0,0.0632,361.908,22.89
16031.0,0.7655,523.8,400.98
16032.0,0.0671,365.5468,24.52
16033.0,0.9988,2855.8196,2852.36
16034.0,0.2233,462.2987,103.22
16035.0,0.0236,472.2465,11.13
16036.0,0.5158,834.5564,430.46
16037.0,0.0977,266.0939,25.99
16038.0,0.7058,535.4261,377.92
16039.0,0.1138,743.2824,84.62
16040.0,0.944,584.9021,552.16
16041.0,0.2889,1144.9761,330.81
16042.0,0.9528,502.4526,478.73
16043.0,0.8871,830.2372,736.49
16044.0,0.1634,218.2726,35.67
16045.0,0.8286,1122.2811,929.93
16046.0,0.0516,404.9316,20.89
16047.0,0.0512,206.3285,10.57
16048.0,0.1858,726.9194,135.04
16049.0,0.8692,352.7501,306.62
16050.0,0.7604,141.7805,107.8
16051.0,0.2167,251.0006,54.4
16052.0,0.4776,487.7845,232.97
16053.0,0.9586,668.0689,640.42
16054.0,0.1149,392.0947,45.05
16055.0,0.119,329.2426,39.18
16056.0,0.6567,472.9353,310.56
16057.0,0.986,591.3522,583.05
16058.0,0.1107,76.8136,8.5
16059.0,0.973,544.5893,529.9
16060.0,0.0692,144.5171,9.99
16061.0,0.0651,155.8244,10.15
16062.0,0.9652,943.5922,910.79
16063.0,0.3942,416.8878,164.33
16064.0,0.0496,355.0722,17.63
16065.0,0.0134,542.9076,7.29
16066.0,0.9387,602.2216,565.31
16067.0,0.0257,680.8426,17.47
16068.0,0.0299,253.0033,7.57
16069.0,0.2465,525.1761,129.44
16070.0,0.9369,474.7446,444.8
16071.0,0.5614,455.2986,255.6
16072.0,0.4927,1809.8458,891.73
16073.0,0.0254,186.1134,4.73
16074.0,0.0453,878.0992,39.74
16075.0,0.043,348.9859,15.01
16076.0,0.7615,988.5574,752.82
16077.0,0.0242,1103.7278,26.72
16078.0,0.1001,219.5528,21.98
16079.0,0.9353,1196.408,1119.02
16080.0,0.6103,335.3362,204.67
16081.0,0.7271,1119.6484,814.08
16082.0,0.0122,198.4393,2.43
16083.0,0.8653,832.6076,720.44
16084.0,0.3995,352.0473,140.63
16085.0,0.9977,438.4534,437.43
16086.0,0.9735,1612.4197,1569.67
16087.0,0.3709,438.8198,162.77
16088.0,0.2005,974.9547,195.5
16089.0,0.2092,204.9507,42.88
16090.0,0.0914,361.0512,32.99
16091.0,0.3119,473.2412,147.6
16092.0,0.9015,333.1525,300.34
16093.0,0.5215,159.8816,83.38
16094.0,0.9544,710.4564,678.06
16095.0,0.0373,344.9672,12.87
16096.0,0.489,900.2781,440.22
16097.0,0.1796,193.9085,34.84
16098.0,0.9826,1019.2977,1001.55
16099.0,0.8242,194.1919,160.04
16100.0,0.0665,323.0372,21.5
16101.0,0.902,951.4938,858.25
16102.0,0.8199,1088.5435,892.52
16103.0,0.9991,2060.4749,2058.68
16104.0,0.9256,271.5318,251.32
16105.0,0.3013,685.0536,206.44
16106.0,0.1363,755.9818,103.04
16107.0,0.982,1267.7594,1244.97
16108.0,0.3549,454.4791,161.28
16109.0,0.3061,597.3906,182.89
16110.0,0.7755,366.4288,284.18
16111.0,0.2822,537.9536,151.8
16112.0,0.8094,224.9602,182.08
16113.0,0.2574,180.0622,46.35
16114.0,0.2233,295.5899,66.01
16115.0,0.9876,896.6069,885.53
16116.0,0.3036,282.6832,85.82
16117.0,0.4205,160.7617,67.6
16118.0,0.2366,1124.212,265.97
16119.0,0.7914,277.5217,219.64
16120.0,0.8981,852.8303,765.96
16121.0,0.6591,114.6835,75.59
16122.0,0.866,559.4096,484.43
16123.0,0.5806,677.8651,393.54
16124.0,0.089,647.7684,57.62
16125.0,0.0146,610.1424,8.92
16126.0,0.9635,4415.8027,4254.82
16127.0,0.644,969.2784,624.25
16128.0,0.5596,1030.2905,576.52
16129.0,0.7077,242.5117,171.64
16130.0,0.1566,246.5696,38.62
16131.0,0.9682,3213.2761,3111.06
16132.0,0.1857,364.9486,67.78
16133.0,0.9987,11759.709,11744.94
16134.0,0.9252,463.461,428.8
16135.0,0.2461,734.2798,180.7
16136.0,0.7126,496.636,353.88
16137.0,0.1657,579.3508,95.99
16138.0,0.1658,728.2765,120.74
16139.0,0.9277,422.5188,391.98
16140.0,0.427,711.2738,303.7
16141.0,0.2555,469.0944,119.85
16142.0,0.2879,529.1859,152.34
16143.0,0.9552,1253.6501,1197.46
16144.0,0.0142,141.4247,2.01
16145.0,0.9983,1846.4342,1843.36
16146.0,0.4264,422.6341,180.19
16147.0,0.1665,675.1784,112.43
16148.0,0.1113,271.3904,30.21
16149.0,0.8119,176.6172,143.4
16150.0,0.9577,1322.0848,1266.13
16152.0,0.0486,2122.812,103.12
16153.0,0.981,1446.7097,1419.19
16155.0,0.3207,214.892,68.92
16156.0,0.999,1366.8689,1365.5
16157.0,0.722,493.1565,356.05
16158.0,0.1336,45.1344,6.03
16159.0,0.1033,544.9558,56.29
16160.0,0.7059,865.3685,610.88
16161.0,0.9998,3072.2324,3071.65
16162.0,0.0175,198.9473,3.49
16163.0,0.2997,695.5272,208.47
16164.0,0.8074,828.616,669.06
16165.0,0.0308,161.947,4.99
16166.0,0.0436,301.3276,13.13
16167.0,0.0247,230.8182,5.7
16168.0,0.9863,4058.9993,4003.36
16169.0,0.9779,1563.6489,1529.02
16170.0,0.9979,2376.3013,2371.3
16171.0,0.3445,104.0462,35.85
16172.0,0.9554,725.149,692.81
16173.0,0.9559,1205.9467,1152.71
16174.0,0.8404,745.2469,626.29
16175.0,0.9596,362.2551,347.63
16176.0,0.0221,162.8742,3.6
16177.0,0.8762,665.8054,583.38
16178.0,0.4642,519.5059,241.17
16179.0,0.5053,185.397,93.69
16180.0,0.71,2078.6572,1475.83
16181.0,0.5402,524.891,283.54
16182.0,0.9683,4218.0103,4084.26
16183.0,0.6549,323.5614,211.9
16184.0,0.6342,1232.4288,781.56
16185.0,0.8154,536.2296,437.25
16186.0,0.9976,2350.2256,2344.67
16187.0,0.9958,2829.6987,2817.73
16188.0,0.7423,677.5386,502.96
16189.0,0.6721,517.5073,347.8
16190.0,0.9589,975.9734,935.83
16191.0,0.9985,4734.411,4727.33
16192.0,0.0362,526.549,19.06
16193.0,0.5555,371.8885,206.58
16194.0,0.0934,304.7023,28.46
16195.0,0.0816,365.4241,29.8
16196.0,0.0162,142.1436,2.3
16197.0,0.1918,210.1567,40.31
16198.0,0.2743,505.6797,138.68
16199.0,0.0442,291.2364,12.86
16200.0,0.9979,1814.7802,1811.05
16201.0,0.8095,648.8405,525.25
16202.0,0.0258,926.1578,23.91
16203.0,0.3797,271.4166,103.05
16204.0,0.6795,268.3044,182.32
16205.0,0.935,345.2227,322.78
16206.0,0.9964,660.304,657.92
16207.0,0.2317,875.3532,202.86
16208.0,0.9399,885.7802,832.52
16209.0,0.9866,1505.457,1485.32
16210.0,0.9962,15262.706,15204.84
16211.0,0.5937,576.4066,342.23
16212.0,0.5684,326.2024,185.42
16213.0,0.2347,464.9086,109.11
16214.0,0.8277,1208.1892,999.97
16215.0,0.4741,207.7753,98.5
16216.0,0.0776,715.3328,55.51
16217.0,0.26,167.3958,43.53
16218.0,0.9961,2609.8525,2599.59
16219.0,0.064,295.2424,18.91
16221.0,0.9931,573.797,569.83
16222.0,0.7104,1561.3855,1109.25
16223.0,0.2843,438.6504,124.71
16224.0,0.8192,601.561,492.81
16225.0,0.9892,695.3612,687.82
16226.0,0.5316,157.5961,83.78
16227.0,0.4412,397.1722,175.25
16228.0,0.1219,303.2168,36.96
16229.0,0.8424,931.7846,784.89
16230.0,0.6266,352.2016,220.7
16231.0,0.2148,495.3021,106.37
16232.0,0.9307,726.926,676.56
16233.0,0.93,310.9923,289.22
16234.0,0.0552,131.2326,7.24
16235.0,0.9708,747.7998,725.94
16236.0,0.3017,688.7616,207.81
16237.0,0.1726,318.2887,54.93
16238.0,0.0921,158.5984,14.61
16239.0,0.811,486.741,394.74
16240.0,0.9687,1218.9545,1180.79
16241.0,0.9979,1955.87,1951.69
16242.0,0.994,3067.1194,3048.76
16243.0,0.8009,601.0905,481.43
16244.0,0.3749,1233.242,462.34
16245.0,0.9,1000.819,900.78
16246.0,0.134,412.6498,55.31
16247.0,0.0976,154.6467,15.09
16248.0,0.2989,424.0756,126.75
16249.0,0.8847,739.0615,653.85
16250.0,0.2695,357.5589,96.36
16251.0,0.0071,538.2667,3.84
16252.0,0.1178,326.2684,38.44
16253.0,0.9832,2447.389,2406.22
16254.0,0.2636,384.4864,101.35
16255.0,0.9964,2075.94,2068.55
16256.0,0.7982,449.4148,358.73
16257.0,0.0553,142.9459,7.9
16258.0,0.9536,3268.3428,3116.55
16259.0,0.0286,194.0693,5.55
16260.0,0.0471,1073.8959,50.62
16261.0,0.5738,421.59,241.9
16262.0,0.4499,519.5714,233.77
16263.0,0.0574,560.7635,32.18
16264.0,0.0752,341.1962,25.66
16265.0,0.9963,2383.507,2374.6
16266.0,0.9249,376.0027,347.75
16267.0,0.359,178.128,63.95
16268.0,0.8144,365.949,298.04
16269.0,0.2689,570.4194,153.39
16270.0,0.111,1298.2002,144.04
16271.0,0.9844,639.2534,629.27
16272.0,0.3918,328.4331,128.66
16273.0,0.0155,191.1828,2.96
16274.0,0.5048,383.5976,193.66
16275.0,0.4075,1030.6088,419.97
16276.0,0.6604,1162.7107,767.9
16277.0,0.0281,387.8423,10.9
16278.0,0.2702,314.6646,85.01
16279.0,0.9961,1624.5312,1618.15
16280.0,0.0978,370.0193,36.2
16281.0,0.1423,1314.232,187.03
16282.0,0.3453,1370.7056,473.24
16283.0,0.9044,2454.617,2219.99
16284.0,0.6424,807.7026,518.9
16285.0,0.0479,227.082,10.88
16286.0,0.0188,194.8961,3.66
16287.0,0.834,348.7335,290.86
16288.0,0.0421,272.8484,11.48
16289.0,0.1191,242.6684,28.9
16290.0,0.0679,136.6774,9.28
16291.0,0.0729,200.1462,14.59
16292.0,0.3373,1062.1686,358.25
16293.0,0.9733,1058.9557,1030.67
16294.0,0.0235,547.159,12.83
16295.0,0.9682,1105.4169,1070.23
16296.0,0.1628,312.8246,50.92
16297.0,0.3609,678.0503,244.73
16298.0,0.7345,250.9684,184.33
16299.0,0.0262,263.7122,6.91
16300.0,0.203,401.4236,81.47
16301.0,0.0113,204.3545,2.32
16302.0,0.2372,308.6705,73.23
16303.0,0.9807,1858.1532,1822.33
16304.0,0.0771,652.0404,50.29
16305.0,0.265,354.9742,94.06
16306.0,0.1367,348.0571,47.59
16307.0,0.024,254.267,6.11
16308.0,0.9921,1447.6199,1436.14
16309.0,0.7712,296.0955,228.33
16310.0,0.0312,538.9668,16.79
16311.0,0.885,521.5262,461.54
16312.0,0.0081,258.9191,2.11
16313.0,0.9299,356.791,331.78
16314.0,0.2922,520.6529,152.15
16315.0,0.1192,220.2452,26.26
16316.0,0.9961,1779.3704,1772.36
16317.0,0.2599,720.4496,187.24
16318.0,0.644,500.0726,322.03
16319.0,0.1401,622.5266,87.23
16320.0,0.9435,1418.9265,1338.76
16321.0,0.7144,79.569,56.85
16322.0,0.6856,564.8804,387.26
16323.0,0.1997,212.7964,42.5
16324.0,0.4221,169.7521,71.65
16325.0,0.914,1086.0557,992.64
16326.0,0.9688,1522.4452,1474.93
16327.0,0.9968,5217.1855,5200.62
16328.0,0.1292,309.1174,39.93
16329.0,0.0567,186.9734,10.59
16330.0,0.7872,101.816,80.15
16331.0,0.0291,276.8623,8.06
16332.0,0.8834,649.6798,573.95
16333.0,0.9989,10839.622,10828.06
16334.0,0.0384,507.7412,19.49
16335.0,0.0225,453.7282,10.19
16336.0,0.0156,694.0942,10.85
16337.0,0.5422,627.5252,340.25
16338.0,0.1409,222.9054,31.4
16339.0,0.0309,431.0744,13.31
16340.0,0.3337,376.6697,125.69
16341.0,0.9793,807.6652,790.93
16342.0,0.3494,201.1995,70.3
16343.0,0.5599,488.8069,273.66
16344.0,0.294,392.2368,115.31
16345.0,0.3159,555.7187,175.54
16346.0,0.0689,339.0584,23.36
16347.0,0.9456,504.3584,476.9
16348.0,0.9842,722.6827,711.28
16349.0,0.0052,238.806,1.25
16350.0,0.9919,924.459,917.0
16351.0,0.0142,841.1853,11.95
16352.0,0.5736,409.3182,234.8
16353.0,0.9931,1863.4346,1850.6
16354.0,0.884,848.9178,750.47
16355.0,0.1423,243.5674,34.66
16356.0,0.2123,62.1725,13.2
16357.0,0.7979,308.0972,245.83
16358.0,0.7123,1172.6384,835.21
16359.0,0.9492,517.1234,490.87
16360.0,0.9956,2911.1887,2898.42
16361.0,0.8819,878.3151,774.57
16362.0,0.6286,161.4521,101.49
16363.0,0.4644,527.4461,244.93
16364.0,0.5177,339.3259,175.67
16365.0,0.9831,1081.367,1063.07
16366.0,0.7854,224.3672,176.21
16367.0,0.9134,715.4052,653.49
16368.0,0.4975,332.7641,165.55
16369.0,0.9723,957.7704,931.2
16370.0,0.8584,235.821,202.42
16371.0,0.0276,235.4851,6.5
16372.0,0.9112,335.9066,306.09
16373.0,0.0995,119.0393,11.85
16374.0,0.794,221.2396,175.66
16375.0,0.0113,127.4032,1.44
16376.0,0.9516,1953.6926,1859.14
16377.0,0.5955,1038.5728,618.5
16378.0,0.1562,123.8367,19.34
16379.0,0.9736,1924.0376,1873.32
16380.0,0.4328,1133.5764,490.56
16381.0,0.2391,183.0201,43.77
16382.0,0.0372,305.1756,11.36
16383.0,0.9216,630.5948,581.17
16384.0,0.6142,268.3226,164.79
16385.0,0.6091,361.5278,220.19
16386.0,0.4637,477.1558,221.28
16387.0,0.066,322.0176,21.25
16388.0,0.1802,251.0006,45.22
16389.0,0.8806,960.743,846.02
16390.0,0.0275,216.2972,5.95
16391.0,0.0895,221.9466,19.86
16392.0,0.4452,358.9005,159.79
16393.0,0.9994,2344.801,2343.33
16394.0,0.9371,273.6534,256.43
16395.0,0.9943,1112.7141,1106.35
16396.0,0.083,358.5989,29.76
16397.0,0.0351,465.3112,16.34
16398.0,0.5204,1116.9717,581.3
16399.0,0.7433,293.556,218.21
16400.0,0.99,772.9792,765.23
16401.0,0.9992,3057.6157,3055.15
16402.0,0.679,334.508,227.11
16403.0,0.0196,162.7339,3.2
16404.0,0.5834,1425.9059,831.84
16405.0,0.2672,88.9652,23.77
16406.0,0.8635,151.4216,130.76
16407.0,0.9972,1060.2059,1057.22
16408.0,0.0756,285.7973,21.6
16409.0,0.9971,1503.2756,1498.86
16410.0,0.1734,245.2088,42.51
16411.0,0.6725,371.5101,249.84
16412.0,0.6293,202.5372,127.45
16413.0,0.3977,643.6863,255.99
16414.0,0.94,182.463,171.52
16415.0,0.6313,370.2468,233.75
16416.0,0.993,1038.0549,1030.76
16417.0,0.3996,251.2061,100.38
16418.0,0.4437,671.6466,298.0
16419.0,0.6997,298.0206,208.53
16420.0,0.2269,97.096,22.04
16421.0,0.227,96.3777,21.88
16422.0,0.9975,27102.066,27033.092
16423.0,0.5036,454.4884,228.9
16424.0,0.3947,294.7402,116.32
16425.0,0.2579,356.9648,92.05
16426.0,0.9797,616.954,604.45
16427.0,0.1622,106.9721,17.35
16428.0,0.2777,398.9142,110.8
16429.0,0.3464,223.916,77.56
16430.0,0.8119,367.7404,298.56
16431.0,0.5207,411.4249,214.24
16432.0,0.5251,433.4938,227.62
16433.0,0.3566,221.2584,78.9
16434.0,0.9105,1251.0349,1139.03
16435.0,0.2424,296.538,71.88
16436.0,0.0391,228.1686,8.91
16437.0,0.0981,177.9244,17.45
16438.0,0.2597,480.0515,124.69
16439.0,0.0259,461.8014,11.95
16440.0,0.7585,1195.8811,907.07
16441.0,0.7992,346.1476,276.64
16442.0,0.7838,349.2529,273.73
16443.0,0.1588,277.5696,44.08
16444.0,0.9955,888.1738,884.16
16445.0,0.6463,213.8678,138.22
16446.0,0.3374,24933.537,8412.38
16447.0,0.5423,316.2988,171.53
16448.0,0.3205,160.2808,51.37
16449.0,0.7688,398.1759,306.12
16450.0,0.1594,814.8386,129.9
16451.0,0.5288,303.4584,160.46
16452.0,0.106,189.1852,20.06
16453.0,0.057,203.5936,11.6
16454.0,0.7599,17.9062,13.61
16455.0,0.984,1526.55,1502.2
16456.0,0.9528,1213.7539,1156.44
16457.0,0.5096,321.2901,163.74
16458.0,0.9926,2030.7552,2015.72
16459.0,0.0097,143.7051,1.4
16460.0,0.9861,655.438,646.3
16461.0,0.2052,169.1548,34.71
16462.0,0.1781,59.8704,10.66
16463.0,0.9592,933.1453,895.05
16464.0,0.9724,688.1662,669.17
16465.0,0.0375,291.1321,10.93
16466.0,0.9768,443.7212,433.41
16467.0,0.0733,293.5324,21.52
16468.0,0.4525,350.6522,158.69
16469.0,0.9713,240.6488,233.73
16470.0,0.9972,722.7414,720.7
16471.0,0.0586,630.521,36.96
16472.0,0.0492,619.3786,30.45
16473.0,0.4588,258.5622,118.63
16474.0,0.9718,683.4421,664.18
16475.0,0.4169,239.425,99.81
16476.0,0.0812,446.8682,36.3
16477.0,0.9554,1179.8574,1127.22
16478.0,0.8878,412.6778,366.36
16479.0,0.8685,474.1332,411.77
16480.0,0.6873,263.9661,181.43
16481.0,0.1161,477.38,55.44
16482.0,0.8877,474.7265,421.4
16483.0,0.2541,350.0439,88.95
16484.0,0.5691,195.5156,111.28
16485.0,0.4167,393.9124,164.14
16486.0,0.0393,418.0605,16.43
16487.0,0.0169,91.7786,1.55
16488.0,0.4186,447.979,187.52
16489.0,0.1396,171.4576,23.94
16490.0,0.0574,352.5828,20.23
16491.0,0.2436,1026.7334,250.09
16492.0,0.0753,393.1557,29.61
16493.0,0.9433,501.7101,473.27
16494.0,0.384,768.0456,294.94
16495.0,0.7342,416.3366,305.67
16496.0,0.8821,468.836,413.58
16497.0,0.999,2267.1697,2264.8
16498.0,0.4933,85.4076,42.13
16499.0,0.0592,763.3976,45.16
16500.0,0.8115,293.0917,237.83
16501.0,0.3945,411.0328,162.15
16502.0,0.0125,254.668,3.18
16503.0,0.4744,413.3986,196.11
16504.0,0.9244,530.585,490.49
16505.0,0.8874,770.296,683.57
16506.0,0.6991,47.3933,33.13
16507.0,0.3327,204.2299,67.94
16508.0,0.238,310.0162,73.78
16509.0,0.0162,245.1736,3.97
16510.0,0.0391,481.9744,18.86
16511.0,0.8295,212.5279,176.29
16513.0,0.6379,484.7123,309.21
16515.0,0.9489,598.1632,567.59
16516.0,0.0555,296.7642,16.48
16517.0,0.0757,136.9272,10.36
16518.0,0.8654,394.6956,341.58
16519.0,0.8928,296.2915,264.53
16520.0,0.6834,863.2135,589.89
16521.0,0.03,234.174,7.04
16522.0,0.051,294.3404,15.01
16523.0,0.9986,2402.8704,2399.55
16524.0,0.0191,368.1698,7.02
16525.0,0.9982,9963.986,9945.57
16526.0,0.1928,423.286,81.61
16527.0,0.3177,728.5526,231.45
16528.0,0.6097,259.3149,158.1
16529.0,0.4752,457.5852,217.45
16530.0,0.0198,151.3129,2.99
16531.0,0.9911,758.6964,751.92
16532.0,0.8337,1190.7153,992.72
16533.0,0.9767,560.2459,547.2
16534.0,0.4078,814.368,332.11
16535.0,0.4655,644.1119,299.85
16536.0,0.4593,171.0677,78.57
16537.0,0.0118,230.8663,2.72
16538.0,0.0232,225.9475,5.24
16539.0,0.9224,550.0546,507.35
16540.0,0.0144,616.7793,8.89
16541.0,0.2569,427.9234,109.93
16542.0,0.1864,153.1186,28.54
16543.0,0.2211,420.8811,93.07
16544.0,0.0156,68.2302,1.06
16545.0,0.5462,517.1672,282.5
16546.0,0.1666,797.4932,132.88
16547.0,0.1666,347.8781,57.96
16548.0,0.0376,353.774,13.3
16549.0,0.9993,2053.4722,2051.96
16550.0,0.6114,1255.4739,767.54
16551.0,0.9499,231.0294,219.45
16552.0,0.1896,363.2733,68.88
16553.0,0.5646,1095.5134,618.51
16554.0,0.958,1036.0983,992.59
16555.0,0.9663,369.652,357.2
16556.0,0.9954,1685.9019,1678.23
16557.0,0.7062,342.4266,241.81
16558.0,0.9992,2399.7866,2397.85
16559.0,0.013,189.289,2.47
16560.0,0.8803,1098.9996,967.45
16561.0,0.4982,371.9401,185.3
16562.0,0.0525,419.7109,22.05
16563.0,0.9642,1354.8243,1306.32
16564.0,0.0056,132.4247,0.74
16565.0,0.0546,241.9608,13.2
16566.0,0.6506,375.2286,244.14
16567.0,0.4768,285.0572,135.93
16568.0,0.1175,931.7424,109.53
16569.0,0.7817,300.9278,235.23
16570.0,0.9994,3804.496,3802.09
16571.0,0.993,2381.5056,2364.82
16572.0,0.2752,368.8888,101.52
16573.0,0.6104,344.2138,210.11
16574.0,0.3253,351.0068,114.2
16576.0,0.1167,296.8491,34.64
16577.0,0.0577,636.5916,36.7
16578.0,0.0888,203.1765,18.03
16579.0,0.0319,400.2681,12.77
16581.0,0.0613,211.6024,12.97
16582.0,0.2151,315.3861,67.83
16583.0,0.0573,405.9054,23.25
16584.0,0.7074,709.309,501.74
16585.0,0.0252,145.6887,3.67
16586.0,0.3028,482.6898,146.15
16587.0,0.2241,700.23,156.89
16588.0,0.1348,197.7907,26.67
16589.0,0.5656,345.2626,195.28
16590.0,0.2206,314.1433,69.3
16591.0,0.3612,1094.5726,395.39
16592.0,0.9982,2144.9897,2141.14
16593.0,0.8171,311.7676,254.74
16594.0,0.322,569.1892,183.27
16595.0,0.8865,238.7963,211.69
16596.0,0.8365,210.7306,176.28
16597.0,0.0837,271.3333,22.7
16598.0,0.0565,312.1326,17.62
16599.0,0.1018,128.2176,13.06
16600.0,0.897,394.6982,354.05
16601.0,0.8681,599.8326,520.69
16602.0,0.6171,663.2624,409.31
16603.0,0.5614,636.5943,357.38
16604.0,0.0542,312.0036,16.9
16605.0,0.0782,124.3867,9.73
16606.0,0.0604,78.5304,4.74
16607.0,0.9996,1107.5514,1107.1
16608.0,0.3813,1062.093,405.03
16609.0,0.9692,1564.5736,1516.31
16610.0,0.0981,126.5315,12.41
16611.0,0.4796,373.461,179.1
16612.0,0.9448,1202.6489,1136.28
16613.0,0.663,760.1964,504.01
16614.0,0.2917,923.6456,269.47
16615.0,0.1066,420.9752,44.87
16616.0,0.6663,418.0799,278.58
16617.0,0.3164,247.806,78.4
16618.0,0.9447,829.5232,783.65
16619.0,0.5566,539.0724,300.04
16620.0,0.559,393.488,219.95
16621.0,0.4546,301.1927,136.91
16622.0,0.0468,574.6414,26.9
16623.0,0.3043,413.56,125.83
16624.0,0.5557,300.4131,166.93
16625.0,0.617,444.3872,274.18
16626.0,0.9946,2951.908,2935.98
16627.0,0.2778,572.0894,158.92
16628.0,0.9008,615.8773,554.81
16629.0,0.2737,449.2578,122.97
16630.0,0.0329,140.1285,4.61
16631.0,0.0215,103.0641,2.21
16632.0,0.0257,339.2542,8.71
16633.0,0.971,1529.9977,1485.61
16634.0,0.1396,884.166,123.44
16635.0,0.5869,461.9813,271.13
16636.0,0.0089,785.0384,6.95
16637.0,0.9557,484.443,462.99
16638.0,0.9775,803.1042,785.04
16639.0,0.877,706.1333,619.26
16640.0,0.0719,155.1922,11.15
16641.0,0.6084,695.6504,423.25
16642.0,0.6606,543.4741,359.03
16643.0,0.236,732.9131,172.95
16644.0,0.4327,433.5366,187.58
16645.0,0.0941,204.099,19.21
16646.0,0.0657,393.3864,25.86
16647.0,0.6566,209.8033,137.76
16648.0,0.754,789.2523,595.12
16649.0,0.0544,335.5283,18.25
16650.0,0.9068,815.3756,739.34
16651.0,0.0913,304.4153,27.8
16652.0,0.9872,4035.6335,3984.17
16653.0,0.9454,992.7744,938.61
16654.0,0.7257,279.9202,203.15
16655.0,0.9974,1128.0295,1125.07
16656.0,0.9963,2463.0774,2453.91
16657.0,0.8961,729.2125,653.44
16658.0,0.41,239.0602,98.02
16659.0,0.2936,136.0595,39.95
16660.0,0.9782,605.1687,592.0
16661.0,0.1016,277.5478,28.2
16662.0,0.0177,207.8324,3.69
16663.0,0.1897,163.3685,31.0
16664.0,0.0113,220.1086,2.48
16665.0,0.0359,356.0784,12.77
16666.0,0.4887,372.6834,182.12
16667.0,0.6231,424.9304,264.77
16668.0,0.84,231.4152,194.38
16669.0,0.9893,993.7435,983.11
16670.0,0.9987,1692.9062,1690.77
16671.0,0.3778,854.0852,322.68
16672.0,0.9982,8113.6294,8099.06
16673.0,0.2297,171.5611,39.41
16674.0,0.8386,283.8912,238.08
16675.0,0.2351,323.292,76.02
16676.0,0.8708,774.4524,674.42
16677.0,0.0287,558.0893,16.03
16678.0,0.9958,1888.8333,1880.98
16679.0,0.1276,290.2546,37.03
16680.0,0.4606,601.6219,277.11
16681.0,0.9443,696.4002,657.59
16682.0,0.8285,1078.9651,893.97
16683.0,0.0724,279.0093,20.2
16684.0,0.9972,59695.25,59530.47
16685.0,0.757,487.4842,369.01
16686.0,0.9984,1407.7227,1405.43
16687.0,0.0759,176.6611,13.42
16688.0,0.9708,1276.8114,1239.49
16689.0,0.3702,1435.6915,531.44
16690.0,0.4549,144.6015,65.78
16691.0,0.0039,135.0492,0.53
16692.0,0.5828,660.1227,384.73
16693.0,0.7727,462.2362,357.15
16694.0,0.0169,84.9744,1.44
16695.0,0.0164,99.9711,1.64
16696.0,0.1881,727.3868,136.79
16697.0,0.1623,438.9128,71.25
16698.0,0.3804,1606.1051,610.89
16699.0,0.1711,220.9694,37.8
16700.0,0.9981,3657.4675,3650.66
16701.0,0.9928,3697.1028,3670.5
16702.0,0.0446,167.8064,7.49
16704.0,0.0412,395.8075,16.3
16705.0,0.9992,19123.227,19108.8
16706.0,0.9102,376.9201,343.09
16707.0,0.4083,268.4827,109.63
16708.0,0.5254,601.6331,316.12
16709.0,0.9863,1652.2277,1629.58
16710.0,0.9998,1665.2059,1664.79
16711.0,0.9402,1148.7533,1080.07
16712.0,0.9959,2633.829,2623.13
16713.0,0.9988,2478.6902,2475.78
16714.0,0.5067,339.1242,171.85
16715.0,0.518,580.5727,300.76
16716.0,0.9034,1383.7428,1250.11
16717.0,0.9844,1755.165,1727.83
16718.0,0.1381,1361.2755,188.04
16719.0,0.9685,1192.5032,1154.89
16720.0,0.8955,219.9999,197.02
16721.0,0.239,514.3031,122.9
16722.0,0.9987,2723.7473,2720.28
16723.0,0.6503,257.0296,167.14
16724.0,0.0175,249.4564,4.35
16725.0,0.1577,275.246,43.4
16726.0,0.9529,774.7594,738.29
16727.0,0.4515,413.2232,186.57
16728.0,0.9655,494.1797,477.15
16729.0,0.9586,3991.807,3826.46
16730.0,0.6911,330.0546,228.11
16731.0,0.3923,179.8126,70.54
16732.0,0.7441,846.838,630.12
16733.0,0.0928,481.2934,44.67
16734.0,0.7996,274.5388,219.53
16735.0,0.9934,1223.0018,1214.96
16736.0,0.0787,517.7606,40.77
16737.0,0.7348,1261.7491,927.19
16738.0,0.0076,405.6874,3.07
16739.0,0.1664,320.3249,53.3
16740.0,0.0971,552.0244,53.63
16741.0,0.1297,232.26,30.13
16742.0,0.9967,500.237,498.59
16743.0,0.9953,2991.2827,2977.17
16744.0,0.9976,644.6628,643.11
16745.0,0.965,2431.6426,2346.48
16746.0,0.999,3881.7295,3877.94
16747.0,0.8001,1150.6699,920.63
16748.0,0.9903,807.8661,800.0
16749.0,0.0246,1046.3202,25.77
16750.0,0.5354,370.6805,198.47
16751.0,0.7963,2330.7114,1855.87
16752.0,0.0806,410.965,33.12
16753.0,0.8426,844.6565,711.67
16754.0,0.0221,6601.667,146.08
16755.0,0.9636,693.3495,668.11
16756.0,0.1652,335.7222,55.47
16757.0,0.1095,108.317,11.86
16758.0,0.3118,561.0772,174.92
16759.0,0.6988,1442.7252,1008.19
16760.0,0.0445,388.2072,17.26
16761.0,0.3971,583.7143,231.81
16762.0,0.765,1282.7078,981.28
16763.0,0.0815,871.7872,71.08
16764.0,0.9912,477.4852,473.3
16765.0,0.1773,304.5808,54.0
16766.0,0.1403,700.7478,98.3
16767.0,0.9776,2140.299,2092.34
16768.0,0.5177,226.0443,117.03
16769.0,0.8457,300.1739,253.85
16770.0,0.9724,398.0598,387.07
16771.0,0.9966,1131.6019,1127.76
16772.0,0.0236,740.4953,17.48
16773.0,0.0978,286.9101,28.05
16774.0,0.8259,342.2601,282.67
16775.0,0.8111,964.7023,782.42
16776.0,0.7087,363.4396,257.58
16777.0,0.4772,219.5574,104.76
16778.0,0.4199,171.087,71.84
16779.0,0.9991,20858.31,20840.55
16780.0,0.6092,325.7054,198.43
16781.0,0.2334,561.4096,131.03
16782.0,0.9996,2008.6844,2007.88
16783.0,0.2677,208.4749,55.81
16784.0,0.8532,207.3434,176.91
16785.0,0.2021,606.9148,122.64
16786.0,0.0527,263.2793,13.88
16787.0,0.5698,227.475,129.62
16788.0,0.2994,433.5302,129.78
16789.0,0.6328,184.3478,116.66
16790.0,0.9902,1033.0184,1022.94
16791.0,0.9962,1132.9598,1128.66
16792.0,0.103,276.2264,28.44
16793.0,0.7942,580.8626,461.32
16794.0,0.9457,654.0442,618.54
16795.0,0.0879,1258.8275,110.7
16796.0,0.4271,443.9462,189.6
16797.0,0.1252,250.5068,31.37
16798.0,0.061,208.8429,12.75
16799.0,0.1145,244.412,27.99
16800.0,0.7515,1034.9629,777.82
16801.0,0.6366,750.7599,477.93
16802.0,0.0729,331.5358,24.17
16803.0,0.4341,448.7188,194.79
16804.0,0.8357,179.0312,149.61
16805.0,0.8985,372.127,334.35
16806.0,0.5417,367.3982,199.01
16807.0,0.5622,673.0284,378.37
16808.0,0.4503,219.286,98.75
16809.0,0.954,458.9439,437.85
16810.0,0.4472,413.4492,184.88
16811.0,0.8995,440.3091,396.08
16812.0,0.0251,824.82,20.74
16813.0,0.8849,722.4718,639.35
16814.0,0.9961,2767.2273,2756.39
16815.0,0.0458,469.8008,21.54
16816.0,0.1397,114.6855,16.02
16817.0,0.9948,924.0814,919.31
16818.0,0.9885,1446.9514,1430.3
16819.0,0.0722,131.0353,9.47
16820.0,0.6768,817.708,553.43
16821.0,0.0464,211.8062,9.82
16822.0,0.2669,138.7632,37.03
16823.0,0.569,614.2682,349.5
16824.0,0.6039,313.3303,189.21
16825.0,0.8152,460.4931,375.38
16826.0,0.4946,760.7484,376.24
16827.0,0.0293,71.501,2.1
16828.0,0.2631,112.2426,29.53
16829.0,0.4349,455.2046,197.95
16830.0,0.3389,581.518,197.07
16831.0,0.0104,223.8165,2.33
16832.0,0.405,96.9145,39.25
16833.0,0.8181,624.3366,510.77
16834.0,0.3027,764.2368,231.35
16835.0,0.5927,303.117,179.66
16836.0,0.8923,261.3664,233.21
16837.0,0.9939,2015.1025,2002.89
16838.0,0.6274,544.3524,341.51
16839.0,0.9979,10455.77,10433.37
16840.0,0.0035,80.7759,0.28
16841.0,0.9958,1163.8167,1158.97
16842.0,0.697,852.3752,594.15
16843.0,0.9803,4232.5884,4149.01
16844.0,0.2143,392.1031,84.01
16845.0,0.0506,378.181,19.15
16846.0,0.4839,481.2324,232.87
16847.0,0.1491,568.8462,84.8
16848.0,0.6878,502.2749,345.45
16849.0,0.3117,323.2669,100.76
16850.0,0.1404,410.7464,57.65
16851.0,0.2188,571.8919,125.14
16852.0,0.3205,123.808,39.68
16854.0,0.3161,251.734,79.57
16855.0,0.8527,374.1211,319.03
16856.0,0.1368,180.1823,24.64
16857.0,0.0088,373.6402,3.28
16858.0,0.052,729.5904,37.92
16859.0,0.821,711.229,583.91
16860.0,0.051,633.7716,32.32
16861.0,0.4087,272.1208,111.21
16862.0,0.124,224.027,27.78
16863.0,0.808,708.5774,572.54
16864.0,0.0577,380.2738,21.96
16865.0,0.0567,191.061,10.83
16866.0,0.161,124.4313,20.04
16867.0,0.0062,176.7845,1.09
16868.0,0.1268,243.2928,30.86
16869.0,0.9572,206.0728,197.25
16870.0,0.1185,340.8635,40.39
16871.0,0.9854,1623.3558,1599.65
16872.0,0.7443,533.4356,397.01
16873.0,0.9969,5316.204,5299.8
16874.0,0.0594,281.8021,16.73
16875.0,0.9493,1203.8743,1142.84
16876.0,0.0188,263.7378,4.96
16877.0,0.679,379.8519,257.91
16878.0,0.5073,333.9732,169.44
16880.0,0.9251,1111.8944,1028.6
16881.0,0.3409,890.6155,303.59
16882.0,0.5984,382.8314,229.09
16883.0,0.4484,271.353,121.69
16884.0,0.8622,461.2635,397.72
16885.0,0.4449,461.6754,205.4
16886.0,0.0871,363.2653,31.63
16887.0,0.7122,846.5054,602.89
16888.0,0.0949,216.6051,20.56
16889.0,0.8842,786.9646,695.83
16890.0,0.0169,88.7976,1.5
16891.0,0.9562,213.1133,203.77
16892.0,0.6634,450.6097,298.92
16893.0,0.1625,178.9208,29.08
16894.0,0.33,453.5494,149.69
16895.0,0.7483,607.2354,454.4
16896.0,0.0107,209.8199,2.25
16897.0,0.3069,147.5893,45.3
16898.0,0.9772,343.9778,336.15
16899.0,0.9391,402.4167,377.93
16900.0,0.9723,763.0442,741.93
16901.0,0.0451,569.7428,25.67
16902.0,0.0564,1567.7017,88.5
16903.0,0.7953,429.2163,341.35
16904.0,0.9956,2065.1118,2055.99
16905.0,0.9771,1447.5804,1414.44
16906.0,0.973,262.5079,255.42
16907.0,0.8451,414.7936,350.54
16908.0,0.1152,595.5832,68.59
16909.0,0.5485,848.1364,465.22
16910.0,0.9977,444.1798,443.16
16911.0,0.0115,146.4147,1.69
16912.0,0.937,1709.7562,1601.97
16913.0,0.081,165.065,13.38
16914.0,0.3475,594.4254,206.59
16915.0,0.8667,214.8827,186.24
16916.0,0.8725,447.9004,390.78
16917.0,0.1007,1924.9768,193.76
16918.0,0.9945,876.7145,871.91
16919.0,0.3997,1236.7339,494.36
16920.0,0.0164,413.3079,6.79
16921.0,0.5511,181.4247,99.99
16922.0,0.1633,342.8788,55.98
16923.0,0.9993,3073.0793,3070.93
16924.0,0.9767,372.8146,364.14
16925.0,0.0229,270.172,6.18
16926.0,0.1653,314.7861,52.02
16927.0,0.7217,358.5687,258.76
16928.0,0.9838,227.6538,223.96
16929.0,0.8767,581.4244,509.73
16930.0,0.9419,271.891,256.1
16931.0,0.9975,1253.7705,1250.7
16932.0,0.4072,257.571,104.89
16933.0,0.9556,501.5888,479.33
16934.0,0.8633,411.6024,355.33
16935.0,0.1353,225.1803,30.46
16936.0,0.8432,572.1023,482.41
16937.0,0.0385,334.3973,12.89
16938.0,0.9985,2659.1301,2655.05
16939.0,0.023,289.4651,6.66
16940.0,0.9497,1954.8336,1856.52
16941.0,0.0666,308.027,20.53
16942.0,0.9804,906.704,888.95
16943.0,0.113,278.062,31.43
16944.0,0.0113,142.6608,1.61
16945.0,0.999,2362.0576,2359.66
16946.0,0.2123,460.713,97.82
16947.0,0.2191,279.7207,61.3
16948.0,0.9721,424.7676,412.9
16949.0,0.9322,454.2231,423.45
16950.0,0.9654,885.2387,854.58
16951.0,0.75,827.6466,620.73
16952.0,0.719,123.4564,88.76
16953.0,0.4788,1050.671,503.1
16954.0,0.9975,2373.99,2368.17
16955.0,0.5436,420.6416,228.67
16956.0,0.6093,299.0838,182.24
16957.0,0.1962,343.7024,67.42
16958.0,0.2565,458.9941,117.73
16959.0,0.3239,354.718,114.88
16960.0,0.9334,442.236,412.77
16961.0,0.6157,341.4408,210.23
16962.0,0.0268,451.1652,12.1
16963.0,0.0973,278.6072,27.11
16964.0,0.0523,125.9524,6.59
16965.0,0.1889,235.9962,44.59
16966.0,0.9509,1010.4135,960.77
16967.0,0.2723,307.082,83.63
16968.0,0.9046,473.25,428.12
16969.0,0.8025,370.9346,297.66
16970.0,0.0583,120.3511,7.02
16971.0,0.3109,636.5484,197.89
16972.0,0.3247,317.6809,103.16
16973.0,0.029,170.1361,4.93
16974.0,0.0149,165.8693,2.47
16975.0,0.1343,263.2781,35.36
16976.0,0.5782,363.6443,210.24
16977.0,0.2972,86.6199,25.75
16978.0,0.6415,218.8662,140.4
16979.0,0.978,384.065,375.62
16980.0,0.9502,734.4433,697.85
16982.0,0.381,508.8787,193.86
16983.0,0.9187,1226.7662,1127.02
16984.0,0.9951,1438.7838,1431.71
16985.0,0.9992,2581.8972,2579.87
16986.0,0.9854,1687.3978,1662.84
16987.0,0.8434,504.5905,425.59
16988.0,0.6158,371.0374,228.49
16989.0,0.8989,1209.5398,1087.2
16990.0,0.2278,195.2478,44.48
16991.0,0.4445,219.0423,97.36
16992.0,0.9695,912.1396,884.3
16993.0,0.0908,613.5386,55.68
16996.0,0.9708,489.2125,474.91
16997.0,0.2444,274.2854,67.02
16998.0,0.153,74.2345,11.36
16999.0,0.8735,515.6872,450.48
17000.0,0.1541,207.1677,31.93
17001.0,0.9981,2453.1045,2448.48
17002.0,0.8378,699.3776,585.92
17003.0,0.2892,211.1452,61.06
17004.0,0.9247,620.3166,573.58
17005.0,0.1005,270.9842,27.23
17006.0,0.6331,170.4382,107.91
17007.0,0.4497,308.4881,138.71
17008.0,0.3178,103.9866,33.05
17009.0,0.0947,492.0601,46.59
17010.0,0.8124,131.1962,106.58
17011.0,0.7827,716.658,560.9
17012.0,0.0845,548.5667,46.35
17014.0,0.6016,506.966,304.97
17015.0,0.9798,562.5761,551.19
17016.0,0.2052,389.8015,79.97
17017.0,0.9982,5106.925,5097.86
17018.0,0.5542,1673.792,927.68
17019.0,0.9912,1260.4631,1249.36
17020.0,0.014,255.2476,3.57
17021.0,0.2119,231.0024,48.95
17022.0,0.1225,434.7675,53.25
17023.0,0.0408,389.9482,15.9
17024.0,0.5433,27.4522,14.92
17025.0,0.5779,273.1804,157.88
17026.0,0.5705,118.5185,67.61
17027.0,0.7842,537.2971,421.34
17028.0,0.0648,222.6394,14.43
17029.0,0.94,447.684,420.83
17030.0,0.1573,562.5466,88.5
17031.0,0.8681,675.56,586.44
17032.0,0.0495,700.0708,34.66
17033.0,0.7391,467.6426,345.64
17034.0,0.7035,355.7925,250.29
17035.0,0.2887,270.4355,78.06
17036.0,0.0449,198.5054,8.9
17037.0,0.595,865.7189,515.08
17038.0,0.7049,364.919,257.21
17039.0,0.049,352.9572,17.29
17040.0,0.4372,389.594,170.33
17041.0,0.9244,232.6055,215.01
17042.0,0.7905,308.9867,244.26
17043.0,0.9298,694.319,645.61
17044.0,0.9962,3418.6248,3405.7
17045.0,0.8214,302.5072,248.49
17046.0,0.5309,1182.9222,628.03
17047.0,0.746,488.2354,364.22
17048.0,0.6693,751.0162,502.66
17049.0,0.9962,4773.673,4755.55
17050.0,0.9155,840.1358,769.14
17051.0,0.6459,138.2671,89.31
17052.0,0.893,320.5952,286.29
17053.0,0.172,326.0495,56.08
17054.0,0.8719,629.6531,548.99
17055.0,0.0165,272.9363,4.49
17056.0,0.0119,262.1375,3.11
17057.0,0.1538,240.9174,37.04
17058.0,0.4117,487.429,200.66
17059.0,0.9984,1930.1927,1927.09
17060.0,0.2928,571.3756,167.32
17061.0,0.996,2183.6416,2174.8
17062.0,0.087,661.3053,57.55
17063.0,0.9595,957.8074,919.01
17064.0,0.6736,287.8523,193.89
17065.0,0.0121,103.1618,1.25
17066.0,0.2002,344.7038,69.0
17067.0,0.117,216.9634,25.38
17068.0,0.997,2125.5652,2119.23
17069.0,0.9937,1430.4603,1421.45
17070.0,0.3407,465.4394,158.55
17071.0,0.9684,1059.8472,1026.31
17072.0,0.0894,450.1581,40.25
17073.0,0.9863,466.9941,460.59
17074.0,0.0312,267.9641,8.36
17075.0,0.9264,665.6397,616.64
17076.0,0.8014,613.966,492.01
17077.0,0.0319,543.281,17.33
17078.0,0.58,761.9243,441.95
17079.0,0.3405,140.5502,47.86
17080.0,0.8067,274.8765,221.74
17081.0,0.9575,293.7246,281.23
17082.0,0.9384,1224.9591,1149.47
17083.0,0.9896,1052.5924,1041.6
17084.0,0.7402,1696.846,1255.96
17085.0,0.7488,530.5548,397.3
17086.0,0.8851,1678.971,1486.06
17087.0,0.1154,387.2574,44.68
17088.0,0.9186,968.7451,889.88
17089.0,0.1598,167.5149,26.76
17090.0,0.9923,927.2756,920.14
17091.0,0.9991,1739.175,1737.63
17092.0,0.9914,1553.6484,1540.29
17093.0,0.1333,388.937,51.86
17094.0,0.1396,250.9441,35.04
17095.0,0.9623,738.5878,710.72
17096.0,0.8544,606.4862,518.17
17097.0,0.9836,743.9801,731.81
17098.0,0.1244,177.3102,22.06
17099.0,0.2442,569.0103,138.95
17100.0,0.9639,559.9906,539.76
17101.0,0.9319,740.374,689.93
17102.0,0.0045,524.9416,2.37
17103.0,0.161,747.4007,120.36
17104.0,0.2441,400.0156,97.62
17105.0,0.3831,751.1181,287.75
17106.0,0.6215,267.1568,166.05
17107.0,0.9959,3539.3872,3524.85
17108.0,0.023,267.5395,6.16
17109.0,0.6573,350.5092,230.38
17110.0,0.128,222.0126,28.41
17111.0,0.4,595.5942,238.22
17112.0,0.124,339.0918,42.03
17113.0,0.0371,239.4794,8.88
17114.0,0.6602,167.0152,110.27
17115.0,0.8646,559.9578,484.14
17116.0,0.1025,459.2128,47.07
17117.0,0.0595,254.4174,15.14
17118.0,0.0227,141.5368,3.22
17119.0,0.8024,488.1401,391.67
17120.0,0.3763,779.9477,293.48
17121.0,0.0458,400.6474,18.36
17122.0,0.6248,339.9036,212.38
17123.0,0.1651,761.492,125.68
17124.0,0.6206,293.2654,182.01
17125.0,0.4421,622.8228,275.33
17126.0,0.9502,2064.4214,1961.56
17127.0,0.1875,348.4765,65.32
17128.0,0.105,176.7619,18.56
17129.0,0.3147,563.049,177.18
17131.0,0.9535,1298.378,1238.03
17132.0,0.0221,348.887,7.71
17133.0,0.993,4746.5977,4713.34
17134.0,0.1293,265.3256,34.3
17135.0,0.9933,512.9027,509.45
17136.0,0.0673,419.5112,28.25
17137.0,0.1203,231.2015,27.81
17138.0,0.4795,1208.8525,579.69
17139.0,0.9985,4203.558,4197.32
17140.0,0.3726,253.3379,94.4
17141.0,0.5239,215.1755,112.72
17142.0,0.3273,238.7866,78.16
17143.0,0.0442,347.3538,15.35
17144.0,0.8742,975.2451,852.54
17145.0,0.2908,769.2232,223.71
17146.0,0.8184,671.3499,549.41
17147.0,0.9858,993.1105,979.0
17148.0,0.3496,604.4416,211.31
17149.0,0.0515,283.6298,14.61
17150.0,0.112,753.0874,84.36
17151.0,0.1608,483.5425,77.76
17152.0,0.3645,793.3628,289.15
17153.0,0.9383,945.369,887.07
17154.0,0.3359,494.9056,166.23
17155.0,0.8897,151.0492,134.38
17156.0,0.229,503.1102,115.23
17157.0,0.9983,1523.4081,1520.85
17158.0,0.7862,621.0008,488.23
17159.0,0.8326,614.6957,511.78
17160.0,0.9803,3023.4668,2964.02
17161.0,0.014,248.9966,3.48
17162.0,0.9405,417.0895,392.28
17163.0,0.8258,193.3462,159.66
17164.0,0.9754,637.3956,621.7
17165.0,0.0389,642.8479,24.98
17166.0,0.2287,222.2764,50.82
17167.0,0.1709,318.9547,54.51
17168.0,0.0467,377.9791,17.67
17169.0,0.6893,1098.6409,757.29
17170.0,0.0194,65.6904,1.28
17171.0,0.0951,199.8032,19.0
17172.0,0.3167,320.1932,101.42
17173.0,0.9867,3257.9768,3214.52
17174.0,0.0196,99.1845,1.95
17175.0,0.9071,427.0198,387.36
17176.0,0.1578,559.3606,88.27
17177.0,0.01,345.7927,3.46
17178.0,0.0365,609.7051,22.27
17179.0,0.5105,177.0972,90.41
17180.0,0.9964,625.1136,622.85
17181.0,0.3686,419.0422,154.46
17182.0,0.0046,190.5233,0.88
17183.0,0.9939,2067.6475,2055.09
17184.0,0.0107,81.5306,0.87
17185.0,0.026,74.8167,1.95
17186.0,0.1851,160.6424,29.73
17187.0,0.4402,340.2443,149.77
17188.0,0.9813,1035.9044,1016.48
17189.0,0.6413,340.569,218.42
17190.0,0.9706,279.1574,270.96
17191.0,0.9825,1412.0978,1387.43
17192.0,0.003,566.173,1.71
17193.0,0.9801,1100.0833,1078.24
17194.0,0.1655,222.832,36.87
17195.0,0.0558,1224.4987,68.38
17196.0,0.0369,213.4309,7.87
17197.0,0.0596,2327.7158,138.68
17198.0,0.7204,705.042,507.93
17199.0,0.2872,295.7815,84.94
17200.0,0.1494,92.079,13.76
17201.0,0.3762,336.3158,126.51
17202.0,0.0253,437.4934,11.06
17203.0,0.9929,1729.9806,1717.73
17204.0,0.7722,923.8582,713.42
17205.0,0.6559,370.6383,243.12
17206.0,0.276,630.2738,173.95
17207.0,0.063,217.7996,13.71
17208.0,0.4492,227.2418,102.08
17209.0,0.0471,222.3102,10.48
17210.0,0.0484,246.9597,11.96
17211.0,0.9896,849.8613,841.02
17212.0,0.2078,473.8522,98.47
17213.0,0.9187,2114.1003,1942.32
17214.0,0.5322,269.1062,143.22
17215.0,0.0405,249.2389,10.08
17216.0,0.0046,207.8706,0.95
17217.0,0.1513,151.0722,22.86
17218.0,0.9938,1328.1217,1319.94
17219.0,0.1858,257.6955,47.88
17220.0,0.9996,1522.1002,1521.43
17221.0,0.7407,390.5028,289.23
17222.0,0.5856,219.6346,128.61
17223.0,0.1328,546.1708,72.51
17224.0,0.0088,251.8578,2.22
17225.0,0.0122,242.4006,2.96
17226.0,0.1626,460.9936,74.94
17227.0,0.9932,306.108,304.02
17228.0,0.997,770.4755,768.19
17229.0,0.7239,378.2926,273.86
17230.0,0.0724,937.1302,67.84
17231.0,0.9997,1777.3077,1776.77
17232.0,0.9407,328.9275,309.41
17233.0,0.7219,420.4384,303.49
17234.0,0.3715,238.2642,88.51
17235.0,0.9758,865.1599,844.18
17236.0,0.7691,430.2809,330.91
17237.0,0.5367,247.1099,132.63
17238.0,0.9996,1358.0146,1357.42
17239.0,0.1226,306.8186,37.62
17240.0,0.038,283.7526,10.77
17241.0,0.0291,178.0126,5.19
17242.0,0.6329,1202.6294,761.14
17243.0,0.9991,4637.805,4633.85
17244.0,0.648,641.9171,415.94
17245.0,0.7839,206.8909,162.17
17246.0,0.0267,188.8416,5.04
17247.0,0.9593,344.359,330.35
17248.0,0.3214,363.2311,116.74
17249.0,0.0238,129.8471,3.1
17250.0,0.2656,141.5453,37.59
17251.0,0.2828,378.1061,106.92
17252.0,0.4334,107.4089,46.56
17253.0,0.4681,95.376,44.64
17254.0,0.4096,244.3094,100.06
17255.0,0.8491,413.6744,351.24
17256.0,0.9028,87.193,78.72
17257.0,0.0383,68.7149,2.63
17258.0,0.0878,340.542,29.91
17259.0,0.7137,423.3413,302.13
17260.0,0.046,358.343,16.5
17261.0,0.3965,425.253,168.62
17262.0,0.9762,1472.701,1437.71
17263.0,0.0245,536.8792,13.15
17264.0,0.0363,450.5117,16.35
17265.0,0.785,334.0975,262.28
17266.0,0.6797,70.6903,48.05
17267.0,0.4047,339.9114,137.55
17268.0,0.9676,429.284,415.36
17269.0,0.336,240.112,80.68
17270.0,0.0784,532.9535,41.78
17271.0,0.0627,205.0275,12.86
17272.0,0.7756,1033.1737,801.29
17273.0,0.2412,251.6791,60.7
17274.0,0.4399,562.1984,247.29
17275.0,0.0671,216.3346,14.51
17276.0,0.2769,222.2343,61.54
17277.0,0.1609,442.2762,71.16
17278.0,0.2514,203.7386,51.22
17279.0,0.4049,561.0625,227.15
17280.0,0.2774,156.4726,43.41
17281.0,0.1696,135.7434,23.02
17282.0,0.7443,718.828,535.06
17283.0,0.065,137.2297,8.93
17284.0,0.9622,871.7947,838.82
17285.0,0.0787,286.4868,22.55
17286.0,0.6619,194.364,128.65
17287.0,0.9989,1366.3635,1364.85
17288.0,0.9761,940.5029,918.0
17289.0,0.9956,576.1916,573.65
17290.0,0.8135,287.3372,233.75
17291.0,0.0085,352.8426,2.98
17292.0,0.0266,186.8307,4.96
17293.0,0.9433,884.8314,834.69
17294.0,0.4942,503.5292,248.82
17295.0,0.9058,274.9832,249.09
17296.0,0.1312,506.5018,66.44
17297.0,0.371,194.1571,72.04
17298.0,0.5576,251.3901,140.17
17299.0,0.5626,549.1832,308.98
17300.0,0.3627,231.9163,84.11
17301.0,0.1391,263.039,36.59
17302.0,0.7179,508.3416,364.96
17303.0,0.0598,289.6705,17.34
17304.0,0.0315,330.221,10.41
17305.0,0.039,481.4532,18.8
17306.0,0.9943,4911.908,4884.07
17307.0,0.0768,1054.7438,80.99
17308.0,0.0237,903.0958,21.36
17309.0,0.3576,220.4938,78.84
17310.0,0.2421,688.8264,166.79
17311.0,0.7038,877.7631,617.78
17312.0,0.1736,318.4143,55.27
17313.0,0.5176,2843.8855,1472.09
17314.0,0.9948,2514.5408,2501.45
17315.0,0.9962,3155.5767,3143.67
17316.0,0.0654,413.1945,27.03
17317.0,0.7143,1571.3203,1122.38
17318.0,0.0582,223.2302,12.99
17319.0,0.0152,241.6588,3.67
17320.0,0.759,780.0638,592.04
17321.0,0.6102,244.4702,149.18
17322.0,0.0861,300.992,25.91
17323.0,0.8676,277.2974,240.58
17324.0,0.993,693.7482,688.91
17325.0,0.0482,382.9032,18.44
17326.0,0.0354,218.2262,7.72
17327.0,0.0041,60.031,0.25
17328.0,0.0514,151.864,7.8
17329.0,0.6773,408.6199,276.75
17330.0,0.8298,61.9717,51.42
17331.0,0.1078,207.0728,22.32
17332.0,0.0502,132.9419,6.67
17333.0,0.4382,1668.6107,731.12
17334.0,0.2046,401.952,82.25
17335.0,0.1339,422.1604,56.52
17336.0,0.1196,234.3264,28.02
17337.0,0.885,592.5663,524.42
17338.0,0.9994,2800.1494,2798.55
17339.0,0.2993,214.5024,64.21
17340.0,0.9929,10757.158,10681.2
17341.0,0.6815,904.8513,616.67
17342.0,0.3477,889.4059,309.26
17343.0,0.1013,693.1012,70.22
17344.0,0.3612,424.5995,153.38
17345.0,0.9874,208.2252,205.61
17346.0,0.9997,911.7191,911.41
17347.0,0.4345,487.8773,211.97
17348.0,0.9952,406.0542,404.11
17349.0,0.3554,215.4004,76.54
17350.0,0.8172,535.7296,437.78
17351.0,0.9833,225.5881,221.83
17352.0,0.0203,221.6856,4.51
17353.0,0.4294,2086.7322,896.08
17354.0,0.6926,1337.0127,926.01
17355.0,0.0869,380.9952,33.11
17356.0,0.0575,303.2153,17.42
17357.0,0.839,466.8323,391.68
17358.0,0.0373,282.6932,10.54
17359.0,0.1656,263.9561,43.71
17360.0,0.9781,642.2814,628.19
17361.0,0.792,317.2217,251.24
17362.0,0.1187,287.6747,34.16
17363.0,0.2469,205.3809,50.7
17364.0,0.9993,2320.7507,2319.05
17365.0,0.9957,3078.593,3065.46
17366.0,0.1965,339.4022,66.69
17367.0,0.1856,169.8755,31.54
17368.0,0.9974,716.2718,714.44
17369.0,0.2546,601.2376,153.06
17370.0,0.1732,407.0033,70.51
17371.0,0.7185,226.8922,163.03
17372.0,0.9917,1291.1731,1280.46
17373.0,0.6977,313.5875,218.8
17374.0,0.2666,191.696,51.11
17375.0,0.7402,233.6784,172.97
17376.0,0.4593,103.9682,47.75
17377.0,0.999,3269.4094,3266.22
17378.0,0.1867,418.8638,78.19
17379.0,0.8761,348.3958,305.23
17380.0,0.0707,285.2219,20.16
17381.0,0.9911,22668.986,22467.47
17382.0,0.6834,406.9556,278.13
17383.0,0.362,404.8418,146.54
17384.0,0.9168,116.35,106.67
17385.0,0.8658,337.0378,291.79
17386.0,0.9685,1148.8778,1112.7
17387.0,0.9711,476.6616,462.89
17388.0,0.9965,420.0497,418.57
17389.0,0.9835,18701.107,18392.28
17390.0,0.2306,371.8124,85.73
17391.0,0.3919,423.8045,166.11
17392.0,0.198,316.3929,62.66
17393.0,0.0174,170.3921,2.97
17394.0,0.5477,275.7553,151.03
17395.0,0.0134,217.2777,2.91
17396.0,0.9904,2934.4998,2906.43
17397.0,0.7545,632.9485,477.53
17398.0,0.708,328.4958,232.57
17400.0,0.5047,1388.4309,700.68
17401.0,0.0173,278.5311,4.83
17402.0,0.9967,1635.2389,1629.82
17403.0,0.3194,361.1344,115.36
17404.0,0.9985,27860.22,27817.35
17405.0,0.8779,714.5435,627.27
17406.0,0.0208,889.9262,18.5
17407.0,0.1692,782.7542,132.48
17408.0,0.4797,89.3815,42.87
17409.0,0.9597,1196.8157,1148.6
17410.0,0.854,754.3164,644.16
17411.0,0.5867,214.289,125.71
17412.0,0.9926,1339.1895,1329.24
17413.0,0.314,562.4122,176.59
17414.0,0.8366,726.9469,608.15
17415.0,0.2171,599.9435,130.25
17416.0,0.9958,7517.7104,7485.86
17417.0,0.2048,344.5514,70.55
17418.0,0.697,413.0172,287.89
17419.0,0.9985,2076.5332,2073.52
17420.0,0.6236,378.0074,235.74
17421.0,0.2876,363.449,104.52
17422.0,0.8685,1242.1412,1078.84
17423.0,0.6332,566.7268,358.84
17425.0,0.9445,367.0537,346.7
17426.0,0.9963,1680.7286,1674.43
17427.0,0.5933,150.9311,89.55
17428.0,0.9995,11270.582,11264.47
17429.0,0.7457,593.9355,442.9
17430.0,0.5724,462.7202,264.84
17431.0,0.0804,234.5093,18.85
17432.0,0.968,313.6318,303.58
17433.0,0.5569,326.0221,181.55
17434.0,0.9628,2123.053,2044.04
17435.0,0.0445,372.1315,16.55
17436.0,0.5212,81.6859,42.58
17437.0,0.0512,215.1932,11.03
17438.0,0.0905,346.7948,31.4
17439.0,0.1854,366.996,68.05
17440.0,0.8177,143.7379,117.53
17441.0,0.0837,410.8269,34.39
17442.0,0.9922,2289.8936,2271.95
17443.0,0.1286,573.9682,73.79
17444.0,0.5292,1270.2266,672.16
17446.0,0.2898,80.5264,23.33
17447.0,0.7177,700.8633,503.01
17448.0,0.0784,750.1884,58.81
17449.0,0.9907,1750.5684,1734.23
17450.0,0.9954,120954.78,120402.41
17451.0,0.8854,1006.9379,891.54
17453.0,0.8491,499.2602,423.94
17454.0,0.2218,280.8056,62.29
17455.0,0.295,407.7762,120.31
17456.0,0.3601,609.5708,219.51
17457.0,0.969,1379.9783,1337.2
17458.0,0.2675,526.3048,140.81
17459.0,0.8741,265.5563,232.12
17460.0,0.9345,421.9426,394.32
17461.0,0.9942,1303.557,1295.98
17462.0,0.6415,463.4329,297.3
17463.0,0.9588,610.8302,585.67
17464.0,0.1234,1053.0457,130.0
17465.0,0.0152,591.8626,8.98
17466.0,0.779,385.8566,300.57
17467.0,0.1283,118.3134,15.18
17468.0,0.2619,107.4074,28.13
17469.0,0.988,1117.3589,1103.9
17470.0,0.9263,1023.5763,948.16
17471.0,0.1032,340.9618,35.17
17472.0,0.7778,325.8415,253.43
17473.0,0.0696,248.4502,17.29
17474.0,0.0432,484.3664,20.91
17475.0,0.366,337.0066,123.35
17476.0,0.1588,446.096,70.86
17477.0,0.0336,650.7605,21.87
17478.0,0.2619,1472.5493,385.65
17479.0,0.0607,547.7986,33.25
17480.0,0.2835,493.5308,139.91
17481.0,0.9599,817.0492,784.31
17482.0,0.0209,394.8905,8.24
17483.0,0.6208,300.7193,186.67
17484.0,0.0319,94.1817,3.01
17486.0,0.7331,587.8584,430.96
17487.0,0.02,276.9075,5.54
17488.0,0.1005,412.1621,41.44
17489.0,0.2617,170.2232,44.55
17490.0,0.9722,1252.6024,1217.78
17491.0,0.9981,1603.1215,1600.1
17492.0,0.2923,407.5276,119.14
17493.0,0.0161,167.2998,2.7
17494.0,0.017,194.7147,3.31
17495.0,0.4342,330.3204,143.41
17496.0,0.4841,679.6106,328.98
17497.0,0.0301,249.7623,7.52
17498.0,0.4772,534.6825,255.16
17499.0,0.3882,1744.08,677.02
17500.0,0.7393,1026.4943,758.91
17501.0,0.4706,177.9646,83.75
17502.0,0.5487,644.9436,353.91
17503.0,0.9447,577.2036,545.3
17504.0,0.1085,594.0229,64.43
17505.0,0.2368,885.2518,209.6
17506.0,0.7726,522.2558,403.51
17507.0,0.5105,480.9416,245.53
17508.0,0.5197,890.179,462.59
17509.0,0.9728,1518.4963,1477.15
17510.0,0.8097,499.12,404.15
17511.0,0.9993,121925.08,121834.19
17512.0,0.9994,2187.9158,2186.64
17513.0,0.7238,407.4249,294.9
17514.0,0.4565,418.4512,191.02
17515.0,0.7832,359.0892,281.24
17516.0,0.1895,405.1577,76.77
17517.0,0.0287,211.4498,6.07
17518.0,0.0248,240.9004,5.99
17519.0,0.9938,1142.2521,1135.16
17520.0,0.4533,978.8165,443.74
17521.0,0.7385,671.6433,496.02
17522.0,0.871,276.7781,241.08
17523.0,0.6702,1543.6206,1034.6
17524.0,0.3532,205.6936,72.65
17525.0,0.2662,436.1223,116.11
17526.0,0.8049,1697.6783,1366.54
17527.0,0.6446,235.9256,152.07
17528.0,0.9924,3032.3435,3009.34
17529.0,0.1188,430.881,51.18
17530.0,0.9948,763.9902,760.02
17531.0,0.2112,799.7386,168.87
17532.0,0.1972,105.7916,20.87
17533.0,0.2573,74.854,19.26
17534.0,0.7135,173.8936,124.07
17535.0,0.0786,141.4701,11.11
17536.0,0.1676,105.8331,17.74
17537.0,0.4982,502.6664,250.43
17538.0,0.4194,710.26,297.89
17539.0,0.2919,115.7629,33.79
17540.0,0.7024,376.082,264.16
17541.0,0.0086,339.7316,2.93
17542.0,0.5439,249.7736,135.86
17543.0,0.0446,331.9289,14.81
17544.0,0.2986,154.9141,46.26
17545.0,0.9626,235.4593,226.65
17547.0,0.3718,391.5674,145.57
17548.0,0.3473,157.0949,54.55
17549.0,0.8699,272.2549,236.84
17550.0,0.8811,406.4395,358.13
17551.0,0.2903,202.113,58.67
17552.0,0.986,822.2164,810.71
17553.0,0.4959,1434.3453,711.3
17554.0,0.8526,1615.6942,1377.59
17555.0,0.9871,316.5518,312.46
17556.0,0.2531,254.122,64.32
17557.0,0.7327,187.1155,137.1
17558.0,0.0877,386.0865,33.87
17559.0,0.0512,219.8902,11.27
17560.0,0.9215,827.2962,762.36
17561.0,0.9579,130.7142,125.22
17562.0,0.7821,661.9798,517.74
17563.0,0.0258,237.0554,6.13
17564.0,0.9339,351.7109,328.46
17565.0,0.0466,353.7724,16.48
17566.0,0.9648,620.3217,598.47
17567.0,0.9873,1619.096,1598.57
17568.0,0.0987,311.8039,30.77
17569.0,0.3359,367.367,123.41
17570.0,0.0478,121.7067,5.82
17571.0,0.9139,400.8096,366.3
17572.0,0.9171,87.5107,80.26
17573.0,0.7837,367.9274,288.33
17574.0,0.3683,195.6887,72.07
17575.0,0.1011,209.6671,21.21
17576.0,0.9983,2371.416,2367.34
17577.0,0.0464,177.7317,8.25
17578.0,0.443,400.5135,177.43
17579.0,0.8215,137.6158,113.05
17580.0,0.2844,349.7061,99.46
17581.0,0.9992,3311.9985,3309.5
17582.0,0.4776,270.0517,128.99
17583.0,0.1324,437.7723,57.98
17584.0,0.9393,702.1392,659.51
17585.0,0.9432,668.8902,630.87
17586.0,0.1101,239.3129,26.35
17587.0,0.3563,197.5568,70.4
17588.0,0.9734,1096.7433,1067.61
17589.0,0.9975,2769.2874,2762.33
17590.0,0.9843,747.405,735.64
17591.0,0.9562,1144.6936,1094.54
17592.0,0.0312,291.2126,9.07
17593.0,0.997,2525.0103,2517.47
17594.0,0.709,584.9818,414.74
17595.0,0.6962,425.4094,296.17
17596.0,0.9931,1664.1115,1652.6
17597.0,0.7225,906.9348,655.25
17598.0,0.0765,382.6669,29.26
17599.0,0.0486,123.6173,6.01
17600.0,0.8209,152.856,125.48
17601.0,0.2939,230.1014,67.62
17602.0,0.998,2302.4246,2297.77
17603.0,0.421,283.8211,119.5
17604.0,0.3563,234.4902,83.54
17605.0,0.0563,225.5942,12.7
17606.0,0.008,132.4247,1.06
17607.0,0.3538,326.0178,115.35
17608.0,0.4781,266.7536,127.54
17609.0,0.9939,483.9132,480.94
17610.0,0.188,49.2574,9.26
17611.0,0.9996,2855.7908,2854.79
17612.0,0.9983,1584.6068,1581.85
17613.0,0.9965,1706.418,1700.43
17614.0,0.8471,392.8305,332.78
17615.0,0.7975,218.9111,174.58
17616.0,0.6156,412.3106,253.84
17617.0,0.0607,744.1912,45.17
17618.0,0.9565,854.8893,817.74
17619.0,0.0227,266.3386,6.03
17620.0,0.0741,139.3213,10.33
17621.0,0.9732,1686.6782,1641.54
17622.0,0.1701,1015.2391,172.65
17623.0,0.9006,295.3172,265.95
17624.0,0.6941,336.977,233.88
17625.0,0.9929,1411.0073,1401.0
17626.0,0.0748,347.4546,25.99
17627.0,0.0219,297.1136,6.51
17628.0,0.239,153.2111,36.62
17629.0,0.9528,639.6898,609.5
17630.0,0.2563,465.0295,119.2
17631.0,0.741,803.9358,595.71
17633.0,0.9322,520.8576,485.55
17634.0,0.9889,585.4245,578.94
17635.0,0.0423,431.0178,18.25
17636.0,0.6105,263.6988,160.99
17637.0,0.9264,461.8632,427.87
17638.0,0.1008,740.2535,74.6
17639.0,0.2432,178.8644,43.5
17640.0,0.8585,734.6972,630.72
17642.0,0.3199,954.4511,305.31
17643.0,0.3025,356.169,107.73
17644.0,0.999,2318.845,2316.55
17646.0,0.046,1260.2297,58.03
17647.0,0.4595,152.0917,69.88
17648.0,0.8217,553.082,454.48
17649.0,0.1985,883.1814,175.32
17650.0,0.9365,201.1026,188.33
17651.0,0.9896,1648.5432,1631.38
17652.0,0.9953,1772.8362,1764.49
17653.0,0.9473,942.7422,893.05
17654.0,0.1028,312.1134,32.08
17655.0,0.9839,794.8664,782.09
17656.0,0.9154,768.9386,703.88
17657.0,0.0381,222.4469,8.47
17658.0,0.7532,590.4762,444.75
17659.0,0.9951,1060.7971,1055.64
17660.0,0.2574,212.5999,54.72
17662.0,0.0736,307.1683,22.62
17663.0,0.9968,1745.6136,1740.08
17664.0,0.6156,250.0545,153.92
17665.0,0.1047,638.4992,66.85
17666.0,0.7168,579.3881,415.29
17667.0,0.9733,1511.0272,1470.7
17668.0,0.9049,398.1388,360.27
17669.0,0.9939,1988.4196,1976.27
17670.0,0.3399,547.1098,185.98
17671.0,0.9485,1077.5447,1022.02
17672.0,0.9709,1293.7635,1256.12
17673.0,0.9968,1423.0328,1418.41
17674.0,0.6229,478.526,298.05
17675.0,0.9987,13318.488,13300.88
17676.0,0.9726,945.7432,919.78
17677.0,0.9987,20907.924,20881.43
17678.0,0.4614,605.0558,279.19
17679.0,0.7767,658.0028,511.05
17680.0,0.6825,230.209,157.12
17681.0,0.0582,165.4398,9.62
17682.0,0.9588,1161.4984,1113.7
17683.0,0.1097,306.9078,33.66
17684.0,0.7251,698.1216,506.18
17685.0,0.9919,1883.3514,1868.17
17686.0,0.996,2564.2827,2554.13
17687.0,0.1401,614.6755,86.15
17688.0,0.5739,421.2065,241.74
17689.0,0.1258,192.1896,24.17
17690.0,0.9978,2471.8123,2466.48
17691.0,0.0931,495.2834,46.1
17692.0,0.9228,1113.044,1027.14
17693.0,0.414,310.3344,128.48
17694.0,0.3,473.5544,142.07
17695.0,0.4778,451.6026,215.77
17696.0,0.9991,3083.0427,3080.34
17697.0,0.1137,554.9826,63.1
17698.0,0.28,220.2346,61.66
17699.0,0.0931,558.1554,51.95
17700.0,0.9943,1689.6414,1680.0
17701.0,0.0572,525.4264,30.08
17702.0,0.6639,857.1586,569.1
17703.0,0.4738,647.7244,306.87
17704.0,0.4308,699.3274,301.24
17705.0,0.8188,575.0086,470.81
17706.0,0.9989,3777.9004,3773.58
17707.0,0.8125,95.0151,77.2
17708.0,0.6242,408.9682,255.3
17709.0,0.3108,186.311,57.91
17710.0,0.0292,404.8913,11.83
17711.0,0.1138,223.4288,25.44
17712.0,0.6242,773.4936,482.84
17713.0,0.1164,448.6918,52.23
17714.0,0.4367,398.5624,174.05
17715.0,0.5376,889.1852,478.0
17716.0,0.9977,6687.8423,6672.33
17717.0,0.0779,446.687,34.79
17718.0,0.463,258.8111,119.84
17719.0,0.9946,2938.7861,2922.82
17720.0,0.99,1083.3713,1072.5
17721.0,0.0456,387.0303,17.67
17722.0,0.9254,2119.9985,1961.86
17723.0,0.7727,621.9798,480.62
17724.0,0.572,1007.8178,576.49
17725.0,0.9881,1910.2249,1887.51
17726.0,0.0941,353.8212,33.31
17727.0,0.9203,509.1932,468.6
17728.0,0.7617,1807.0442,1376.36
17729.0,0.0582,595.7824,34.65
17730.0,0.9982,944.5169,942.85
17731.0,0.5661,220.8029,124.99
17732.0,0.0565,529.3282,29.9
17733.0,0.5975,467.5462,279.35
17734.0,0.893,202.2459,180.61
17735.0,0.999,2895.665,2892.76
17736.0,0.7061,298.4018,210.72
17737.0,0.813,283.4478,230.45
17738.0,0.9893,989.6943,979.11
17739.0,0.9976,2162.8804,2157.59
17740.0,0.0301,82.4766,2.48
17741.0,0.0148,108.8487,1.61
17742.0,0.9453,193.3791,182.81
17743.0,0.0891,421.9305,37.61
17744.0,0.9384,1148.5714,1077.84
17745.0,0.2279,477.8588,108.89
17746.0,0.3054,452.3014,138.15
17747.0,0.0594,119.987,7.13
17748.0,0.0135,386.544,5.2
17749.0,0.4403,268.1278,118.07
17750.0,0.9571,390.2156,373.49
17751.0,0.0642,263.3201,16.9
17752.0,0.0109,132.9622,1.45
17753.0,0.2018,166.7465,33.65
17754.0,0.9951,1336.1836,1329.59
17756.0,0.1802,266.1484,47.97
17757.0,0.9984,2572.5195,2568.41
17758.0,0.9954,1305.2981,1299.31
17759.0,0.7599,603.8478,458.87
17760.0,0.8718,255.4573,222.7
17761.0,0.8648,1009.1044,872.64
17762.0,0.0627,158.3204,9.92
17763.0,0.5036,17.4295,8.78
17764.0,0.4583,246.9666,113.18
17765.0,0.6061,268.7986,162.92
17766.0,0.0792,127.8059,10.13
17767.0,0.1686,554.1838,93.46
17768.0,0.788,446.2266,351.61
17769.0,0.9983,2179.616,2175.81
17770.0,0.5567,434.062,241.66
17771.0,0.6201,124.5904,77.26
17772.0,0.4226,137.943,58.29
17773.0,0.0216,415.6091,8.97
17774.0,0.9766,675.6658,659.88
17775.0,0.0201,352.9649,7.08
17776.0,0.0752,206.9248,15.56
17777.0,0.987,393.7798,388.67
17778.0,0.1116,202.6322,22.62
17779.0,0.9198,172.276,158.45
17780.0,0.0461,198.9758,9.17
17781.0,0.1228,195.4967,24.0
17782.0,0.271,340.8505,92.37
17783.0,0.169,208.7283,35.27
17784.0,0.0553,393.7142,21.77
17785.0,0.4595,195.5308,89.85
17786.0,0.4824,234.1304,112.95
17787.0,0.7209,1958.0135,1411.45
17788.0,0.3324,776.322,258.06
17789.0,0.0698,210.9116,14.73
17790.0,0.9939,472.8266,469.94
17791.0,0.2039,222.5457,45.39
17792.0,0.0812,189.0027,15.34
17793.0,0.8803,368.6446,324.53
17794.0,0.0144,86.0862,1.24
17795.0,0.1852,180.0694,33.35
17796.0,0.7525,486.2187,365.89
17797.0,0.9869,412.3209,406.91
17798.0,0.4824,147.2493,71.03
17799.0,0.9997,1388.6157,1388.15
17800.0,0.8267,358.2446,296.14
17801.0,0.0338,245.432,8.3
17802.0,0.9908,739.72,732.94
17803.0,0.0134,172.6468,2.31
17804.0,0.0659,193.3297,12.75
17805.0,0.2021,797.5529,161.21
17806.0,0.9798,1712.0262,1677.38
17807.0,0.0345,184.485,6.36
17808.0,0.0186,45.5677,0.85
17809.0,0.9992,1345.8906,1344.81
17810.0,0.0271,266.2258,7.22
17811.0,0.9948,2751.3132,2736.87
17812.0,0.7888,373.8068,294.88
17813.0,0.9946,1112.9319,1106.88
17814.0,0.212,630.4887,133.69
17815.0,0.2809,709.3249,199.27
17816.0,0.98,28.4056,27.84
17817.0,0.7948,255.1406,202.79
17818.0,0.2574,306.3109,78.86
17819.0,0.9816,1135.2598,1114.37
17820.0,0.0454,179.5044,8.15
17821.0,0.079,332.6322,26.29
17822.0,0.0233,256.8962,5.99
17823.0,0.0706,269.0148,18.98
17824.0,0.5705,765.892,436.91
17825.0,0.0502,126.7725,6.37
17826.0,0.0695,226.2771,15.72
17827.0,0.8767,491.9499,431.28
17828.0,0.8864,931.4609,825.69
17829.0,0.5974,1511.0468,902.77
17830.0,0.6144,191.9846,117.96
17831.0,0.6922,877.4547,607.41
17832.0,0.4848,810.3948,392.92
17833.0,0.0907,483.5952,43.85
17834.0,0.0261,96.7962,2.52
17835.0,0.6837,516.8214,353.34
17836.0,0.0519,412.3516,21.4
17837.0,0.9444,379.6032,358.5
17838.0,0.9851,2451.0527,2414.51
17839.0,0.4477,499.1328,223.45
17840.0,0.0097,134.3562,1.3
17841.0,0.9995,25795.43,25781.74
17842.0,0.0529,816.7041,43.17
17843.0,0.25,181.3291,45.34
17844.0,0.4806,281.15,135.11
17845.0,0.1501,182.0795,27.34
17846.0,0.0033,1219.9315,4.07
17847.0,0.0061,82.9273,0.51
17848.0,0.9812,256.7012,251.89
17849.0,0.2715,270.0992,73.33
17850.0,0.0593,11177.588,662.38
17851.0,0.0252,82.708,2.09
17852.0,0.6584,140.9505,92.8
17853.0,0.1237,414.0328,51.24
17854.0,0.5009,312.0644,156.31
17855.0,0.3076,259.262,79.76
17856.0,0.8564,360.1284,308.41
17857.0,0.9982,11710.194,11688.78
17858.0,0.9979,2865.9397,2859.97
17859.0,0.084,244.8859,20.56
17860.0,0.2895,396.6546,114.85
17861.0,0.9996,2229.8052,2228.85
17862.0,0.3685,401.8684,148.1
17863.0,0.9878,1460.199,1442.37
17864.0,0.6025,796.0446,479.59
17865.0,0.9926,9524.766,9454.72
17866.0,0.7156,1228.6875,879.29
17867.0,0.874,356.3351,311.45
17868.0,0.0882,221.931,19.57
17869.0,0.8559,352.346,301.56
17870.0,0.9877,748.7144,739.47
17871.0,0.6686,503.1234,336.41
17872.0,0.0453,291.2904,13.19
17873.0,0.9977,1840.6617,1836.51
17874.0,0.2618,203.7678,53.34
17875.0,0.1326,181.7755,24.11
17876.0,0.0272,1310.5627,35.62
17877.0,0.2904,212.1201,61.61
17878.0,0.3025,651.443,197.09
17879.0,0.0874,229.5202,20.05
17880.0,0.2053,537.2281,110.28
17881.0,0.1657,326.5011,54.12
17882.0,0.1749,89.8107,15.71
17883.0,0.6361,358.4138,228.0
17884.0,0.9971,600.6092,598.88
17885.0,0.6554,529.2772,346.87
17886.0,0.8717,248.7744,216.86
17887.0,0.1046,222.2204,23.24
17888.0,0.9772,398.1038,389.01
17889.0,0.662,210.6977,139.49
17890.0,0.2574,264.9464,68.19
17891.0,0.2027,256.061,51.89
17892.0,0.3349,184.4787,61.77
17893.0,0.1291,196.1661,25.32
17894.0,0.9358,305.1829,285.6
17895.0,0.1729,447.409,77.37
17896.0,0.7452,478.9172,356.88
17897.0,0.9551,290.9605,277.9
17898.0,0.7318,63.1325,46.2
17899.0,0.0967,213.7471,20.66
17900.0,0.2283,103.3012,23.58
17901.0,0.8705,165.3548,143.94
17902.0,0.1683,331.5318,55.79
17903.0,0.6993,225.6408,157.8
17904.0,0.7694,150.2841,115.63
17905.0,0.8941,780.7152,698.07
17906.0,0.1702,221.6956,37.74
17907.0,0.082,350.2746,28.72
17908.0,0.1396,270.077,37.71
17909.0,0.0217,261.0737,5.68
17910.0,0.0756,582.0202,43.99
17911.0,0.7688,277.2052,213.12
17912.0,0.0972,187.3612,18.21
17913.0,0.9872,701.476,692.52
17914.0,0.9312,64.2139,59.8
17915.0,0.0145,538.0191,7.81
17916.0,0.0209,166.2995,3.48
17917.0,0.5112,232.3222,118.77
17918.0,0.1098,137.8806,15.13
17919.0,0.633,1089.7178,689.83
17920.0,0.9988,6046.979,6039.85
17921.0,0.9542,438.1398,418.06
17922.0,0.102,433.2468,44.21
17923.0,0.11,131.9563,14.51
17924.0,0.8486,1265.6027,1073.98
17925.0,0.3172,397.2413,126.0
17926.0,0.5581,634.861,354.29
17927.0,0.0574,424.7383,24.36
17928.0,0.3486,330.2777,115.14
17929.0,0.9633,1597.0786,1538.44
17930.0,0.9949,1748.833,1739.92
17931.0,0.8336,501.5504,418.11
17932.0,0.8989,752.1678,676.14
17933.0,0.0431,266.9066,11.5
17934.0,0.6898,614.4978,423.86
17935.0,0.7102,79.5193,56.48
17936.0,0.9392,135.6556,127.41
17937.0,0.9862,1460.4825,1440.3
17938.0,0.1628,294.5226,47.96
17939.0,0.1343,377.1058,50.65
17940.0,0.9585,1221.5879,1170.84
17941.0,0.7528,614.0514,462.27
17942.0,0.6055,250.4504,151.65
17944.0,0.1089,191.9995,20.92
17945.0,0.0251,183.4049,4.6
17946.0,0.3364,41.4911,13.96
17947.0,0.5149,607.1934,312.62
17948.0,0.0267,606.1448,16.15
17949.0,0.9922,21771.238,21602.14
17950.0,0.8354,504.0236,421.08
17951.0,0.8051,486.1815,391.41
17952.0,0.1343,451.7906,60.66
17953.0,0.0557,277.1956,15.43
17954.0,0.9996,996.0509,995.61
17955.0,0.6122,255.7286,156.55
17956.0,0.0051,401.5819,2.06
17957.0,0.0691,1017.1059,70.24
17958.0,0.1603,679.312,108.87
17959.0,0.2775,286.3079,79.44
17960.0,0.5854,45.0483,26.37
17961.0,0.9977,605.086,603.67
17962.0,0.6532,221.4214,144.63
17963.0,0.2573,177.0976,45.56
17964.0,0.8354,419.7952,350.69
17965.0,0.9994,2343.6826,2342.23
17966.0,0.9947,300.2915,298.7
17967.0,0.1406,149.4125,21.0
17968.0,0.3606,358.7955,129.38
17969.0,0.9194,278.8761,256.41
17970.0,0.253,457.0319,115.62
17971.0,0.0833,374.3716,31.18
17972.0,0.119,371.5899,44.22
17973.0,0.7761,760.937,590.59
17974.0,0.9417,888.424,836.61
17975.0,0.9626,2517.9954,2423.73
17976.0,0.3555,488.1926,173.56
17977.0,0.4021,638.7864,256.86
17978.0,0.1278,283.554,36.23
17979.0,0.95,466.0506,442.75
17980.0,0.4637,649.1062,300.98
17981.0,0.0052,487.2401,2.52
17982.0,0.0846,300.1122,25.39
17983.0,0.1121,211.9214,23.75
17984.0,0.8319,297.1662,247.22
17985.0,0.5181,649.5152,336.52
17986.0,0.4247,1242.1211,527.49
17987.0,0.5658,221.1645,125.14
17988.0,0.9298,111.0916,103.29
17989.0,0.042,406.7633,17.09
17990.0,0.3575,388.927,139.05
17991.0,0.6645,86.0213,57.16
17992.0,0.1086,368.0336,39.98
17993.0,0.0577,254.7443,14.71
17994.0,0.9829,449.1424,441.47
17995.0,0.068,183.9238,12.5
17996.0,0.3718,277.7654,103.27
17997.0,0.9112,599.1271,545.91
17998.0,0.3262,328.1335,107.05
17999.0,0.6438,715.9732,460.96
18000.0,0.0979,227.4333,22.26
18001.0,0.3226,253.0258,81.63
18002.0,0.052,132.0675,6.86
18003.0,0.364,252.5936,91.95
18004.0,0.0465,152.9521,7.11
18005.0,0.9519,342.1453,325.69
18006.0,0.9185,310.6502,285.33
18007.0,0.0394,372.1144,14.65
18008.0,0.9959,2135.635,2126.95
18009.0,0.3387,239.9824,81.29
18010.0,0.0521,175.9993,9.17
18011.0,0.0866,280.9552,24.34
18012.0,0.0367,266.9066,9.8
18013.0,0.5694,157.3026,89.56
18014.0,0.5634,214.0722,120.62
18015.0,0.7237,342.0087,247.51
18016.0,0.9267,663.5082,614.88
18017.0,0.7418,276.2523,204.92
18018.0,0.7716,112.3137,86.66
18019.0,0.5084,958.8389,487.51
18020.0,0.1014,353.6191,35.86
18021.0,0.0404,166.9974,6.75
18022.0,0.9403,427.4067,401.87
18024.0,0.627,369.6106,231.75
18025.0,0.1698,409.9332,69.62
18026.0,0.0394,448.737,17.7
18027.0,0.3941,279.4946,110.16
18028.0,0.1868,178.0949,33.26
18029.0,0.0661,641.0483,42.37
18030.0,0.9264,290.2744,268.92
18031.0,0.4115,257.6206,106.02
18032.0,0.0435,163.2156,7.1
18033.0,0.0979,383.4284,37.52
18034.0,0.8998,475.4698,427.84
18035.0,0.9222,647.7804,597.38
18036.0,0.9587,185.2998,177.65
18037.0,0.8847,26.3555,23.32
18038.0,0.0886,217.7777,19.28
18039.0,0.1818,221.0854,40.2
18040.0,0.4494,115.2022,51.77
18041.0,0.9989,2585.6873,2582.92
18042.0,0.4765,155.376,74.03
18043.0,0.9221,337.5816,311.28
18044.0,0.9788,857.8643,839.69
18045.0,0.3524,795.4302,280.32
18046.0,0.0379,246.1702,9.32
18047.0,0.1665,135.0671,22.49
18048.0,0.3535,132.5121,46.84
18049.0,0.1615,413.399,66.76
18050.0,0.0641,364.44,23.34
18051.0,0.0471,301.57,14.22
18052.0,0.0931,2410.4832,224.47
18053.0,0.576,290.3125,167.21
18054.0,0.0833,132.0511,11.0
18055.0,0.9972,5166.5835,5151.97
18056.0,0.0496,812.753,40.31
18057.0,0.1952,224.7129,43.86
18058.0,0.7094,578.3822,410.29
18059.0,0.6944,177.845,123.49
18060.0,0.1017,336.6333,34.24
18061.0,0.999,1672.3503,1670.72
18062.0,0.5219,242.3964,126.51
18063.0,0.1218,68.6701,8.37
18064.0,0.9561,1373.4089,1313.14
18065.0,0.9878,1147.7987,1133.79
18066.0,0.699,283.9298,198.48
18067.0,0.7059,841.8699,594.25
18068.0,0.0524,162.128,8.49
18069.0,0.9983,1094.3663,1092.51
18070.0,0.0339,431.363,14.63
18071.0,0.8203,668.7526,548.61
18072.0,0.167,234.7997,39.21
18073.0,0.9481,901.834,855.02
18074.0,0.2033,1075.9331,218.69
18075.0,0.9942,1914.4298,1903.27
18076.0,0.1115,184.2008,20.55
18077.0,0.9944,1454.9701,1446.82
18078.0,0.4921,229.8388,113.11
18079.0,0.8515,2186.0974,1861.4
18080.0,0.5984,618.9964,370.43
18081.0,0.666,548.4988,365.33
18082.0,0.9834,251.2575,247.1
18083.0,0.4846,616.4774,298.72
18084.0,0.3423,290.4218,99.4
18085.0,0.1665,937.4058,156.03
18086.0,0.1477,191.6455,28.3
18087.0,0.8965,2026.1982,1816.49
18088.0,0.4309,333.7709,143.81
18089.0,0.0115,424.4972,4.88
18090.0,0.0315,493.8812,15.56
18091.0,0.047,561.5894,26.38
18092.0,0.9863,3550.7395,3502.27
18093.0,0.9266,1163.3019,1077.9
18094.0,0.9912,963.087,954.59
18095.0,0.1027,1073.8759,110.27
18096.0,0.7404,641.785,475.15
18097.0,0.9843,1066.6793,1049.94
18098.0,0.4582,251.5686,115.27
18099.0,0.2527,123.5305,31.22
18100.0,0.0832,964.2424,80.24
18101.0,0.5174,63.7503,32.98
18102.0,0.9991,171416.11,171269.81
18103.0,0.0176,300.2503,5.3
18104.0,0.7555,988.098,746.48
18105.0,0.325,701.7829,228.09
18106.0,0.258,332.5423,85.79
18107.0,0.0074,133.7768,0.99
18108.0,0.0747,283.9754,21.2
18109.0,0.9657,3541.025,3419.46
18110.0,0.7495,410.9788,308.03
18111.0,0.0353,624.5144,22.01
18112.0,0.4149,147.4997,61.2
18113.0,0.1606,171.5401,27.54
18114.0,0.025,250.212,6.25
18115.0,0.0265,241.6588,6.41
18116.0,0.9954,374.185,372.47
18117.0,0.9525,464.6881,442.64
18118.0,0.9974,1608.0673,1603.9
18119.0,0.2152,212.2666,45.69
18120.0,0.1118,369.7628,41.34
18121.0,0.6359,435.5291,276.95
18122.0,0.9558,518.6944,495.75
18123.0,0.7998,404.1285,323.21
18124.0,0.0696,441.476,30.75
18125.0,0.9395,575.1288,540.34
18126.0,0.274,518.1568,142.0
18127.0,0.6667,133.4782,88.99
18128.0,0.1403,308.0782,43.23
18129.0,0.0963,429.4736,41.35
18130.0,0.974,1002.056,976.03
18131.0,0.1958,458.7919,89.83
18132.0,0.0355,466.4381,16.57
18133.0,0.06,468.0768,28.08
18134.0,0.1026,429.0892,44.02
18135.0,0.9417,757.859,713.64
18136.0,0.8564,319.7546,273.85
18137.0,0.0073,93.474,0.69
18138.0,0.3715,216.5283,80.45
18139.0,0.9144,3105.782,2840.02
18140.0,0.1397,382.7397,53.48
18141.0,0.1157,608.4289,70.39
18142.0,0.5687,866.5674,492.85
18143.0,0.5587,653.4419,365.11
18144.0,0.9977,1274.3564,1271.46
18145.0,0.9772,1401.2627,1369.29
18146.0,0.4547,224.0098,101.86
18147.0,0.2722,228.5328,62.21
18148.0,0.0572,266.9066,15.25
18149.0,0.8964,190.2149,170.5
18150.0,0.8194,907.5259,743.61
18151.0,0.6327,405.1366,256.34
18152.0,0.0095,776.5764,7.42
18153.0,0.0886,366.2774,32.46
18154.0,0.2951,333.9595,98.54
18155.0,0.348,180.9266,62.97
18156.0,0.3714,169.3523,62.9
18157.0,0.1046,212.9823,22.28
18158.0,0.8264,684.2396,565.47
18159.0,0.5254,280.8479,147.56
18160.0,0.6047,308.6316,186.62
18161.0,0.9065,466.8129,423.15
18162.0,0.0859,395.7737,33.99
18163.0,0.1363,812.258,110.7
18164.0,0.6953,667.7101,464.23
18165.0,0.288,317.2839,91.38
18166.0,0.2505,182.639,45.76
18167.0,0.772,1132.7712,874.52
18168.0,0.8138,329.1911,267.9
18169.0,0.1468,444.186,65.23
18170.0,0.9679,955.3842,924.69
18171.0,0.9053,919.427,832.35
18172.0,0.9977,5903.594,5890.0
18173.0,0.6695,1009.8484,676.07
18174.0,0.3832,85.4786,32.76
18175.0,0.131,239.3129,31.35
18176.0,0.574,405.1095,232.52
18177.0,0.9903,939.5691,930.47
18178.0,0.8103,896.5881,726.49
18179.0,0.9288,430.7239,400.07
18180.0,0.9274,731.0446,677.95
18181.0,0.912,270.5398,246.74
18182.0,0.0364,312.5039,11.38
18183.0,0.6766,448.2499,303.28
18184.0,0.0636,3906.51,248.34
18185.0,0.1597,510.362,81.5
18186.0,0.0932,374.051,34.86
18187.0,0.2774,484.2646,134.31
18188.0,0.8982,762.5612,684.92
18189.0,0.3327,496.7637,165.28
18190.0,0.4024,188.7799,75.97
18191.0,0.8776,311.7736,273.63
18192.0,0.3597,890.7358,320.4
18193.0,0.3421,717.8498,245.55
18194.0,0.9758,1057.6415,1032.07
18195.0,0.0619,140.1072,8.68
18196.0,0.5134,172.7757,88.7
18197.0,0.1754,378.2717,66.36
18198.0,0.9969,1622.6768,1617.6
18199.0,0.0216,575.0102,12.4
18200.0,0.5045,186.6768,94.18
18201.0,0.0783,580.4363,45.46
18202.0,0.4749,662.8644,314.77
18203.0,0.1074,289.578,31.09
18204.0,0.9831,582.9892,573.14
18205.0,0.7839,467.1492,366.21
18206.0,0.1402,403.9149,56.64
18207.0,0.0869,433.8496,37.68
18208.0,0.0167,539.487,9.02
18209.0,0.2466,313.9207,77.41
18210.0,0.9128,1185.7257,1082.36
18211.0,0.9629,380.4196,366.32
18212.0,0.0571,350.1871,20.0
18213.0,0.3913,313.7114,122.77
18214.0,0.1565,205.3005,32.14
18215.0,0.3902,520.2058,203.0
18216.0,0.7745,1929.8531,1494.61
18217.0,0.8715,222.628,194.01
18218.0,0.6275,763.148,478.84
18219.0,0.9833,974.6774,958.4
18220.0,0.2617,670.0966,175.37
18221.0,0.923,426.7553,393.87
18222.0,0.4311,993.0233,428.14
18223.0,0.999,3974.7231,3970.81
18224.0,0.0663,212.0216,14.07
18225.0,0.9975,4301.6616,4290.94
18226.0,0.9955,2809.806,2797.05
18227.0,0.1599,210.5278,33.67
18228.0,0.6563,692.354,454.42
18229.0,0.9983,2002.765,1999.34
18230.0,0.9919,1809.7266,1795.13
18231.0,0.7988,464.3736,370.92
18232.0,0.4106,644.05,264.47
18233.0,0.0036,378.3388,1.36
18234.0,0.1515,349.8749,53.01
18235.0,0.9504,1035.855,984.5
18236.0,0.9032,313.8166,283.44
18237.0,0.7883,237.1174,186.92
18238.0,0.1438,505.1383,72.63
18239.0,0.3961,1269.1287,502.69
18240.0,0.46,597.4557,274.85
18241.0,0.9397,1029.9276,967.86
18242.0,0.9001,972.4045,875.22
18243.0,0.2049,674.3694,138.17
18244.0,0.0924,385.5302,35.61
18245.0,0.9994,2314.26,2312.92
18246.0,0.811,401.908,325.93
18247.0,0.0814,447.8606,36.47
18248.0,0.4827,252.5581,121.92
18249.0,0.3525,227.7337,80.28
18250.0,0.0553,423.2729,23.42
18251.0,0.9919,3156.8562,3131.29
18252.0,0.8136,221.2975,180.05
18253.0,0.0398,360.382,14.33
18254.0,0.0679,371.4361,25.22
18255.0,0.1448,299.2676,43.35
18256.0,0.0375,165.8916,6.22
18257.0,0.9547,968.7691,924.87
18258.0,0.0173,353.2179,6.1
18259.0,0.9671,800.816,774.45
18260.0,0.748,621.0008,464.52
18261.0,0.7529,528.3679,397.79
18262.0,0.2254,347.7151,78.37
18263.0,0.9142,375.2074,343.0
18264.0,0.2031,564.9759,114.75
18265.0,0.5548,245.6044,136.26
18266.0,0.1151,385.4958,44.35
18267.0,0.2113,459.3373,97.07
18268.0,0.5391,530.4796,285.98
18269.0,0.1924,292.3247,56.24
18270.0,0.6527,331.382,216.31
18271.0,0.1232,358.151,44.11
18272.0,0.9933,1710.732,1699.21
18273.0,0.8177,39.687,32.45
18274.0,0.6812,389.1694,265.12
18275.0,0.1261,557.5436,70.32
18276.0,0.5401,401.9962,217.13
18277.0,0.6651,427.3338,284.22
18278.0,0.2561,302.2301,77.39
18279.0,0.0679,558.8122,37.92
18280.0,0.1192,377.648,45.03
18281.0,0.1964,67.5177,13.26
18282.0,0.3829,306.763,117.46
18283.0,0.9842,1148.1017,1129.98
18284.0,0.3824,742.6875,284.01
18285.0,0.0309,822.8648,25.39
18286.0,0.1249,924.4445,115.5
18287.0,0.9562,1314.3588,1256.73
